{
    "fold": 8,
    "best_epoch": 3,
    "train_loss": 0.11705000487252556,
    "val_loss": 1.5528078075731173,
    "test_loss": 1.3954989622985379,
    "train_accuracy": 96.0514965927715,
    "val_accuracy": 70.6641753015118,
    "test_accuracy": 72.53931790068917,
    "classification_report": {
        "air_conditioner": {
            "precision": 0.5112359550561798,
            "recall": 0.2026726057906459,
            "f1-score": 0.2902711323763955,
            "support": 449.0
        },
        "ambulance": {
            "precision": 0.8166666666666667,
            "recall": 0.9821826280623608,
            "f1-score": 0.8918099089989889,
            "support": 449.0
        },
        "car_horn": {
            "precision": 0.6091370558375635,
            "recall": 1.0,
            "f1-score": 0.7570977917981072,
            "support": 360.0
        },
        "children_playing": {
            "precision": 0.8729508196721312,
            "recall": 0.47438752783964366,
            "f1-score": 0.6147186147186147,
            "support": 449.0
        },
        "dog_bark": {
            "precision": 0.7524557956777996,
            "recall": 0.8530066815144766,
            "f1-score": 0.7995824634655533,
            "support": 449.0
        },
        "drilling": {
            "precision": 0.671264367816092,
            "recall": 0.6503340757238307,
            "f1-score": 0.6606334841628959,
            "support": 449.0
        },
        "engine_idling": {
            "precision": 0.3914174252275683,
            "recall": 0.6703786191536748,
            "f1-score": 0.4942528735632184,
            "support": 449.0
        },
        "firetruck": {
            "precision": 0.8995433789954338,
            "recall": 0.8775055679287305,
            "f1-score": 0.8883878241262683,
            "support": 449.0
        },
        "gun_shot": {
            "precision": 0.8876712328767123,
            "recall": 0.9,
            "f1-score": 0.8937931034482759,
            "support": 360.0
        },
        "jackhammer": {
            "precision": 0.7907801418439716,
            "recall": 0.49665924276169265,
            "f1-score": 0.6101231190150479,
            "support": 449.0
        },
        "police": {
            "precision": 0.979746835443038,
            "recall": 0.8619153674832962,
            "f1-score": 0.9170616113744076,
            "support": 449.0
        },
        "street_music": {
            "precision": 0.5407725321888412,
            "recall": 0.5612472160356348,
            "f1-score": 0.5508196721311476,
            "support": 449.0
        },
        "traffic": {
            "precision": 0.9932885906040269,
            "recall": 0.9888641425389755,
            "f1-score": 0.9910714285714286,
            "support": 449.0
        },
        "accuracy": 0.7253931790068917,
        "macro avg": {
            "precision": 0.7474562152235406,
            "recall": 0.7322425903717663,
            "f1-score": 0.7199710021346424,
            "support": 5659.0
        },
        "weighted avg": {
            "precision": 0.7474263987567124,
            "recall": 0.7253931790068917,
            "f1-score": 0.7166533751162713,
            "support": 5659.0
        }
    },
    "paths": {
        "best_model": "output/convnext/fold_8/checkpoint_epoch_3.pth",
        "confusion_matrix": "output/convnext/fold_8/plots/confusion_matrix.png",
        "roc_curves": "output/convnext/fold_8/plots/roc_curves.png",
        "classification_report": "output/convnext/fold_8/classification_report.json",
        "grad_cam_dir": "output/convnext/fold_8/grad_cam"
    }
}