{
    "air_conditioner": {
        "precision": 0.47085201793721976,
        "recall": 0.46770601336302897,
        "f1-score": 0.4692737430167598,
        "support": 449.0
    },
    "ambulance": {
        "precision": 0.8072727272727273,
        "recall": 0.9888641425389755,
        "f1-score": 0.8888888888888888,
        "support": 449.0
    },
    "car_horn": {
        "precision": 0.8417721518987342,
        "recall": 0.5924276169265034,
        "f1-score": 0.6954248366013072,
        "support": 449.0
    },
    "children_playing": {
        "precision": 0.8490990990990991,
        "recall": 0.8396436525612472,
        "f1-score": 0.8443449048152296,
        "support": 449.0
    },
    "dog_bark": {
        "precision": 0.75,
        "recall": 0.9621380846325167,
        "f1-score": 0.8429268292682927,
        "support": 449.0
    },
    "drilling": {
        "precision": 0.7361111111111112,
        "recall": 0.5902004454342984,
        "f1-score": 0.6551297898640297,
        "support": 449.0
    },
    "engine_idling": {
        "precision": 0.3788546255506608,
        "recall": 0.5746102449888641,
        "f1-score": 0.45663716814159294,
        "support": 449.0
    },
    "firetruck": {
        "precision": 0.976063829787234,
        "recall": 0.8173719376391982,
        "f1-score": 0.8896969696969697,
        "support": 449.0
    },
    "gun_shot": {
        "precision": 0.9798994974874372,
        "recall": 0.9285714285714286,
        "f1-score": 0.9535452322738386,
        "support": 420.0
    },
    "jackhammer": {
        "precision": 0.3937007874015748,
        "recall": 0.111358574610245,
        "f1-score": 0.1736111111111111,
        "support": 449.0
    },
    "police": {
        "precision": 0.9441860465116279,
        "recall": 0.9042316258351893,
        "f1-score": 0.9237770193401593,
        "support": 449.0
    },
    "street_music": {
        "precision": 0.614329268292683,
        "recall": 0.8975501113585747,
        "f1-score": 0.7294117647058823,
        "support": 449.0
    },
    "traffic": {
        "precision": 0.9888392857142857,
        "recall": 0.9866369710467706,
        "f1-score": 0.987736900780379,
        "support": 449.0
    },
    "accuracy": 0.7422520661157025,
    "macro avg": {
        "precision": 0.7485369575434151,
        "recall": 0.7431777576543723,
        "f1-score": 0.7315696275772645,
        "support": 5808.0
    },
    "weighted avg": {
        "precision": 0.7473817382496173,
        "recall": 0.7422520661157025,
        "f1-score": 0.7304612783113898,
        "support": 5808.0
    }
}