{
    "air_conditioner": {
        "precision": 0.5992063492063492,
        "recall": 0.6726057906458798,
        "f1-score": 0.633788037775446,
        "support": 449.0
    },
    "ambulance": {
        "precision": 0.9434782608695652,
        "recall": 0.9665924276169265,
        "f1-score": 0.9548954895489549,
        "support": 449.0
    },
    "car_horn": {
        "precision": 0.9323308270676691,
        "recall": 0.96875,
        "f1-score": 0.9501915708812261,
        "support": 384.0
    },
    "children_playing": {
        "precision": 0.9832535885167464,
        "recall": 0.9153674832962138,
        "f1-score": 0.9480968858131488,
        "support": 449.0
    },
    "dog_bark": {
        "precision": 0.905511811023622,
        "recall": 0.7683741648106904,
        "f1-score": 0.8313253012048193,
        "support": 449.0
    },
    "drilling": {
        "precision": 0.8897338403041825,
        "recall": 0.5211581291759465,
        "f1-score": 0.6573033707865169,
        "support": 449.0
    },
    "engine_idling": {
        "precision": 0.6019830028328612,
        "recall": 0.9465478841870824,
        "f1-score": 0.7359307359307359,
        "support": 449.0
    },
    "firetruck": {
        "precision": 1.0,
        "recall": 0.9599109131403119,
        "f1-score": 0.9795454545454545,
        "support": 449.0
    },
    "gun_shot": {
        "precision": 0.9393939393939394,
        "recall": 1.0,
        "f1-score": 0.96875,
        "support": 372.0
    },
    "jackhammer": {
        "precision": 0.6525974025974026,
        "recall": 0.44766146993318484,
        "f1-score": 0.5310435931307794,
        "support": 449.0
    },
    "police": {
        "precision": 0.9457700650759219,
        "recall": 0.9710467706013363,
        "f1-score": 0.9582417582417583,
        "support": 449.0
    },
    "street_music": {
        "precision": 0.7950191570881227,
        "recall": 0.9242761692650334,
        "f1-score": 0.854788877445932,
        "support": 449.0
    },
    "traffic": {
        "precision": 0.9977578475336323,
        "recall": 0.9910913140311804,
        "f1-score": 0.994413407821229,
        "support": 449.0
    },
    "accuracy": 0.8468832309043021,
    "macro avg": {
        "precision": 0.8604643147315395,
        "recall": 0.850260193592599,
        "f1-score": 0.8460241910096923,
        "support": 5695.0
    },
    "weighted avg": {
        "precision": 0.85857688639074,
        "recall": 0.8468832309043021,
        "f1-score": 0.8431759439536954,
        "support": 5695.0
    }
}