{
    "air_conditioner": {
        "precision": 0.40540540540540543,
        "recall": 0.16703786191536749,
        "f1-score": 0.23659305993690852,
        "support": 449.0
    },
    "ambulance": {
        "precision": 0.9124087591240876,
        "recall": 0.8351893095768375,
        "f1-score": 0.872093023255814,
        "support": 449.0
    },
    "car_horn": {
        "precision": 0.9345549738219895,
        "recall": 0.9916666666666667,
        "f1-score": 0.9622641509433962,
        "support": 360.0
    },
    "children_playing": {
        "precision": 0.7214285714285714,
        "recall": 0.6748329621380846,
        "f1-score": 0.6973532796317606,
        "support": 449.0
    },
    "dog_bark": {
        "precision": 0.7871287128712872,
        "recall": 0.7082405345211581,
        "f1-score": 0.7456037514654161,
        "support": 449.0
    },
    "drilling": {
        "precision": 0.5508474576271186,
        "recall": 0.579064587973274,
        "f1-score": 0.5646036916395223,
        "support": 449.0
    },
    "engine_idling": {
        "precision": 0.5497076023391813,
        "recall": 0.41870824053452116,
        "f1-score": 0.47534766118836913,
        "support": 449.0
    },
    "firetruck": {
        "precision": 0.7951127819548872,
        "recall": 0.9420935412026726,
        "f1-score": 0.8623853211009175,
        "support": 449.0
    },
    "gun_shot": {
        "precision": 0.6870229007633588,
        "recall": 1.0,
        "f1-score": 0.8144796380090498,
        "support": 360.0
    },
    "jackhammer": {
        "precision": 0.6173913043478261,
        "recall": 0.47438752783964366,
        "f1-score": 0.5365239294710328,
        "support": 449.0
    },
    "police": {
        "precision": 0.9241379310344827,
        "recall": 0.8953229398663697,
        "f1-score": 0.9095022624434389,
        "support": 449.0
    },
    "street_music": {
        "precision": 0.3751651254953765,
        "recall": 0.6325167037861915,
        "f1-score": 0.4709784411276949,
        "support": 449.0
    },
    "traffic": {
        "precision": 0.9733333333333334,
        "recall": 0.9755011135857461,
        "f1-score": 0.9744160177975528,
        "support": 449.0
    },
    "accuracy": 0.70613182541085,
    "macro avg": {
        "precision": 0.7102803738113003,
        "recall": 0.7149663068928103,
        "f1-score": 0.7017034021546825,
        "support": 5659.0
    },
    "weighted avg": {
        "precision": 0.7071189452374032,
        "recall": 0.70613182541085,
        "f1-score": 0.6958318715603665,
        "support": 5659.0
    }
}