{
    "fold": 9,
    "best_epoch": 2,
    "train_loss": 0.21914168140738383,
    "val_loss": 1.4870357960187883,
    "test_loss": 1.1134479763692642,
    "train_accuracy": 93.25229791255047,
    "val_accuracy": 70.10072450963068,
    "test_accuracy": 78.94644424934152,
    "classification_report": {
        "air_conditioner": {
            "precision": 0.6987951807228916,
            "recall": 0.38752783964365256,
            "f1-score": 0.498567335243553,
            "support": 449.0
        },
        "ambulance": {
            "precision": 0.8977777777777778,
            "recall": 0.8997772828507795,
            "f1-score": 0.8987764182424917,
            "support": 449.0
        },
        "car_horn": {
            "precision": 0.9809782608695652,
            "recall": 0.9401041666666666,
            "f1-score": 0.9601063829787234,
            "support": 384.0
        },
        "children_playing": {
            "precision": 0.504601226993865,
            "recall": 0.732739420935412,
            "f1-score": 0.59763851044505,
            "support": 449.0
        },
        "dog_bark": {
            "precision": 0.8793565683646113,
            "recall": 0.7305122494432071,
            "f1-score": 0.7980535279805353,
            "support": 449.0
        },
        "drilling": {
            "precision": 0.5740740740740741,
            "recall": 0.4142538975501114,
            "f1-score": 0.48124191461837,
            "support": 449.0
        },
        "engine_idling": {
            "precision": 0.7861163227016885,
            "recall": 0.933184855233853,
            "f1-score": 0.8533604887983707,
            "support": 449.0
        },
        "firetruck": {
            "precision": 0.8525252525252526,
            "recall": 0.9398663697104677,
            "f1-score": 0.8940677966101694,
            "support": 449.0
        },
        "gun_shot": {
            "precision": 0.9538043478260869,
            "recall": 0.9435483870967742,
            "f1-score": 0.9486486486486486,
            "support": 372.0
        },
        "jackhammer": {
            "precision": 0.6435452793834296,
            "recall": 0.7438752783964365,
            "f1-score": 0.6900826446280992,
            "support": 449.0
        },
        "police": {
            "precision": 0.9812206572769953,
            "recall": 0.9309576837416481,
            "f1-score": 0.9554285714285714,
            "support": 449.0
        },
        "street_music": {
            "precision": 0.68389662027833,
            "recall": 0.7661469933184856,
            "f1-score": 0.7226890756302521,
            "support": 449.0
        },
        "traffic": {
            "precision": 0.9793103448275862,
            "recall": 0.9487750556792873,
            "f1-score": 0.9638009049773756,
            "support": 449.0
        },
        "accuracy": 0.7894644424934153,
        "macro avg": {
            "precision": 0.8012309164324735,
            "recall": 0.7931745754051372,
            "f1-score": 0.7894201707869393,
            "support": 5695.0
        },
        "weighted avg": {
            "precision": 0.7971164771689583,
            "recall": 0.7894644424934153,
            "f1-score": 0.7853191705081303,
            "support": 5695.0
        }
    },
    "paths": {
        "best_model": "output/alexnet/fold_9/checkpoint_epoch_2.pth",
        "confusion_matrix": "output/alexnet/fold_9/plots/confusion_matrix.png",
        "roc_curves": "output/alexnet/fold_9/plots/roc_curves.png",
        "classification_report": "output/alexnet/fold_9/classification_report.json",
        "grad_cam_dir": "output/alexnet/fold_9/grad_cam"
    }
}