{
    "fold": 2,
    "best_epoch": 2,
    "train_loss": 0.1243294003465887,
    "val_loss": 1.5792174982180809,
    "test_loss": 2.44774860913623,
    "train_accuracy": 96.17219715451543,
    "val_accuracy": 74.51217406320151,
    "test_accuracy": 69.6797520661157,
    "classification_report": {
        "air_conditioner": {
            "precision": 0.6492146596858639,
            "recall": 0.27616926503340755,
            "f1-score": 0.3875,
            "support": 449.0
        },
        "ambulance": {
            "precision": 0.8857142857142857,
            "recall": 0.9665924276169265,
            "f1-score": 0.9243876464323749,
            "support": 449.0
        },
        "car_horn": {
            "precision": 0.6966580976863753,
            "recall": 0.6035634743875279,
            "f1-score": 0.6467780429594272,
            "support": 449.0
        },
        "children_playing": {
            "precision": 0.46798029556650245,
            "recall": 0.42316258351893093,
            "f1-score": 0.4444444444444444,
            "support": 449.0
        },
        "dog_bark": {
            "precision": 0.9084507042253521,
            "recall": 0.8619153674832962,
            "f1-score": 0.8845714285714286,
            "support": 449.0
        },
        "drilling": {
            "precision": 0.7785467128027682,
            "recall": 0.5011135857461024,
            "f1-score": 0.6097560975609756,
            "support": 449.0
        },
        "engine_idling": {
            "precision": 0.40552486187845305,
            "recall": 0.8173719376391982,
            "f1-score": 0.5420974889217134,
            "support": 449.0
        },
        "firetruck": {
            "precision": 0.9504950495049505,
            "recall": 0.8552338530066815,
            "f1-score": 0.9003516998827668,
            "support": 449.0
        },
        "gun_shot": {
            "precision": 0.8095238095238095,
            "recall": 0.9714285714285714,
            "f1-score": 0.8831168831168831,
            "support": 420.0
        },
        "jackhammer": {
            "precision": 0.3769230769230769,
            "recall": 0.1091314031180401,
            "f1-score": 0.1692573402417962,
            "support": 449.0
        },
        "police": {
            "precision": 0.9249448123620309,
            "recall": 0.933184855233853,
            "f1-score": 0.9290465631929047,
            "support": 449.0
        },
        "street_music": {
            "precision": 0.46132971506105835,
            "recall": 0.7572383073496659,
            "f1-score": 0.5733558178752108,
            "support": 449.0
        },
        "traffic": {
            "precision": 0.9276859504132231,
            "recall": 1.0,
            "f1-score": 0.962486602357985,
            "support": 449.0
        },
        "accuracy": 0.6967975206611571,
        "macro avg": {
            "precision": 0.71099938702675,
            "recall": 0.6981619716586309,
            "f1-score": 0.6813192350429161,
            "support": 5808.0
        },
        "weighted avg": {
            "precision": 0.7105074434571195,
            "recall": 0.6967975206611571,
            "f1-score": 0.6803116365935111,
            "support": 5808.0
        }
    },
    "paths": {
        "best_model": "output/vgg16/fold_2/checkpoint_epoch_2.pth",
        "confusion_matrix": "output/vgg16/fold_2/plots/confusion_matrix.png",
        "roc_curves": "output/vgg16/fold_2/plots/roc_curves.png",
        "classification_report": "output/vgg16/fold_2/classification_report.json",
        "grad_cam_dir": "output/vgg16/fold_2/grad_cam"
    }
}