{
    "air_conditioner": {
        "precision": 0.6243654822335025,
        "recall": 0.2739420935412027,
        "f1-score": 0.38080495356037153,
        "support": 449.0
    },
    "ambulance": {
        "precision": 0.9523809523809523,
        "recall": 0.9799554565701559,
        "f1-score": 0.9659714599341384,
        "support": 449.0
    },
    "car_horn": {
        "precision": 0.9635535307517085,
        "recall": 0.9420935412026726,
        "f1-score": 0.9527027027027027,
        "support": 449.0
    },
    "children_playing": {
        "precision": 0.7952127659574468,
        "recall": 0.6659242761692651,
        "f1-score": 0.7248484848484849,
        "support": 449.0
    },
    "dog_bark": {
        "precision": 0.680952380952381,
        "recall": 0.955456570155902,
        "f1-score": 0.7951807228915663,
        "support": 449.0
    },
    "drilling": {
        "precision": 0.5801033591731266,
        "recall": 1.0,
        "f1-score": 0.7342600163532298,
        "support": 449.0
    },
    "engine_idling": {
        "precision": 0.5441176470588235,
        "recall": 0.41202672605790647,
        "f1-score": 0.46894803548795944,
        "support": 449.0
    },
    "firetruck": {
        "precision": 0.9750566893424036,
        "recall": 0.9576837416481069,
        "f1-score": 0.9662921348314607,
        "support": 449.0
    },
    "gun_shot": {
        "precision": 0.895397489539749,
        "recall": 0.9907407407407407,
        "f1-score": 0.9406593406593406,
        "support": 432.0
    },
    "jackhammer": {
        "precision": 0.5015105740181269,
        "recall": 0.36971046770601335,
        "f1-score": 0.4256410256410256,
        "support": 449.0
    },
    "police": {
        "precision": 0.9933333333333333,
        "recall": 0.9955456570155902,
        "f1-score": 0.9944382647385984,
        "support": 449.0
    },
    "street_music": {
        "precision": 0.7300884955752213,
        "recall": 0.734966592427617,
        "f1-score": 0.732519422863485,
        "support": 449.0
    },
    "traffic": {
        "precision": 0.9977777777777778,
        "recall": 1.0,
        "f1-score": 0.9988876529477196,
        "support": 449.0
    },
    "accuracy": 0.7900343642611684,
    "macro avg": {
        "precision": 0.787219267545735,
        "recall": 0.7906189125565516,
        "f1-score": 0.7754734013430832,
        "support": 5820.0
    },
    "weighted avg": {
        "precision": 0.7869032830485015,
        "recall": 0.7900343642611684,
        "f1-score": 0.7749908994584827,
        "support": 5820.0
    }
}