{
    "air_conditioner": {
        "precision": 0.7352185089974294,
        "recall": 0.6369710467706013,
        "f1-score": 0.6825775656324582,
        "support": 449.0
    },
    "ambulance": {
        "precision": 0.9104803493449781,
        "recall": 0.9287305122494433,
        "f1-score": 0.9195148842337376,
        "support": 449.0
    },
    "car_horn": {
        "precision": 0.8645533141210374,
        "recall": 0.8928571428571429,
        "f1-score": 0.8784773060029283,
        "support": 336.0
    },
    "children_playing": {
        "precision": 0.6302681992337165,
        "recall": 0.732739420935412,
        "f1-score": 0.6776519052523172,
        "support": 449.0
    },
    "dog_bark": {
        "precision": 0.7280701754385965,
        "recall": 0.7394209354120267,
        "f1-score": 0.7337016574585635,
        "support": 449.0
    },
    "drilling": {
        "precision": 0.734006734006734,
        "recall": 0.48552338530066813,
        "f1-score": 0.5844504021447721,
        "support": 449.0
    },
    "engine_idling": {
        "precision": 0.5017482517482518,
        "recall": 0.6391982182628062,
        "f1-score": 0.5621939275220372,
        "support": 449.0
    },
    "firetruck": {
        "precision": 0.8816067653276956,
        "recall": 0.9287305122494433,
        "f1-score": 0.9045553145336226,
        "support": 449.0
    },
    "gun_shot": {
        "precision": 0.8878048780487805,
        "recall": 0.9891304347826086,
        "f1-score": 0.9357326478149101,
        "support": 552.0
    },
    "jackhammer": {
        "precision": 0.6806451612903226,
        "recall": 0.46993318485523383,
        "f1-score": 0.5559947299077734,
        "support": 449.0
    },
    "police": {
        "precision": 0.9321266968325792,
        "recall": 0.9175946547884187,
        "f1-score": 0.9248035914702581,
        "support": 449.0
    },
    "street_music": {
        "precision": 0.6461538461538462,
        "recall": 0.7483296213808464,
        "f1-score": 0.6934984520123839,
        "support": 449.0
    },
    "traffic": {
        "precision": 1.0,
        "recall": 0.9487750556792873,
        "f1-score": 0.9737142857142858,
        "support": 449.0
    },
    "accuracy": 0.775184486013386,
    "macro avg": {
        "precision": 0.7794371446572282,
        "recall": 0.7736872404249184,
        "f1-score": 0.7712974361307728,
        "support": 5827.0
    },
    "weighted avg": {
        "precision": 0.7797020750484964,
        "recall": 0.775184486013386,
        "f1-score": 0.7721255640710359,
        "support": 5827.0
    }
}