{
    "air_conditioner": {
        "precision": 0.9570405727923628,
        "recall": 0.8930957683741648,
        "f1-score": 0.923963133640553,
        "support": 449.0
    },
    "ambulance": {
        "precision": 0.9931506849315068,
        "recall": 0.9688195991091314,
        "f1-score": 0.9808342728297632,
        "support": 449.0
    },
    "car_horn": {
        "precision": 0.7032258064516129,
        "recall": 0.24276169265033407,
        "f1-score": 0.3609271523178808,
        "support": 449.0
    },
    "children_playing": {
        "precision": 0.8867924528301887,
        "recall": 0.8374164810690423,
        "f1-score": 0.861397479954181,
        "support": 449.0
    },
    "dog_bark": {
        "precision": 0.8651162790697674,
        "recall": 0.8285077951002228,
        "f1-score": 0.8464163822525598,
        "support": 449.0
    },
    "drilling": {
        "precision": 0.9191489361702128,
        "recall": 0.9621380846325167,
        "f1-score": 0.940152339499456,
        "support": 449.0
    },
    "engine_idling": {
        "precision": 0.922077922077922,
        "recall": 0.6325167037861915,
        "f1-score": 0.750330250990753,
        "support": 449.0
    },
    "firetruck": {
        "precision": 0.9977116704805492,
        "recall": 0.9710467706013363,
        "f1-score": 0.9841986455981941,
        "support": 449.0
    },
    "gun_shot": {
        "precision": 0.9542743538767395,
        "recall": 1.0,
        "f1-score": 0.9766022380467956,
        "support": 480.0
    },
    "jackhammer": {
        "precision": 0.87279843444227,
        "recall": 0.9933184855233853,
        "f1-score": 0.9291666666666667,
        "support": 449.0
    },
    "police": {
        "precision": 0.991130820399113,
        "recall": 0.9955456570155902,
        "f1-score": 0.9933333333333333,
        "support": 449.0
    },
    "street_music": {
        "precision": 0.5043478260869565,
        "recall": 0.9042316258351893,
        "f1-score": 0.6475279106858054,
        "support": 449.0
    },
    "traffic": {
        "precision": 0.8684719535783365,
        "recall": 1.0,
        "f1-score": 0.9296066252587992,
        "support": 449.0
    },
    "accuracy": 0.864519427402863,
    "macro avg": {
        "precision": 0.8796375163990413,
        "recall": 0.8637998972074695,
        "f1-score": 0.8557274177749802,
        "support": 5868.0
    },
    "weighted avg": {
        "precision": 0.8800318146202084,
        "recall": 0.864519427402863,
        "f1-score": 0.8563659861847324,
        "support": 5868.0
    }
}