{
    "fold": 2,
    "best_epoch": 1,
    "train_loss": 0.13469499562454065,
    "val_loss": 0.7402197901234843,
    "test_loss": 1.4122248068853414,
    "train_accuracy": 95.72745525594249,
    "val_accuracy": 75.2892419271283,
    "test_accuracy": 68.26790633608816,
    "classification_report": {
        "air_conditioner": {
            "precision": 0.4727272727272727,
            "recall": 0.289532293986637,
            "f1-score": 0.35911602209944754,
            "support": 449.0
        },
        "ambulance": {
            "precision": 0.9113924050632911,
            "recall": 0.9621380846325167,
            "f1-score": 0.9360780065005417,
            "support": 449.0
        },
        "car_horn": {
            "precision": 0.599009900990099,
            "recall": 0.5389755011135857,
            "f1-score": 0.567409144196952,
            "support": 449.0
        },
        "children_playing": {
            "precision": 0.7330097087378641,
            "recall": 0.6726057906458798,
            "f1-score": 0.7015098722415796,
            "support": 449.0
        },
        "dog_bark": {
            "precision": 0.6080870917573873,
            "recall": 0.8708240534521158,
            "f1-score": 0.7161172161172161,
            "support": 449.0
        },
        "drilling": {
            "precision": 0.5590778097982709,
            "recall": 0.43207126948775054,
            "f1-score": 0.48743718592964824,
            "support": 449.0
        },
        "engine_idling": {
            "precision": 0.32269503546099293,
            "recall": 0.6080178173719376,
            "f1-score": 0.42162162162162165,
            "support": 449.0
        },
        "firetruck": {
            "precision": 0.9035087719298246,
            "recall": 0.9175946547884187,
            "f1-score": 0.9104972375690608,
            "support": 449.0
        },
        "gun_shot": {
            "precision": 0.9386792452830188,
            "recall": 0.9476190476190476,
            "f1-score": 0.943127962085308,
            "support": 420.0
        },
        "jackhammer": {
            "precision": 0.4846153846153846,
            "recall": 0.1403118040089087,
            "f1-score": 0.21761658031088082,
            "support": 449.0
        },
        "police": {
            "precision": 0.9665071770334929,
            "recall": 0.8997772828507795,
            "f1-score": 0.9319492502883506,
            "support": 449.0
        },
        "street_music": {
            "precision": 0.5207547169811321,
            "recall": 0.6146993318485523,
            "f1-score": 0.5638406537282942,
            "support": 449.0
        },
        "traffic": {
            "precision": 0.9977728285077951,
            "recall": 0.9977728285077951,
            "f1-score": 0.9977728285077951,
            "support": 449.0
        },
        "accuracy": 0.6826790633608816,
        "macro avg": {
            "precision": 0.6936797960681405,
            "recall": 0.6839953661779942,
            "f1-score": 0.6733918139382074,
            "support": 5808.0
        },
        "weighted avg": {
            "precision": 0.6924564861460965,
            "recall": 0.6826790633608816,
            "f1-score": 0.6720449908844426,
            "support": 5808.0
        }
    },
    "paths": {
        "best_model": "output/vgg16/fold_2/checkpoint_epoch_1.pth",
        "confusion_matrix": "output/vgg16/fold_2/plots/confusion_matrix.png",
        "roc_curves": "output/vgg16/fold_2/plots/roc_curves.png",
        "classification_report": "output/vgg16/fold_2/classification_report.json",
        "grad_cam_dir": "output/vgg16/fold_2/grad_cam"
    }
}