{
    "air_conditioner": {
        "precision": 0.8061855670103093,
        "recall": 0.8708240534521158,
        "f1-score": 0.8372591006423983,
        "support": 449.0
    },
    "ambulance": {
        "precision": 0.934322033898305,
        "recall": 0.9821826280623608,
        "f1-score": 0.9576547231270358,
        "support": 449.0
    },
    "car_horn": {
        "precision": 0.8941798941798942,
        "recall": 0.42676767676767674,
        "f1-score": 0.5777777777777777,
        "support": 396.0
    },
    "children_playing": {
        "precision": 0.7642105263157895,
        "recall": 0.8084632516703786,
        "f1-score": 0.7857142857142857,
        "support": 449.0
    },
    "dog_bark": {
        "precision": 0.9462686567164179,
        "recall": 0.7060133630289532,
        "f1-score": 0.8086734693877551,
        "support": 449.0
    },
    "drilling": {
        "precision": 0.4117032392894462,
        "recall": 0.8775055679287305,
        "f1-score": 0.5604551920341394,
        "support": 449.0
    },
    "engine_idling": {
        "precision": 0.6467661691542289,
        "recall": 0.579064587973274,
        "f1-score": 0.6110458284371327,
        "support": 449.0
    },
    "firetruck": {
        "precision": 0.8298279158699808,
        "recall": 0.9665924276169265,
        "f1-score": 0.8930041152263375,
        "support": 449.0
    },
    "gun_shot": {
        "precision": 0.927360774818402,
        "recall": 0.9973958333333334,
        "f1-score": 0.9611041405269761,
        "support": 384.0
    },
    "jackhammer": {
        "precision": 0.15384615384615385,
        "recall": 0.008908685968819599,
        "f1-score": 0.016842105263157894,
        "support": 449.0
    },
    "police": {
        "precision": 0.9841628959276018,
        "recall": 0.9688195991091314,
        "f1-score": 0.9764309764309764,
        "support": 449.0
    },
    "street_music": {
        "precision": 0.5191956124314442,
        "recall": 0.6325167037861915,
        "f1-score": 0.570281124497992,
        "support": 449.0
    },
    "traffic": {
        "precision": 0.9845474613686535,
        "recall": 0.9933184855233853,
        "f1-score": 0.9889135254988913,
        "support": 449.0
    },
    "accuracy": 0.7555516698723553,
    "macro avg": {
        "precision": 0.7540443769866635,
        "recall": 0.7552594510939443,
        "f1-score": 0.7342427972742198,
        "support": 5719.0
    },
    "weighted avg": {
        "precision": 0.7507758425802455,
        "recall": 0.7555516698723553,
        "f1-score": 0.7331143934836764,
        "support": 5719.0
    }
}