{
    "fold": 4,
    "best_epoch": 0,
    "train_loss": 0.73472704920521,
    "val_loss": 1.5077476510320924,
    "test_loss": 1.737079161076785,
    "train_accuracy": 74.42599558957063,
    "val_accuracy": 69.45017182130584,
    "test_accuracy": 66.56399726214921,
    "classification_report": {
        "air_conditioner": {
            "precision": 0.16666666666666666,
            "recall": 0.0066815144766146995,
            "f1-score": 0.01284796573875803,
            "support": 449.0
        },
        "ambulance": {
            "precision": 0.7789855072463768,
            "recall": 0.9576837416481069,
            "f1-score": 0.8591408591408591,
            "support": 449.0
        },
        "car_horn": {
            "precision": 0.8050847457627118,
            "recall": 0.42316258351893093,
            "f1-score": 0.5547445255474452,
            "support": 449.0
        },
        "children_playing": {
            "precision": 0.4166666666666667,
            "recall": 0.6124721603563474,
            "f1-score": 0.49594229035166815,
            "support": 449.0
        },
        "dog_bark": {
            "precision": 0.6129707112970711,
            "recall": 0.6525612472160356,
            "f1-score": 0.6321467098166127,
            "support": 449.0
        },
        "drilling": {
            "precision": 0.4515669515669516,
            "recall": 0.7060133630289532,
            "f1-score": 0.5508253692441355,
            "support": 449.0
        },
        "engine_idling": {
            "precision": 0.4746268656716418,
            "recall": 0.7082405345211581,
            "f1-score": 0.5683646112600537,
            "support": 449.0
        },
        "firetruck": {
            "precision": 0.8438177874186551,
            "recall": 0.8663697104677061,
            "f1-score": 0.8549450549450549,
            "support": 449.0
        },
        "gun_shot": {
            "precision": 0.9952718676122931,
            "recall": 0.9232456140350878,
            "f1-score": 0.9579067121729238,
            "support": 456.0
        },
        "jackhammer": {
            "precision": 0.46774193548387094,
            "recall": 0.4521158129175947,
            "f1-score": 0.45979614949037373,
            "support": 449.0
        },
        "police": {
            "precision": 0.9806094182825484,
            "recall": 0.7884187082405345,
            "f1-score": 0.8740740740740741,
            "support": 449.0
        },
        "street_music": {
            "precision": 0.6604651162790698,
            "recall": 0.6325167037861915,
            "f1-score": 0.646188850967008,
            "support": 449.0
        },
        "traffic": {
            "precision": 0.9856801909307876,
            "recall": 0.9198218262806236,
            "f1-score": 0.9516129032258065,
            "support": 449.0
        },
        "accuracy": 0.6656399726214921,
        "macro avg": {
            "precision": 0.6646272639142548,
            "recall": 0.665331040037991,
            "f1-score": 0.6475796981519056,
            "support": 5844.0
        },
        "weighted avg": {
            "precision": 0.6650233132342216,
            "recall": 0.6656399726214921,
            "f1-score": 0.6479514108654832,
            "support": 5844.0
        }
    },
    "paths": {
        "best_model": "output/vgg16/fold_4/checkpoint_epoch_0.pth",
        "confusion_matrix": "output/vgg16/fold_4/plots/confusion_matrix.png",
        "roc_curves": "output/vgg16/fold_4/plots/roc_curves.png",
        "classification_report": "output/vgg16/fold_4/classification_report.json",
        "grad_cam_dir": "output/vgg16/fold_4/grad_cam"
    }
}