{
    "fold": 7,
    "best_epoch": 4,
    "train_loss": 0.0006982096474933508,
    "val_loss": 0.590566307623901,
    "test_loss": 0.7055993048536394,
    "train_accuracy": 99.99134274088823,
    "val_accuracy": 85.56718723185172,
    "test_accuracy": 85.61236623067776,
    "classification_report": {
        "air_conditioner": {
            "precision": 0.45573294629898403,
            "recall": 0.6993318485523385,
            "f1-score": 0.5518453427065027,
            "support": 449.0
        },
        "ambulance": {
            "precision": 0.903420523138833,
            "recall": 1.0,
            "f1-score": 0.9492600422832981,
            "support": 449.0
        },
        "car_horn": {
            "precision": 1.0,
            "recall": 0.9910714285714286,
            "f1-score": 0.9955156950672646,
            "support": 336.0
        },
        "children_playing": {
            "precision": 0.9241379310344827,
            "recall": 0.8953229398663697,
            "f1-score": 0.9095022624434389,
            "support": 449.0
        },
        "dog_bark": {
            "precision": 1.0,
            "recall": 0.9621380846325167,
            "f1-score": 0.9807037457434733,
            "support": 449.0
        },
        "drilling": {
            "precision": 0.7054263565891473,
            "recall": 0.8106904231625836,
            "f1-score": 0.7544041450777202,
            "support": 449.0
        },
        "engine_idling": {
            "precision": 0.6756756756756757,
            "recall": 0.7238307349665924,
            "f1-score": 0.6989247311827957,
            "support": 449.0
        },
        "firetruck": {
            "precision": 1.0,
            "recall": 1.0,
            "f1-score": 1.0,
            "support": 449.0
        },
        "gun_shot": {
            "precision": 1.0,
            "recall": 1.0,
            "f1-score": 1.0,
            "support": 612.0
        },
        "jackhammer": {
            "precision": 0.4140625,
            "recall": 0.11804008908685969,
            "f1-score": 0.18370883882149047,
            "support": 449.0
        },
        "police": {
            "precision": 1.0,
            "recall": 0.9710467706013363,
            "f1-score": 0.9853107344632769,
            "support": 449.0
        },
        "street_music": {
            "precision": 0.9813953488372092,
            "recall": 0.9398663697104677,
            "f1-score": 0.9601820250284414,
            "support": 449.0
        },
        "traffic": {
            "precision": 1.0,
            "recall": 1.0,
            "f1-score": 1.0,
            "support": 449.0
        },
        "accuracy": 0.8561236623067776,
        "macro avg": {
            "precision": 0.8507577908903332,
            "recall": 0.8547183607038841,
            "f1-score": 0.8437967356013616,
            "support": 5887.0
        },
        "weighted avg": {
            "precision": 0.8520253482974138,
            "recall": 0.8561236623067776,
            "f1-score": 0.8452094907699248,
            "support": 5887.0
        }
    },
    "paths": {
        "best_model": "output/resnet18/fold_7/checkpoint_epoch_4.pth",
        "confusion_matrix": "output/resnet18/fold_7/plots/confusion_matrix.png",
        "roc_curves": "output/resnet18/fold_7/plots/roc_curves.png",
        "classification_report": "output/resnet18/fold_7/classification_report.json",
        "grad_cam_dir": "output/resnet18/fold_7/grad_cam"
    }
}