{
    "fold": 8,
    "best_epoch": 3,
    "train_loss": 0.017481265163890165,
    "val_loss": 0.7590527197787535,
    "test_loss": 0.9120158393453862,
    "train_accuracy": 99.51910635728457,
    "val_accuracy": 87.76966196704603,
    "test_accuracy": 80.17317547269836,
    "classification_report": {
        "air_conditioner": {
            "precision": 0.168141592920354,
            "recall": 0.042316258351893093,
            "f1-score": 0.06761565836298933,
            "support": 449.0
        },
        "ambulance": {
            "precision": 0.9465478841870824,
            "recall": 0.9465478841870824,
            "f1-score": 0.9465478841870824,
            "support": 449.0
        },
        "car_horn": {
            "precision": 0.8771498771498771,
            "recall": 0.9916666666666667,
            "f1-score": 0.9308996088657105,
            "support": 360.0
        },
        "children_playing": {
            "precision": 0.8488063660477454,
            "recall": 0.7126948775055679,
            "f1-score": 0.774818401937046,
            "support": 449.0
        },
        "dog_bark": {
            "precision": 0.7782340862422998,
            "recall": 0.844097995545657,
            "f1-score": 0.8098290598290598,
            "support": 449.0
        },
        "drilling": {
            "precision": 0.7744874715261959,
            "recall": 0.7572383073496659,
            "f1-score": 0.7657657657657657,
            "support": 449.0
        },
        "engine_idling": {
            "precision": 0.5137457044673539,
            "recall": 0.6659242761692651,
            "f1-score": 0.5800193986420951,
            "support": 449.0
        },
        "firetruck": {
            "precision": 0.8530020703933747,
            "recall": 0.9175946547884187,
            "f1-score": 0.8841201716738197,
            "support": 449.0
        },
        "gun_shot": {
            "precision": 0.989010989010989,
            "recall": 1.0,
            "f1-score": 0.994475138121547,
            "support": 360.0
        },
        "jackhammer": {
            "precision": 0.7962264150943397,
            "recall": 0.9398663697104677,
            "f1-score": 0.8621041879468846,
            "support": 449.0
        },
        "police": {
            "precision": 0.9250535331905781,
            "recall": 0.9621380846325167,
            "f1-score": 0.9432314410480349,
            "support": 449.0
        },
        "street_music": {
            "precision": 0.658203125,
            "recall": 0.7505567928730512,
            "f1-score": 0.7013527575442248,
            "support": 449.0
        },
        "traffic": {
            "precision": 0.9688195991091314,
            "recall": 0.9688195991091314,
            "f1-score": 0.9688195991091314,
            "support": 449.0
        },
        "accuracy": 0.8017317547269835,
        "macro avg": {
            "precision": 0.7767252857184095,
            "recall": 0.8076509051453373,
            "f1-score": 0.786892236387184,
            "support": 5659.0
        },
        "weighted avg": {
            "precision": 0.7718072407934333,
            "recall": 0.8017317547269835,
            "f1-score": 0.781362719793272,
            "support": 5659.0
        }
    },
    "paths": {
        "best_model": "output/vgg16/fold_8/checkpoint_epoch_3.pth",
        "confusion_matrix": "output/vgg16/fold_8/plots/confusion_matrix.png",
        "roc_curves": "output/vgg16/fold_8/plots/roc_curves.png",
        "classification_report": "output/vgg16/fold_8/classification_report.json",
        "grad_cam_dir": "output/vgg16/fold_8/grad_cam"
    }
}