{
    "air_conditioner": {
        "precision": 0.6963350785340314,
        "recall": 0.2962138084632517,
        "f1-score": 0.415625,
        "support": 449.0
    },
    "ambulance": {
        "precision": 0.9330543933054394,
        "recall": 0.9933184855233853,
        "f1-score": 0.9622437971952535,
        "support": 449.0
    },
    "car_horn": {
        "precision": 0.8826291079812206,
        "recall": 0.9791666666666666,
        "f1-score": 0.928395061728395,
        "support": 384.0
    },
    "children_playing": {
        "precision": 0.700162074554295,
        "recall": 0.9621380846325167,
        "f1-score": 0.8105065666041276,
        "support": 449.0
    },
    "dog_bark": {
        "precision": 0.8641304347826086,
        "recall": 0.7082405345211581,
        "f1-score": 0.7784577723378213,
        "support": 449.0
    },
    "drilling": {
        "precision": 0.815068493150685,
        "recall": 0.5300668151447662,
        "f1-score": 0.6423751686909581,
        "support": 449.0
    },
    "engine_idling": {
        "precision": 0.5702592087312415,
        "recall": 0.9309576837416481,
        "f1-score": 0.7072758037225042,
        "support": 449.0
    },
    "firetruck": {
        "precision": 0.9781181619256017,
        "recall": 0.9955456570155902,
        "f1-score": 0.9867549668874173,
        "support": 449.0
    },
    "gun_shot": {
        "precision": 0.9945054945054945,
        "recall": 0.9731182795698925,
        "f1-score": 0.9836956521739131,
        "support": 372.0
    },
    "jackhammer": {
        "precision": 0.7890625,
        "recall": 0.8997772828507795,
        "f1-score": 0.8407908428720083,
        "support": 449.0
    },
    "police": {
        "precision": 0.9907192575406032,
        "recall": 0.9510022271714922,
        "f1-score": 0.9704545454545455,
        "support": 449.0
    },
    "street_music": {
        "precision": 0.9523809523809523,
        "recall": 0.8017817371937639,
        "f1-score": 0.8706166868198307,
        "support": 449.0
    },
    "traffic": {
        "precision": 1.0,
        "recall": 0.9977728285077951,
        "f1-score": 0.9988851727982163,
        "support": 449.0
    },
    "accuracy": 0.8444249341527655,
    "macro avg": {
        "precision": 0.8589557813378594,
        "recall": 0.847623083923285,
        "f1-score": 0.8381597720988455,
        "support": 5695.0
    },
    "weighted avg": {
        "precision": 0.85685286752825,
        "recall": 0.8444249341527655,
        "f1-score": 0.835162132662199,
        "support": 5695.0
    }
}