{
    "fold": 5,
    "best_epoch": 1,
    "train_loss": 0.010798996044168058,
    "val_loss": 0.5289038350665183,
    "test_loss": 0.96178839738296,
    "train_accuracy": 99.76193567934901,
    "val_accuracy": 84.59958932238193,
    "test_accuracy": 80.41922290388548,
    "classification_report": {
        "air_conditioner": {
            "precision": 0.8614232209737828,
            "recall": 0.512249443207127,
            "f1-score": 0.6424581005586593,
            "support": 449.0
        },
        "ambulance": {
            "precision": 0.9547511312217195,
            "recall": 0.9398663697104677,
            "f1-score": 0.9472502805836139,
            "support": 449.0
        },
        "car_horn": {
            "precision": 0.8807339449541285,
            "recall": 0.21380846325167038,
            "f1-score": 0.34408602150537637,
            "support": 449.0
        },
        "children_playing": {
            "precision": 0.7423076923076923,
            "recall": 0.8596881959910914,
            "f1-score": 0.7966976264189887,
            "support": 449.0
        },
        "dog_bark": {
            "precision": 0.8480725623582767,
            "recall": 0.8329621380846325,
            "f1-score": 0.8404494382022472,
            "support": 449.0
        },
        "drilling": {
            "precision": 0.7516483516483516,
            "recall": 0.7616926503340757,
            "f1-score": 0.7566371681415929,
            "support": 449.0
        },
        "engine_idling": {
            "precision": 0.711217183770883,
            "recall": 0.6636971046770601,
            "f1-score": 0.6866359447004609,
            "support": 449.0
        },
        "firetruck": {
            "precision": 0.9773755656108597,
            "recall": 0.9621380846325167,
            "f1-score": 0.9696969696969697,
            "support": 449.0
        },
        "gun_shot": {
            "precision": 0.975609756097561,
            "recall": 1.0,
            "f1-score": 0.9876543209876543,
            "support": 480.0
        },
        "jackhammer": {
            "precision": 0.7730496453900709,
            "recall": 0.9710467706013363,
            "f1-score": 0.8608094768015795,
            "support": 449.0
        },
        "police": {
            "precision": 0.9798657718120806,
            "recall": 0.9755011135857461,
            "f1-score": 0.9776785714285714,
            "support": 449.0
        },
        "street_music": {
            "precision": 0.4628099173553719,
            "recall": 0.7483296213808464,
            "f1-score": 0.5719148936170213,
            "support": 449.0
        },
        "traffic": {
            "precision": 0.8253676470588235,
            "recall": 1.0,
            "f1-score": 0.904330312185297,
            "support": 449.0
        },
        "accuracy": 0.8041922290388548,
        "macro avg": {
            "precision": 0.8264794146584311,
            "recall": 0.8031523042658899,
            "f1-score": 0.7912537788329257,
            "support": 5868.0
        },
        "weighted avg": {
            "precision": 0.8272672538855291,
            "recall": 0.8041922290388548,
            "f1-score": 0.7922913413426045,
            "support": 5868.0
        }
    },
    "paths": {
        "best_model": "output/resnet18/fold_5/checkpoint_epoch_1.pth",
        "confusion_matrix": "output/resnet18/fold_5/plots/confusion_matrix.png",
        "roc_curves": "output/resnet18/fold_5/plots/roc_curves.png",
        "classification_report": "output/resnet18/fold_5/classification_report.json",
        "grad_cam_dir": "output/resnet18/fold_5/grad_cam"
    }
}