{
    "fold": 8,
    "best_epoch": 4,
    "train_loss": 0.07402191625635043,
    "val_loss": 0.8597301390323675,
    "test_loss": 1.4630333718695028,
    "train_accuracy": 98.20150090571897,
    "val_accuracy": 82.1640903686088,
    "test_accuracy": 78.45909171231666,
    "classification_report": {
        "air_conditioner": {
            "precision": 0.6711409395973155,
            "recall": 0.22271714922049,
            "f1-score": 0.33444816053511706,
            "support": 449.0
        },
        "ambulance": {
            "precision": 0.9130434782608695,
            "recall": 0.9821826280623608,
            "f1-score": 0.9463519313304721,
            "support": 449.0
        },
        "car_horn": {
            "precision": 0.9916666666666667,
            "recall": 0.9916666666666667,
            "f1-score": 0.9916666666666667,
            "support": 360.0
        },
        "children_playing": {
            "precision": 0.8622448979591837,
            "recall": 0.7527839643652561,
            "f1-score": 0.8038049940546967,
            "support": 449.0
        },
        "dog_bark": {
            "precision": 0.984375,
            "recall": 0.8418708240534521,
            "f1-score": 0.907563025210084,
            "support": 449.0
        },
        "drilling": {
            "precision": 0.8353221957040573,
            "recall": 0.779510022271715,
            "f1-score": 0.8064516129032258,
            "support": 449.0
        },
        "engine_idling": {
            "precision": 0.3935810810810811,
            "recall": 0.5189309576837416,
            "f1-score": 0.44764649375600385,
            "support": 449.0
        },
        "firetruck": {
            "precision": 0.9798657718120806,
            "recall": 0.9755011135857461,
            "f1-score": 0.9776785714285714,
            "support": 449.0
        },
        "gun_shot": {
            "precision": 0.5598755832037325,
            "recall": 1.0,
            "f1-score": 0.7178464606181456,
            "support": 360.0
        },
        "jackhammer": {
            "precision": 0.6308900523560209,
            "recall": 0.5367483296213809,
            "f1-score": 0.5800240673886883,
            "support": 449.0
        },
        "police": {
            "precision": 0.9741176470588235,
            "recall": 0.9220489977728286,
            "f1-score": 0.9473684210526315,
            "support": 449.0
        },
        "street_music": {
            "precision": 0.647495361781076,
            "recall": 0.77728285077951,
            "f1-score": 0.7064777327935222,
            "support": 449.0
        },
        "traffic": {
            "precision": 0.9932432432432432,
            "recall": 0.9821826280623608,
            "f1-score": 0.9876819708846585,
            "support": 449.0
        },
        "accuracy": 0.7845909171231666,
        "macro avg": {
            "precision": 0.80283553220955,
            "recall": 0.7910327793958084,
            "f1-score": 0.7811546237401911,
            "support": 5659.0
        },
        "weighted avg": {
            "precision": 0.8036868247514893,
            "recall": 0.7845909171231666,
            "f1-score": 0.7788395247293067,
            "support": 5659.0
        }
    },
    "paths": {
        "best_model": "output/inception/fold_8/checkpoint_epoch_4.pth",
        "confusion_matrix": "output/inception/fold_8/plots/confusion_matrix.png",
        "roc_curves": "output/inception/fold_8/plots/roc_curves.png",
        "classification_report": "output/inception/fold_8/classification_report.json",
        "grad_cam_dir": "output/inception/fold_8/grad_cam"
    }
}