{
    "fold": 8,
    "best_epoch": 2,
    "train_loss": 0.07384026074268181,
    "val_loss": 0.8494042231253368,
    "test_loss": 1.2245634807120624,
    "train_accuracy": 97.73354610540844,
    "val_accuracy": 79.58213011720741,
    "test_accuracy": 73.26382753136596,
    "classification_report": {
        "air_conditioner": {
            "precision": 0.25308641975308643,
            "recall": 0.09131403118040089,
            "f1-score": 0.1342062193126023,
            "support": 449.0
        },
        "ambulance": {
            "precision": 0.9385964912280702,
            "recall": 0.9532293986636972,
            "f1-score": 0.9458563535911603,
            "support": 449.0
        },
        "car_horn": {
            "precision": 0.925531914893617,
            "recall": 0.9666666666666667,
            "f1-score": 0.9456521739130435,
            "support": 360.0
        },
        "children_playing": {
            "precision": 0.8215297450424929,
            "recall": 0.6458797327394209,
            "f1-score": 0.7231920199501247,
            "support": 449.0
        },
        "dog_bark": {
            "precision": 0.7923728813559322,
            "recall": 0.8329621380846325,
            "f1-score": 0.8121606948968513,
            "support": 449.0
        },
        "drilling": {
            "precision": 0.7731958762886598,
            "recall": 0.6681514476614699,
            "f1-score": 0.7168458781362007,
            "support": 449.0
        },
        "engine_idling": {
            "precision": 0.3224368499257058,
            "recall": 0.48329621380846327,
            "f1-score": 0.3868092691622103,
            "support": 449.0
        },
        "firetruck": {
            "precision": 0.861271676300578,
            "recall": 0.9955456570155902,
            "f1-score": 0.9235537190082644,
            "support": 449.0
        },
        "gun_shot": {
            "precision": 0.7100591715976331,
            "recall": 1.0,
            "f1-score": 0.8304498269896193,
            "support": 360.0
        },
        "jackhammer": {
            "precision": 0.6631016042780749,
            "recall": 0.5523385300668151,
            "f1-score": 0.6026731470230863,
            "support": 449.0
        },
        "police": {
            "precision": 0.9903147699757869,
            "recall": 0.910913140311804,
            "f1-score": 0.9489559164733179,
            "support": 449.0
        },
        "street_music": {
            "precision": 0.46601941747572817,
            "recall": 0.534521158129176,
            "f1-score": 0.4979253112033195,
            "support": 449.0
        },
        "traffic": {
            "precision": 0.9844789356984479,
            "recall": 0.9888641425389755,
            "f1-score": 0.9866666666666667,
            "support": 449.0
        },
        "accuracy": 0.7326382753136597,
        "macro avg": {
            "precision": 0.7309227502933702,
            "recall": 0.7402832505282395,
            "f1-score": 0.7273036304866513,
            "support": 5659.0
        },
        "weighted avg": {
            "precision": 0.7281902256166605,
            "recall": 0.7326382753136597,
            "f1-score": 0.7222474311839985,
            "support": 5659.0
        }
    },
    "paths": {
        "best_model": "output/efficientnet/fold_8/checkpoint_epoch_2.pth",
        "confusion_matrix": "output/efficientnet/fold_8/plots/confusion_matrix.png",
        "roc_curves": "output/efficientnet/fold_8/plots/roc_curves.png",
        "classification_report": "output/efficientnet/fold_8/classification_report.json",
        "grad_cam_dir": "output/efficientnet/fold_8/grad_cam"
    }
}