{
    "air_conditioner": {
        "precision": 0.3801089918256131,
        "recall": 0.621380846325167,
        "f1-score": 0.4716821639898563,
        "support": 449.0
    },
    "ambulance": {
        "precision": 0.7352941176470589,
        "recall": 0.8351893095768375,
        "f1-score": 0.7820646506777894,
        "support": 449.0
    },
    "car_horn": {
        "precision": 0.9372197309417041,
        "recall": 0.6220238095238095,
        "f1-score": 0.7477638640429338,
        "support": 336.0
    },
    "children_playing": {
        "precision": 0.6209016393442623,
        "recall": 0.6748329621380846,
        "f1-score": 0.6467449306296692,
        "support": 449.0
    },
    "dog_bark": {
        "precision": 0.8679706601466992,
        "recall": 0.7906458797327395,
        "f1-score": 0.8275058275058275,
        "support": 449.0
    },
    "drilling": {
        "precision": 0.861878453038674,
        "recall": 0.6948775055679287,
        "f1-score": 0.7694204685573366,
        "support": 449.0
    },
    "engine_idling": {
        "precision": 0.44933078393881454,
        "recall": 0.5233853006681515,
        "f1-score": 0.4835390946502058,
        "support": 449.0
    },
    "firetruck": {
        "precision": 0.6796875,
        "recall": 0.7750556792873051,
        "f1-score": 0.7242455775234131,
        "support": 449.0
    },
    "gun_shot": {
        "precision": 0.9582608695652174,
        "recall": 0.9003267973856209,
        "f1-score": 0.928390901432182,
        "support": 612.0
    },
    "jackhammer": {
        "precision": 0.27488151658767773,
        "recall": 0.1291759465478842,
        "f1-score": 0.17575757575757575,
        "support": 449.0
    },
    "police": {
        "precision": 0.9084158415841584,
        "recall": 0.8173719376391982,
        "f1-score": 0.8604923798358733,
        "support": 449.0
    },
    "street_music": {
        "precision": 0.7692307692307693,
        "recall": 0.779510022271715,
        "f1-score": 0.7743362831858407,
        "support": 449.0
    },
    "traffic": {
        "precision": 0.841995841995842,
        "recall": 0.9020044543429844,
        "f1-score": 0.8709677419354839,
        "support": 449.0
    },
    "accuracy": 0.7044334975369458,
    "macro avg": {
        "precision": 0.7142443627574225,
        "recall": 0.6973677270005714,
        "f1-score": 0.6971470353633836,
        "support": 5887.0
    },
    "weighted avg": {
        "precision": 0.7167207469946988,
        "recall": 0.7044334975369458,
        "f1-score": 0.7025781630223653,
        "support": 5887.0
    }
}