{
    "air_conditioner": {
        "precision": 0.7767584097859327,
        "recall": 0.5657015590200446,
        "f1-score": 0.654639175257732,
        "support": 449.0
    },
    "ambulance": {
        "precision": 0.9977678571428571,
        "recall": 0.9955456570155902,
        "f1-score": 0.9966555183946488,
        "support": 449.0
    },
    "car_horn": {
        "precision": 0.9496221662468514,
        "recall": 0.9817708333333334,
        "f1-score": 0.9654289372599232,
        "support": 384.0
    },
    "children_playing": {
        "precision": 0.8895966029723992,
        "recall": 0.933184855233853,
        "f1-score": 0.9108695652173913,
        "support": 449.0
    },
    "dog_bark": {
        "precision": 0.8808988764044944,
        "recall": 0.8730512249443207,
        "f1-score": 0.8769574944071589,
        "support": 449.0
    },
    "drilling": {
        "precision": 0.9007832898172323,
        "recall": 0.7683741648106904,
        "f1-score": 0.8293269230769231,
        "support": 449.0
    },
    "engine_idling": {
        "precision": 0.7426597582037997,
        "recall": 0.9576837416481069,
        "f1-score": 0.8365758754863813,
        "support": 449.0
    },
    "firetruck": {
        "precision": 1.0,
        "recall": 1.0,
        "f1-score": 1.0,
        "support": 449.0
    },
    "gun_shot": {
        "precision": 1.0,
        "recall": 0.8655913978494624,
        "f1-score": 0.9279538904899135,
        "support": 372.0
    },
    "jackhammer": {
        "precision": 0.9454545454545454,
        "recall": 0.9265033407572383,
        "f1-score": 0.9358830146231721,
        "support": 449.0
    },
    "police": {
        "precision": 0.9977728285077951,
        "recall": 0.9977728285077951,
        "f1-score": 0.9977728285077951,
        "support": 449.0
    },
    "street_music": {
        "precision": 0.7364485981308411,
        "recall": 0.8775055679287305,
        "f1-score": 0.8008130081300813,
        "support": 449.0
    },
    "traffic": {
        "precision": 0.9977777777777778,
        "recall": 1.0,
        "f1-score": 0.9988876529477196,
        "support": 449.0
    },
    "accuracy": 0.9028972783143108,
    "macro avg": {
        "precision": 0.9088877469572713,
        "recall": 0.9032834746960897,
        "f1-score": 0.9024433756768337,
        "support": 5695.0
    },
    "weighted avg": {
        "precision": 0.9071909285660309,
        "recall": 0.9028972783143108,
        "f1-score": 0.9013795703838562,
        "support": 5695.0
    }
}