{
    "fold": 9,
    "best_epoch": 2,
    "train_loss": 0.28869021909597975,
    "val_loss": 0.9015167428159647,
    "test_loss": 0.8177788365171866,
    "train_accuracy": 90.96512327119663,
    "val_accuracy": 74.73051775932143,
    "test_accuracy": 82.44073748902547,
    "classification_report": {
        "air_conditioner": {
            "precision": 0.5501432664756447,
            "recall": 0.42761692650334077,
            "f1-score": 0.48120300751879697,
            "support": 449.0
        },
        "ambulance": {
            "precision": 0.8701825557809331,
            "recall": 0.955456570155902,
            "f1-score": 0.910828025477707,
            "support": 449.0
        },
        "car_horn": {
            "precision": 0.9228723404255319,
            "recall": 0.9036458333333334,
            "f1-score": 0.9131578947368421,
            "support": 384.0
        },
        "children_playing": {
            "precision": 0.6894904458598726,
            "recall": 0.9643652561247216,
            "f1-score": 0.8040854224698236,
            "support": 449.0
        },
        "dog_bark": {
            "precision": 0.7755102040816326,
            "recall": 0.6770601336302895,
            "f1-score": 0.72294887039239,
            "support": 449.0
        },
        "drilling": {
            "precision": 0.7391304347826086,
            "recall": 0.7572383073496659,
            "f1-score": 0.7480748074807481,
            "support": 449.0
        },
        "engine_idling": {
            "precision": 0.916923076923077,
            "recall": 0.6636971046770601,
            "f1-score": 0.7700258397932817,
            "support": 449.0
        },
        "firetruck": {
            "precision": 0.9712230215827338,
            "recall": 0.9020044543429844,
            "f1-score": 0.9353348729792148,
            "support": 449.0
        },
        "gun_shot": {
            "precision": 0.9779005524861878,
            "recall": 0.9516129032258065,
            "f1-score": 0.9645776566757494,
            "support": 372.0
        },
        "jackhammer": {
            "precision": 0.7867494824016563,
            "recall": 0.8463251670378619,
            "f1-score": 0.8154506437768241,
            "support": 449.0
        },
        "police": {
            "precision": 0.9675174013921114,
            "recall": 0.9287305122494433,
            "f1-score": 0.9477272727272728,
            "support": 449.0
        },
        "street_music": {
            "precision": 0.6679389312977099,
            "recall": 0.779510022271715,
            "f1-score": 0.7194244604316546,
            "support": 449.0
        },
        "traffic": {
            "precision": 0.9802197802197802,
            "recall": 0.9933184855233853,
            "f1-score": 0.9867256637168141,
            "support": 449.0
        },
        "accuracy": 0.8244073748902546,
        "macro avg": {
            "precision": 0.8319847302853447,
            "recall": 0.8269678212635007,
            "f1-score": 0.8245818798597784,
            "support": 5695.0
        },
        "weighted avg": {
            "precision": 0.8289745085173768,
            "recall": 0.8244073748902546,
            "f1-score": 0.8216780842879015,
            "support": 5695.0
        }
    },
    "paths": {
        "best_model": "output/alexnet/fold_9/checkpoint_epoch_2.pth",
        "confusion_matrix": "output/alexnet/fold_9/plots/confusion_matrix.png",
        "roc_curves": "output/alexnet/fold_9/plots/roc_curves.png",
        "classification_report": "output/alexnet/fold_9/classification_report.json",
        "grad_cam_dir": "output/alexnet/fold_9/grad_cam"
    }
}