{
    "fold": 10,
    "best_epoch": 2,
    "train_loss": 0.09556546792364903,
    "val_loss": 0.8833255320189718,
    "test_loss": 1.0732908970612092,
    "train_accuracy": 97.54429726475142,
    "val_accuracy": 83.84547848990343,
    "test_accuracy": 79.5593635250918,
    "classification_report": {
        "air_conditioner": {
            "precision": 0.9366197183098591,
            "recall": 0.888641425389755,
            "f1-score": 0.912,
            "support": 449.0
        },
        "ambulance": {
            "precision": 0.9632352941176471,
            "recall": 0.8752783964365256,
            "f1-score": 0.9171528588098017,
            "support": 449.0
        },
        "car_horn": {
            "precision": 0.9468599033816425,
            "recall": 0.494949494949495,
            "f1-score": 0.6500829187396352,
            "support": 396.0
        },
        "children_playing": {
            "precision": 0.5377697841726619,
            "recall": 0.6659242761692651,
            "f1-score": 0.5950248756218905,
            "support": 449.0
        },
        "dog_bark": {
            "precision": 0.7439024390243902,
            "recall": 0.8151447661469933,
            "f1-score": 0.7778958554729012,
            "support": 449.0
        },
        "drilling": {
            "precision": 0.6723044397463002,
            "recall": 0.7082405345211581,
            "f1-score": 0.6898047722342733,
            "support": 449.0
        },
        "engine_idling": {
            "precision": 0.5859106529209622,
            "recall": 0.7594654788418709,
            "f1-score": 0.6614936954413191,
            "support": 449.0
        },
        "firetruck": {
            "precision": 0.9259259259259259,
            "recall": 0.89086859688196,
            "f1-score": 0.9080590238365494,
            "support": 449.0
        },
        "gun_shot": {
            "precision": 0.987012987012987,
            "recall": 0.9895833333333334,
            "f1-score": 0.988296488946684,
            "support": 384.0
        },
        "jackhammer": {
            "precision": 0.9411764705882353,
            "recall": 0.6414253897550112,
            "f1-score": 0.7629139072847683,
            "support": 449.0
        },
        "police": {
            "precision": 0.8264925373134329,
            "recall": 0.9866369710467706,
            "f1-score": 0.899492385786802,
            "support": 449.0
        },
        "street_music": {
            "precision": 0.6690647482014388,
            "recall": 0.621380846325167,
            "f1-score": 0.6443418013856813,
            "support": 449.0
        },
        "traffic": {
            "precision": 0.8977955911823647,
            "recall": 0.9977728285077951,
            "f1-score": 0.9451476793248945,
            "support": 449.0
        },
        "accuracy": 0.795593635250918,
        "macro avg": {
            "precision": 0.8180054224536806,
            "recall": 0.7950240260234692,
            "f1-score": 0.7962850971450155,
            "support": 5719.0
        },
        "weighted avg": {
            "precision": 0.8148904059847986,
            "recall": 0.795593635250918,
            "f1-score": 0.7954576753909285,
            "support": 5719.0
        }
    },
    "paths": {
        "best_model": "output/inception/fold_10/checkpoint_epoch_2.pth",
        "confusion_matrix": "output/inception/fold_10/plots/confusion_matrix.png",
        "roc_curves": "output/inception/fold_10/plots/roc_curves.png",
        "classification_report": "output/inception/fold_10/classification_report.json",
        "grad_cam_dir": "output/inception/fold_10/grad_cam"
    }
}