{
    "fold": 9,
    "best_epoch": 4,
    "train_loss": 0.2799404182594147,
    "val_loss": 1.2362767385601412,
    "test_loss": 1.394145587647564,
    "train_accuracy": 94.48286229705352,
    "val_accuracy": 74.83654355893268,
    "test_accuracy": 82.72168568920105,
    "classification_report": {
        "air_conditioner": {
            "precision": 0.5598086124401914,
            "recall": 0.26057906458797325,
            "f1-score": 0.3556231003039514,
            "support": 449.0
        },
        "ambulance": {
            "precision": 0.9327146171693735,
            "recall": 0.8953229398663697,
            "f1-score": 0.9136363636363637,
            "support": 449.0
        },
        "car_horn": {
            "precision": 0.9296875,
            "recall": 0.9296875,
            "f1-score": 0.9296875,
            "support": 384.0
        },
        "children_playing": {
            "precision": 0.7958333333333333,
            "recall": 0.8507795100222717,
            "f1-score": 0.8223896663078579,
            "support": 449.0
        },
        "dog_bark": {
            "precision": 0.5588723051409619,
            "recall": 0.7505567928730512,
            "f1-score": 0.6406844106463878,
            "support": 449.0
        },
        "drilling": {
            "precision": 0.8302325581395349,
            "recall": 0.7951002227171492,
            "f1-score": 0.8122866894197952,
            "support": 449.0
        },
        "engine_idling": {
            "precision": 0.7333333333333333,
            "recall": 0.8084632516703786,
            "f1-score": 0.7690677966101694,
            "support": 449.0
        },
        "firetruck": {
            "precision": 0.8849372384937239,
            "recall": 0.9420935412026726,
            "f1-score": 0.912621359223301,
            "support": 449.0
        },
        "gun_shot": {
            "precision": 1.0,
            "recall": 0.8145161290322581,
            "f1-score": 0.8977777777777778,
            "support": 372.0
        },
        "jackhammer": {
            "precision": 0.9407744874715261,
            "recall": 0.9198218262806236,
            "f1-score": 0.9301801801801802,
            "support": 449.0
        },
        "police": {
            "precision": 0.9684684684684685,
            "recall": 0.9576837416481069,
            "f1-score": 0.9630459126539753,
            "support": 449.0
        },
        "street_music": {
            "precision": 0.7,
            "recall": 0.8574610244988864,
            "f1-score": 0.7707707707707707,
            "support": 449.0
        },
        "traffic": {
            "precision": 0.9844097995545658,
            "recall": 0.9844097995545658,
            "f1-score": 0.9844097995545658,
            "support": 449.0
        },
        "accuracy": 0.8272168568920105,
        "macro avg": {
            "precision": 0.8322363271957702,
            "recall": 0.8281904110734083,
            "f1-score": 0.8232447174680844,
            "support": 5695.0
        },
        "weighted avg": {
            "precision": 0.8288557953190009,
            "recall": 0.8272168568920105,
            "f1-score": 0.821022096483287,
            "support": 5695.0
        }
    },
    "paths": {
        "best_model": "output/vgg16/fold_9/checkpoint_epoch_4.pth",
        "confusion_matrix": "output/vgg16/fold_9/plots/confusion_matrix.png",
        "roc_curves": "output/vgg16/fold_9/plots/roc_curves.png",
        "classification_report": "output/vgg16/fold_9/classification_report.json",
        "grad_cam_dir": "output/vgg16/fold_9/grad_cam"
    }
}