{
    "air_conditioner": {
        "precision": 0.6396396396396397,
        "recall": 0.15812917594654788,
        "f1-score": 0.25357142857142856,
        "support": 449.0
    },
    "ambulance": {
        "precision": 0.9730337078651685,
        "recall": 0.9643652561247216,
        "f1-score": 0.9686800894854586,
        "support": 449.0
    },
    "car_horn": {
        "precision": 0.8941176470588236,
        "recall": 0.6770601336302895,
        "f1-score": 0.770595690747782,
        "support": 449.0
    },
    "children_playing": {
        "precision": 0.710955710955711,
        "recall": 0.6792873051224945,
        "f1-score": 0.6947608200455581,
        "support": 449.0
    },
    "dog_bark": {
        "precision": 0.8096192384769539,
        "recall": 0.8997772828507795,
        "f1-score": 0.8523206751054853,
        "support": 449.0
    },
    "drilling": {
        "precision": 0.7103274559193955,
        "recall": 0.6280623608017817,
        "f1-score": 0.6666666666666666,
        "support": 449.0
    },
    "engine_idling": {
        "precision": 0.4021164021164021,
        "recall": 0.33853006681514475,
        "f1-score": 0.3675937122128174,
        "support": 449.0
    },
    "firetruck": {
        "precision": 0.9564270152505446,
        "recall": 0.977728285077951,
        "f1-score": 0.9669603524229075,
        "support": 449.0
    },
    "gun_shot": {
        "precision": 0.9951338199513382,
        "recall": 0.9467592592592593,
        "f1-score": 0.970344009489917,
        "support": 432.0
    },
    "jackhammer": {
        "precision": 0.375,
        "recall": 0.35412026726057905,
        "f1-score": 0.3642611683848797,
        "support": 449.0
    },
    "police": {
        "precision": 0.967032967032967,
        "recall": 0.9799554565701559,
        "f1-score": 0.9734513274336283,
        "support": 449.0
    },
    "street_music": {
        "precision": 0.3860887096774194,
        "recall": 0.8530066815144766,
        "f1-score": 0.5315752949340735,
        "support": 449.0
    },
    "traffic": {
        "precision": 0.9270833333333334,
        "recall": 0.9910913140311804,
        "f1-score": 0.9580193756727664,
        "support": 449.0
    },
    "accuracy": 0.7261168384879725,
    "macro avg": {
        "precision": 0.7497365882521306,
        "recall": 0.7267594496157971,
        "f1-score": 0.7183692777825669,
        "support": 5820.0
    },
    "weighted avg": {
        "precision": 0.7490197922145213,
        "recall": 0.7261168384879725,
        "f1-score": 0.7176332691160676,
        "support": 5820.0
    }
}