{
    "air_conditioner": {
        "precision": 0.7164750957854407,
        "recall": 0.41648106904231624,
        "f1-score": 0.5267605633802817,
        "support": 449.0
    },
    "ambulance": {
        "precision": 0.9906759906759907,
        "recall": 0.9465478841870824,
        "f1-score": 0.9681093394077449,
        "support": 449.0
    },
    "car_horn": {
        "precision": 0.9388753056234719,
        "recall": 1.0,
        "f1-score": 0.9684741488020177,
        "support": 384.0
    },
    "children_playing": {
        "precision": 0.955456570155902,
        "recall": 0.955456570155902,
        "f1-score": 0.955456570155902,
        "support": 449.0
    },
    "dog_bark": {
        "precision": 0.6333907056798623,
        "recall": 0.8195991091314031,
        "f1-score": 0.7145631067961165,
        "support": 449.0
    },
    "drilling": {
        "precision": 0.8742857142857143,
        "recall": 0.6815144766146993,
        "f1-score": 0.7659574468085106,
        "support": 449.0
    },
    "engine_idling": {
        "precision": 0.893574297188755,
        "recall": 0.9910913140311804,
        "f1-score": 0.9398099260823654,
        "support": 449.0
    },
    "firetruck": {
        "precision": 0.9977628635346756,
        "recall": 0.9933184855233853,
        "f1-score": 0.9955357142857143,
        "support": 449.0
    },
    "gun_shot": {
        "precision": 1.0,
        "recall": 0.8118279569892473,
        "f1-score": 0.8961424332344213,
        "support": 372.0
    },
    "jackhammer": {
        "precision": 0.7954110898661568,
        "recall": 0.9265033407572383,
        "f1-score": 0.8559670781893004,
        "support": 449.0
    },
    "police": {
        "precision": 0.9490445859872612,
        "recall": 0.9955456570155902,
        "f1-score": 0.9717391304347827,
        "support": 449.0
    },
    "street_music": {
        "precision": 0.7992424242424242,
        "recall": 0.9398663697104677,
        "f1-score": 0.8638689866939611,
        "support": 449.0
    },
    "traffic": {
        "precision": 1.0,
        "recall": 0.9955456570155902,
        "f1-score": 0.9977678571428571,
        "support": 449.0
    },
    "accuracy": 0.8821773485513609,
    "macro avg": {
        "precision": 0.888014972540435,
        "recall": 0.8825613761672386,
        "f1-score": 0.8784732539549212,
        "support": 5695.0
    },
    "weighted avg": {
        "precision": 0.8859203687186994,
        "recall": 0.8821773485513609,
        "f1-score": 0.8772071284115353,
        "support": 5695.0
    }
}