{
    "air_conditioner": {
        "precision": 0.6109979633401222,
        "recall": 0.6681514476614699,
        "f1-score": 0.6382978723404256,
        "support": 449.0
    },
    "ambulance": {
        "precision": 0.7603773584905661,
        "recall": 0.8975501113585747,
        "f1-score": 0.8232890704800817,
        "support": 449.0
    },
    "car_horn": {
        "precision": 0.4782608695652174,
        "recall": 0.1714922048997773,
        "f1-score": 0.25245901639344265,
        "support": 449.0
    },
    "children_playing": {
        "precision": 0.7753623188405797,
        "recall": 0.7149220489977728,
        "f1-score": 0.7439165701042874,
        "support": 449.0
    },
    "dog_bark": {
        "precision": 0.6984815618221258,
        "recall": 0.7171492204899778,
        "f1-score": 0.7076923076923077,
        "support": 449.0
    },
    "drilling": {
        "precision": 0.7866108786610879,
        "recall": 0.41870824053452116,
        "f1-score": 0.5465116279069767,
        "support": 449.0
    },
    "engine_idling": {
        "precision": 0.5790816326530612,
        "recall": 0.5055679287305123,
        "f1-score": 0.539833531510107,
        "support": 449.0
    },
    "firetruck": {
        "precision": 0.8759305210918115,
        "recall": 0.7861915367483296,
        "f1-score": 0.8286384976525821,
        "support": 449.0
    },
    "gun_shot": {
        "precision": 0.8129251700680272,
        "recall": 0.9958333333333333,
        "f1-score": 0.8951310861423221,
        "support": 480.0
    },
    "jackhammer": {
        "precision": 0.7762096774193549,
        "recall": 0.8574610244988864,
        "f1-score": 0.8148148148148148,
        "support": 449.0
    },
    "police": {
        "precision": 0.8810068649885584,
        "recall": 0.8574610244988864,
        "f1-score": 0.8690744920993227,
        "support": 449.0
    },
    "street_music": {
        "precision": 0.46082337317397076,
        "recall": 0.7728285077951003,
        "f1-score": 0.5773710482529119,
        "support": 449.0
    },
    "traffic": {
        "precision": 0.8608349900596421,
        "recall": 0.9643652561247216,
        "f1-score": 0.9096638655462185,
        "support": 449.0
    },
    "accuracy": 0.7189843217450579,
    "macro avg": {
        "precision": 0.7197617830903175,
        "recall": 0.7175139912055281,
        "f1-score": 0.7035918308412155,
        "support": 5868.0
    },
    "weighted avg": {
        "precision": 0.7202539550392453,
        "recall": 0.7189843217450579,
        "f1-score": 0.7046037117059623,
        "support": 5868.0
    }
}