{
    "fold": 4,
    "best_epoch": 0,
    "train_loss": 0.7864528015194098,
    "val_loss": 1.3202142044873064,
    "test_loss": 1.925599586032584,
    "train_accuracy": 71.74298439053919,
    "val_accuracy": 67.97250859106529,
    "test_accuracy": 62.16632443531827,
    "classification_report": {
        "air_conditioner": {
            "precision": 0.3125,
            "recall": 0.044543429844097995,
            "f1-score": 0.07797270955165692,
            "support": 449.0
        },
        "ambulance": {
            "precision": 0.8071833648393195,
            "recall": 0.9510022271714922,
            "f1-score": 0.8732106339468303,
            "support": 449.0
        },
        "car_horn": {
            "precision": 0.6123188405797102,
            "recall": 0.37639198218262804,
            "f1-score": 0.46620689655172415,
            "support": 449.0
        },
        "children_playing": {
            "precision": 0.526595744680851,
            "recall": 0.6614699331848553,
            "f1-score": 0.5863770977295163,
            "support": 449.0
        },
        "dog_bark": {
            "precision": 0.6818181818181818,
            "recall": 0.7015590200445434,
            "f1-score": 0.6915477497255763,
            "support": 449.0
        },
        "drilling": {
            "precision": 0.45278969957081544,
            "recall": 0.46993318485523383,
            "f1-score": 0.46120218579234973,
            "support": 449.0
        },
        "engine_idling": {
            "precision": 0.3288439955106622,
            "recall": 0.6525612472160356,
            "f1-score": 0.4373134328358209,
            "support": 449.0
        },
        "firetruck": {
            "precision": 0.8669724770642202,
            "recall": 0.8418708240534521,
            "f1-score": 0.8542372881355932,
            "support": 449.0
        },
        "gun_shot": {
            "precision": 1.0,
            "recall": 0.6754385964912281,
            "f1-score": 0.806282722513089,
            "support": 456.0
        },
        "jackhammer": {
            "precision": 0.3421828908554572,
            "recall": 0.2583518930957684,
            "f1-score": 0.29441624365482233,
            "support": 449.0
        },
        "police": {
            "precision": 0.976063829787234,
            "recall": 0.8173719376391982,
            "f1-score": 0.8896969696969697,
            "support": 449.0
        },
        "street_music": {
            "precision": 0.43171806167400884,
            "recall": 0.6547884187082406,
            "f1-score": 0.5203539823008849,
            "support": 449.0
        },
        "traffic": {
            "precision": 0.9690265486725663,
            "recall": 0.9755011135857461,
            "f1-score": 0.9722530521642619,
            "support": 449.0
        },
        "accuracy": 0.6216632443531828,
        "macro avg": {
            "precision": 0.6390779719271559,
            "recall": 0.6215987544671169,
            "f1-score": 0.6100823818922382,
            "support": 5844.0
        },
        "weighted avg": {
            "precision": 0.6395102878403163,
            "recall": 0.6216632443531828,
            "f1-score": 0.6103173925671775,
            "support": 5844.0
        }
    },
    "paths": {
        "best_model": "output/vgg16/fold_4/checkpoint_epoch_0.pth",
        "confusion_matrix": "output/vgg16/fold_4/plots/confusion_matrix.png",
        "roc_curves": "output/vgg16/fold_4/plots/roc_curves.png",
        "classification_report": "output/vgg16/fold_4/classification_report.json",
        "grad_cam_dir": "output/vgg16/fold_4/grad_cam"
    }
}