{
    "fold": 3,
    "best_epoch": 4,
    "train_loss": 0.019191946510565775,
    "val_loss": 0.9859690235970482,
    "test_loss": 1.107445664262555,
    "train_accuracy": 99.38215597321236,
    "val_accuracy": 86.2431129476584,
    "test_accuracy": 80.08591065292096,
    "classification_report": {
        "air_conditioner": {
            "precision": 0.8880597014925373,
            "recall": 0.2650334075723831,
            "f1-score": 0.40823327615780447,
            "support": 449.0
        },
        "ambulance": {
            "precision": 1.0,
            "recall": 0.9888641425389755,
            "f1-score": 0.9944008958566629,
            "support": 449.0
        },
        "car_horn": {
            "precision": 0.9621380846325167,
            "recall": 0.9621380846325167,
            "f1-score": 0.9621380846325167,
            "support": 449.0
        },
        "children_playing": {
            "precision": 0.7654867256637168,
            "recall": 0.7706013363028953,
            "f1-score": 0.7680355160932297,
            "support": 449.0
        },
        "dog_bark": {
            "precision": 0.8664047151277013,
            "recall": 0.9821826280623608,
            "f1-score": 0.9206680584551148,
            "support": 449.0
        },
        "drilling": {
            "precision": 0.606353591160221,
            "recall": 0.977728285077951,
            "f1-score": 0.7485080988917306,
            "support": 449.0
        },
        "engine_idling": {
            "precision": 0.4811529933481153,
            "recall": 0.48329621380846327,
            "f1-score": 0.4822222222222222,
            "support": 449.0
        },
        "firetruck": {
            "precision": 0.9955555555555555,
            "recall": 0.9977728285077951,
            "f1-score": 0.996662958843159,
            "support": 449.0
        },
        "gun_shot": {
            "precision": 0.8991596638655462,
            "recall": 0.9907407407407407,
            "f1-score": 0.9427312775330396,
            "support": 432.0
        },
        "jackhammer": {
            "precision": 0.40569395017793597,
            "recall": 0.25389755011135856,
            "f1-score": 0.31232876712328766,
            "support": 449.0
        },
        "police": {
            "precision": 0.9782135076252724,
            "recall": 1.0,
            "f1-score": 0.9889867841409692,
            "support": 449.0
        },
        "street_music": {
            "precision": 0.6180811808118081,
            "recall": 0.7461024498886414,
            "f1-score": 0.6760847628657921,
            "support": 449.0
        },
        "traffic": {
            "precision": 1.0,
            "recall": 1.0,
            "f1-score": 1.0,
            "support": 449.0
        },
        "accuracy": 0.8008591065292097,
        "macro avg": {
            "precision": 0.8050999745739175,
            "recall": 0.8014121282495446,
            "f1-score": 0.7846923617550406,
            "support": 5820.0
        },
        "weighted avg": {
            "precision": 0.8048252297770174,
            "recall": 0.8008591065292097,
            "f1-score": 0.7842307360560328,
            "support": 5820.0
        }
    },
    "paths": {
        "best_model": "output/efficientnet/fold_3/checkpoint_epoch_4.pth",
        "confusion_matrix": "output/efficientnet/fold_3/plots/confusion_matrix.png",
        "roc_curves": "output/efficientnet/fold_3/plots/roc_curves.png",
        "classification_report": "output/efficientnet/fold_3/classification_report.json",
        "grad_cam_dir": "output/efficientnet/fold_3/grad_cam"
    }
}