{
    "air_conditioner": {
        "precision": 0.32231404958677684,
        "recall": 0.08685968819599109,
        "f1-score": 0.1368421052631579,
        "support": 449.0
    },
    "ambulance": {
        "precision": 0.9334719334719335,
        "recall": 1.0,
        "f1-score": 0.9655913978494624,
        "support": 449.0
    },
    "car_horn": {
        "precision": 0.8317757009345794,
        "recall": 0.9888888888888889,
        "f1-score": 0.9035532994923858,
        "support": 360.0
    },
    "children_playing": {
        "precision": 0.8802992518703242,
        "recall": 0.7861915367483296,
        "f1-score": 0.8305882352941176,
        "support": 449.0
    },
    "dog_bark": {
        "precision": 0.7755102040816326,
        "recall": 0.9309576837416481,
        "f1-score": 0.8461538461538461,
        "support": 449.0
    },
    "drilling": {
        "precision": 0.5089392133492253,
        "recall": 0.9510022271714922,
        "f1-score": 0.6630434782608695,
        "support": 449.0
    },
    "engine_idling": {
        "precision": 0.5401785714285714,
        "recall": 0.5389755011135857,
        "f1-score": 0.5395763656633222,
        "support": 449.0
    },
    "firetruck": {
        "precision": 0.9753363228699552,
        "recall": 0.9688195991091314,
        "f1-score": 0.9720670391061452,
        "support": 449.0
    },
    "gun_shot": {
        "precision": 0.9399477806788512,
        "recall": 1.0,
        "f1-score": 0.9690444145356663,
        "support": 360.0
    },
    "jackhammer": {
        "precision": 0.849624060150376,
        "recall": 0.2516703786191537,
        "f1-score": 0.38831615120274915,
        "support": 449.0
    },
    "police": {
        "precision": 1.0,
        "recall": 0.9487750556792873,
        "f1-score": 0.9737142857142858,
        "support": 449.0
    },
    "street_music": {
        "precision": 0.7099644128113879,
        "recall": 0.888641425389755,
        "f1-score": 0.7893175074183977,
        "support": 449.0
    },
    "traffic": {
        "precision": 0.9933628318584071,
        "recall": 1.0,
        "f1-score": 0.9966703662597114,
        "support": 449.0
    },
    "accuracy": 0.7891853684396537,
    "macro avg": {
        "precision": 0.7892864871609248,
        "recall": 0.7954447680505587,
        "f1-score": 0.7672675763241629,
        "support": 5659.0
    },
    "weighted avg": {
        "precision": 0.7862487781754236,
        "recall": 0.7891853684396537,
        "f1-score": 0.7619508122381413,
        "support": 5659.0
    }
}