{
    "fold": 1,
    "best_epoch": 2,
    "train_loss": 0.08154958421742857,
    "val_loss": 0.9762932182701661,
    "test_loss": 0.9212532769594403,
    "train_accuracy": 97.42070332701259,
    "val_accuracy": 77.65343591536983,
    "test_accuracy": 80.02072180970471,
    "classification_report": {
        "air_conditioner": {
            "precision": 0.5197889182058048,
            "recall": 0.43875278396436523,
            "f1-score": 0.4758454106280193,
            "support": 449.0
        },
        "ambulance": {
            "precision": 0.9954337899543378,
            "recall": 0.9710467706013363,
            "f1-score": 0.9830890642615558,
            "support": 449.0
        },
        "car_horn": {
            "precision": 0.9491978609625669,
            "recall": 0.8217592592592593,
            "f1-score": 0.8808933002481389,
            "support": 432.0
        },
        "children_playing": {
            "precision": 0.7903930131004366,
            "recall": 0.8062360801781737,
            "f1-score": 0.7982359426681367,
            "support": 449.0
        },
        "dog_bark": {
            "precision": 0.6439942112879884,
            "recall": 0.9910913140311804,
            "f1-score": 0.7807017543859649,
            "support": 449.0
        },
        "drilling": {
            "precision": 0.6129032258064516,
            "recall": 0.6770601336302895,
            "f1-score": 0.6433862433862434,
            "support": 449.0
        },
        "engine_idling": {
            "precision": 0.7269230769230769,
            "recall": 0.4209354120267261,
            "f1-score": 0.5331452750352609,
            "support": 449.0
        },
        "firetruck": {
            "precision": 0.975929978118162,
            "recall": 0.9933184855233853,
            "f1-score": 0.9845474613686535,
            "support": 449.0
        },
        "gun_shot": {
            "precision": 0.7232323232323232,
            "recall": 0.8523809523809524,
            "f1-score": 0.7825136612021858,
            "support": 420.0
        },
        "jackhammer": {
            "precision": 0.8833333333333333,
            "recall": 0.5902004454342984,
            "f1-score": 0.7076101468624834,
            "support": 449.0
        },
        "police": {
            "precision": 0.9886621315192744,
            "recall": 0.9710467706013363,
            "f1-score": 0.9797752808988764,
            "support": 449.0
        },
        "street_music": {
            "precision": 0.7485714285714286,
            "recall": 0.8752783964365256,
            "f1-score": 0.8069815195071869,
            "support": 449.0
        },
        "traffic": {
            "precision": 0.939203354297694,
            "recall": 0.9977728285077951,
            "f1-score": 0.9676025917926566,
            "support": 449.0
        },
        "accuracy": 0.8002072180970471,
        "macro avg": {
            "precision": 0.8075051265625292,
            "recall": 0.8005292025058173,
            "f1-score": 0.7941790501727202,
            "support": 5791.0
        },
        "weighted avg": {
            "precision": 0.8075111937032261,
            "recall": 0.8002072180970471,
            "f1-score": 0.7939829103054887,
            "support": 5791.0
        }
    },
    "paths": {
        "best_model": "output/efficientnet/fold_1/checkpoint_epoch_2.pth",
        "confusion_matrix": "output/efficientnet/fold_1/plots/confusion_matrix.png",
        "roc_curves": "output/efficientnet/fold_1/plots/roc_curves.png",
        "classification_report": "output/efficientnet/fold_1/classification_report.json",
        "grad_cam_dir": "output/efficientnet/fold_1/grad_cam"
    }
}