{
    "air_conditioner": {
        "precision": 0.6462264150943396,
        "recall": 0.3051224944320713,
        "f1-score": 0.4145234493192133,
        "support": 449.0
    },
    "ambulance": {
        "precision": 1.0,
        "recall": 0.9910913140311804,
        "f1-score": 0.9955257270693513,
        "support": 449.0
    },
    "car_horn": {
        "precision": 0.9836065573770492,
        "recall": 0.9722222222222222,
        "f1-score": 0.9778812572759022,
        "support": 432.0
    },
    "children_playing": {
        "precision": 0.9804469273743017,
        "recall": 0.7817371937639198,
        "f1-score": 0.8698884758364313,
        "support": 449.0
    },
    "dog_bark": {
        "precision": 0.5606060606060606,
        "recall": 0.9064587973273942,
        "f1-score": 0.6927659574468085,
        "support": 449.0
    },
    "drilling": {
        "precision": 0.6240157480314961,
        "recall": 0.7060133630289532,
        "f1-score": 0.6624869383490073,
        "support": 449.0
    },
    "engine_idling": {
        "precision": 0.547808764940239,
        "recall": 0.6124721603563474,
        "f1-score": 0.5783385909568874,
        "support": 449.0
    },
    "firetruck": {
        "precision": 0.9911699779249448,
        "recall": 1.0,
        "f1-score": 0.9955654101995566,
        "support": 449.0
    },
    "gun_shot": {
        "precision": 0.8672199170124482,
        "recall": 0.9952380952380953,
        "f1-score": 0.926829268292683,
        "support": 420.0
    },
    "jackhammer": {
        "precision": 0.90625,
        "recall": 0.5167037861915368,
        "f1-score": 0.6581560283687943,
        "support": 449.0
    },
    "police": {
        "precision": 1.0,
        "recall": 1.0,
        "f1-score": 1.0,
        "support": 449.0
    },
    "street_music": {
        "precision": 0.8271119842829077,
        "recall": 0.9376391982182628,
        "f1-score": 0.8789144050104384,
        "support": 449.0
    },
    "traffic": {
        "precision": 0.9676724137931034,
        "recall": 1.0,
        "f1-score": 0.9835706462212487,
        "support": 449.0
    },
    "accuracy": 0.82369193576239,
    "macro avg": {
        "precision": 0.8386257512643762,
        "recall": 0.8249768172930756,
        "f1-score": 0.8180343195651016,
        "support": 5791.0
    },
    "weighted avg": {
        "precision": 0.8380569540772564,
        "recall": 0.82369193576239,
        "f1-score": 0.8170202543856537,
        "support": 5791.0
    }
}