{
    "fold": 5,
    "best_epoch": 3,
    "train_loss": 0.03333758845049959,
    "val_loss": 1.152672491637675,
    "test_loss": 1.0328851063474422,
    "train_accuracy": 98.98930874778168,
    "val_accuracy": 81.6050650239562,
    "test_accuracy": 79.0218132242672,
    "classification_report": {
        "air_conditioner": {
            "precision": 0.7757352941176471,
            "recall": 0.46993318485523383,
            "f1-score": 0.5852981969486823,
            "support": 449.0
        },
        "ambulance": {
            "precision": 0.9379014989293362,
            "recall": 0.9755011135857461,
            "f1-score": 0.9563318777292577,
            "support": 449.0
        },
        "car_horn": {
            "precision": 0.7105263157894737,
            "recall": 0.24053452115812918,
            "f1-score": 0.3594009983361065,
            "support": 449.0
        },
        "children_playing": {
            "precision": 0.9226519337016574,
            "recall": 0.7438752783964365,
            "f1-score": 0.8236744759556104,
            "support": 449.0
        },
        "dog_bark": {
            "precision": 0.8666666666666667,
            "recall": 0.8975501113585747,
            "f1-score": 0.8818380743982495,
            "support": 449.0
        },
        "drilling": {
            "precision": 0.8282828282828283,
            "recall": 0.7305122494432071,
            "f1-score": 0.7763313609467456,
            "support": 449.0
        },
        "engine_idling": {
            "precision": 0.47731755424063116,
            "recall": 0.5389755011135857,
            "f1-score": 0.5062761506276151,
            "support": 449.0
        },
        "firetruck": {
            "precision": 0.9357601713062098,
            "recall": 0.9732739420935412,
            "f1-score": 0.9541484716157205,
            "support": 449.0
        },
        "gun_shot": {
            "precision": 0.9856262833675564,
            "recall": 1.0,
            "f1-score": 0.9927611168562565,
            "support": 480.0
        },
        "jackhammer": {
            "precision": 0.671280276816609,
            "recall": 0.8641425389755011,
            "f1-score": 0.7555988315481986,
            "support": 449.0
        },
        "police": {
            "precision": 1.0,
            "recall": 0.9420935412026726,
            "f1-score": 0.9701834862385321,
            "support": 449.0
        },
        "street_music": {
            "precision": 0.4913151364764268,
            "recall": 0.8819599109131403,
            "f1-score": 0.6310756972111554,
            "support": 449.0
        },
        "traffic": {
            "precision": 0.9238683127572016,
            "recall": 1.0,
            "f1-score": 0.960427807486631,
            "support": 449.0
        },
        "accuracy": 0.7902181322426721,
        "macro avg": {
            "precision": 0.8097640209578649,
            "recall": 0.7891039917765976,
            "f1-score": 0.7810266573768279,
            "support": 5868.0
        },
        "weighted avg": {
            "precision": 0.8106930819896817,
            "recall": 0.7902181322426721,
            "f1-score": 0.7821452272888698,
            "support": 5868.0
        }
    },
    "paths": {
        "best_model": "output/convnext/fold_5/checkpoint_epoch_3.pth",
        "confusion_matrix": "output/convnext/fold_5/plots/confusion_matrix.png",
        "roc_curves": "output/convnext/fold_5/plots/roc_curves.png",
        "classification_report": "output/convnext/fold_5/classification_report.json",
        "grad_cam_dir": "output/convnext/fold_5/grad_cam"
    }
}