{
    "fold": 7,
    "best_epoch": 4,
    "train_loss": 0.264925795847194,
    "val_loss": 0.7802091792995192,
    "test_loss": 0.7600225615720062,
    "train_accuracy": 91.58297982858628,
    "val_accuracy": 78.49665350952462,
    "test_accuracy": 78.25717683030406,
    "classification_report": {
        "air_conditioner": {
            "precision": 0.3936,
            "recall": 0.5478841870824054,
            "f1-score": 0.4581005586592179,
            "support": 449.0
        },
        "ambulance": {
            "precision": 0.8434959349593496,
            "recall": 0.9242761692650334,
            "f1-score": 0.8820403825717322,
            "support": 449.0
        },
        "car_horn": {
            "precision": 0.9737704918032787,
            "recall": 0.8839285714285714,
            "f1-score": 0.9266770670826833,
            "support": 336.0
        },
        "children_playing": {
            "precision": 0.7835051546391752,
            "recall": 0.8463251670378619,
            "f1-score": 0.8137044967880086,
            "support": 449.0
        },
        "dog_bark": {
            "precision": 0.7709163346613546,
            "recall": 0.8619153674832962,
            "f1-score": 0.8138801261829653,
            "support": 449.0
        },
        "drilling": {
            "precision": 0.7899628252788105,
            "recall": 0.9465478841870824,
            "f1-score": 0.8611955420466059,
            "support": 449.0
        },
        "engine_idling": {
            "precision": 0.4790528233151184,
            "recall": 0.5857461024498887,
            "f1-score": 0.5270541082164328,
            "support": 449.0
        },
        "firetruck": {
            "precision": 0.8747390396659708,
            "recall": 0.933184855233853,
            "f1-score": 0.9030172413793104,
            "support": 449.0
        },
        "gun_shot": {
            "precision": 1.0,
            "recall": 0.7516339869281046,
            "f1-score": 0.8582089552238806,
            "support": 612.0
        },
        "jackhammer": {
            "precision": 0.6451612903225806,
            "recall": 0.17817371937639198,
            "f1-score": 0.2792321116928447,
            "support": 449.0
        },
        "police": {
            "precision": 0.9686746987951808,
            "recall": 0.8953229398663697,
            "f1-score": 0.9305555555555556,
            "support": 449.0
        },
        "street_music": {
            "precision": 0.8976744186046511,
            "recall": 0.8596881959910914,
            "f1-score": 0.8782707622298066,
            "support": 449.0
        },
        "traffic": {
            "precision": 0.9254658385093167,
            "recall": 0.9955456570155902,
            "f1-score": 0.9592274678111588,
            "support": 449.0
        },
        "accuracy": 0.7825717683030406,
        "macro avg": {
            "precision": 0.7958476038888297,
            "recall": 0.785397907949657,
            "f1-score": 0.7762434134954004,
            "support": 5887.0
        },
        "weighted avg": {
            "precision": 0.7980850005648598,
            "recall": 0.7825717683030406,
            "f1-score": 0.7756253364521489,
            "support": 5887.0
        }
    },
    "paths": {
        "best_model": "output/convnext/fold_7/checkpoint_epoch_4.pth",
        "confusion_matrix": "output/convnext/fold_7/plots/confusion_matrix.png",
        "roc_curves": "output/convnext/fold_7/plots/roc_curves.png",
        "classification_report": "output/convnext/fold_7/classification_report.json",
        "grad_cam_dir": "output/convnext/fold_7/grad_cam"
    }
}