{
    "fold": 10,
    "best_epoch": 2,
    "train_loss": 0.3436476940283055,
    "val_loss": 1.603325624806346,
    "test_loss": 1.4271457760918134,
    "train_accuracy": 92.8092207121968,
    "val_accuracy": 79.75417032484636,
    "test_accuracy": 80.18884420353208,
    "classification_report": {
        "air_conditioner": {
            "precision": 0.8743016759776536,
            "recall": 0.6971046770601337,
            "f1-score": 0.7757125154894672,
            "support": 449.0
        },
        "ambulance": {
            "precision": 0.8834498834498834,
            "recall": 0.844097995545657,
            "f1-score": 0.8633257403189066,
            "support": 449.0
        },
        "car_horn": {
            "precision": 0.8660714285714286,
            "recall": 0.4898989898989899,
            "f1-score": 0.6258064516129033,
            "support": 396.0
        },
        "children_playing": {
            "precision": 0.6981818181818182,
            "recall": 0.8552338530066815,
            "f1-score": 0.7687687687687688,
            "support": 449.0
        },
        "dog_bark": {
            "precision": 0.9078947368421053,
            "recall": 0.6146993318485523,
            "f1-score": 0.7330677290836654,
            "support": 449.0
        },
        "drilling": {
            "precision": 0.8672985781990521,
            "recall": 0.8151447661469933,
            "f1-score": 0.8404133180252583,
            "support": 449.0
        },
        "engine_idling": {
            "precision": 0.671875,
            "recall": 0.8619153674832962,
            "f1-score": 0.7551219512195122,
            "support": 449.0
        },
        "firetruck": {
            "precision": 0.7214953271028037,
            "recall": 0.8596881959910914,
            "f1-score": 0.7845528455284553,
            "support": 449.0
        },
        "gun_shot": {
            "precision": 0.947103274559194,
            "recall": 0.9791666666666666,
            "f1-score": 0.9628681177976952,
            "support": 384.0
        },
        "jackhammer": {
            "precision": 0.8587896253602305,
            "recall": 0.6636971046770601,
            "f1-score": 0.7487437185929648,
            "support": 449.0
        },
        "police": {
            "precision": 0.8568507157464212,
            "recall": 0.933184855233853,
            "f1-score": 0.8933901918976546,
            "support": 449.0
        },
        "street_music": {
            "precision": 0.5812101910828026,
            "recall": 0.8129175946547884,
            "f1-score": 0.6778087279480037,
            "support": 449.0
        },
        "traffic": {
            "precision": 0.9630434782608696,
            "recall": 0.9866369710467706,
            "f1-score": 0.9746974697469747,
            "support": 449.0
        },
        "accuracy": 0.8018884420353208,
        "macro avg": {
            "precision": 0.8228896717949434,
            "recall": 0.8010297207123488,
            "f1-score": 0.8003290420023254,
            "support": 5719.0
        },
        "weighted avg": {
            "precision": 0.8210777261245762,
            "recall": 0.8018884420353208,
            "f1-score": 0.8000990467870674,
            "support": 5719.0
        }
    },
    "paths": {
        "best_model": "output/vgg16/fold_10/checkpoint_epoch_2.pth",
        "confusion_matrix": "output/vgg16/fold_10/plots/confusion_matrix.png",
        "roc_curves": "output/vgg16/fold_10/plots/roc_curves.png",
        "classification_report": "output/vgg16/fold_10/classification_report.json",
        "grad_cam_dir": "output/vgg16/fold_10/grad_cam"
    }
}