{
    "air_conditioner": {
        "precision": 0.5839080459770115,
        "recall": 0.5657015590200446,
        "f1-score": 0.5746606334841629,
        "support": 449.0
    },
    "ambulance": {
        "precision": 0.946969696969697,
        "recall": 0.8351893095768375,
        "f1-score": 0.8875739644970414,
        "support": 449.0
    },
    "car_horn": {
        "precision": 0.49760765550239233,
        "recall": 0.23162583518930957,
        "f1-score": 0.3161094224924012,
        "support": 449.0
    },
    "children_playing": {
        "precision": 0.30419161676646705,
        "recall": 0.5657015590200446,
        "f1-score": 0.3956386292834891,
        "support": 449.0
    },
    "dog_bark": {
        "precision": 0.6855670103092784,
        "recall": 0.5924276169265034,
        "f1-score": 0.6356033452807647,
        "support": 449.0
    },
    "drilling": {
        "precision": 0.28903654485049834,
        "recall": 0.19376391982182628,
        "f1-score": 0.232,
        "support": 449.0
    },
    "engine_idling": {
        "precision": 0.25742574257425743,
        "recall": 0.11581291759465479,
        "f1-score": 0.1597542242703533,
        "support": 449.0
    },
    "firetruck": {
        "precision": 0.8821052631578947,
        "recall": 0.933184855233853,
        "f1-score": 0.9069264069264069,
        "support": 449.0
    },
    "gun_shot": {
        "precision": 0.7377567140600316,
        "recall": 0.9729166666666667,
        "f1-score": 0.839173405211141,
        "support": 480.0
    },
    "jackhammer": {
        "precision": 0.21103117505995203,
        "recall": 0.19599109131403117,
        "f1-score": 0.20323325635103925,
        "support": 449.0
    },
    "police": {
        "precision": 0.9173913043478261,
        "recall": 0.9398663697104677,
        "f1-score": 0.9284928492849285,
        "support": 449.0
    },
    "street_music": {
        "precision": 0.5016181229773463,
        "recall": 0.6904231625835189,
        "f1-score": 0.5810684161199625,
        "support": 449.0
    },
    "traffic": {
        "precision": 0.8897795591182365,
        "recall": 0.9888641425389755,
        "f1-score": 0.9367088607594937,
        "support": 449.0
    },
    "accuracy": 0.603612815269257,
    "macro avg": {
        "precision": 0.5926452655131453,
        "recall": 0.6016514619382103,
        "f1-score": 0.5843802626123987,
        "support": 5868.0
    },
    "weighted avg": {
        "precision": 0.5934118733701585,
        "recall": 0.603612815269257,
        "f1-score": 0.585726306821765,
        "support": 5868.0
    }
}