{
    "fold": 4,
    "best_epoch": 3,
    "train_loss": 0.024705273116808337,
    "val_loss": 1.393168538196093,
    "test_loss": 1.8398212784507546,
    "train_accuracy": 99.2800622648852,
    "val_accuracy": 77.64604810996563,
    "test_accuracy": 77.48117727583846,
    "classification_report": {
        "air_conditioner": {
            "precision": 0.6854368932038835,
            "recall": 0.7861915367483296,
            "f1-score": 0.7323651452282157,
            "support": 449.0
        },
        "ambulance": {
            "precision": 0.9574944071588367,
            "recall": 0.9532293986636972,
            "f1-score": 0.9553571428571429,
            "support": 449.0
        },
        "car_horn": {
            "precision": 0.9558011049723757,
            "recall": 0.38530066815144765,
            "f1-score": 0.5492063492063493,
            "support": 449.0
        },
        "children_playing": {
            "precision": 0.7724137931034483,
            "recall": 0.49888641425389757,
            "f1-score": 0.6062246278755075,
            "support": 449.0
        },
        "dog_bark": {
            "precision": 0.5871687587168759,
            "recall": 0.9376391982182628,
            "f1-score": 0.7221269296740995,
            "support": 449.0
        },
        "drilling": {
            "precision": 0.8227848101265823,
            "recall": 0.7238307349665924,
            "f1-score": 0.7701421800947867,
            "support": 449.0
        },
        "engine_idling": {
            "precision": 0.5126475548060708,
            "recall": 0.6770601336302895,
            "f1-score": 0.5834932821497121,
            "support": 449.0
        },
        "firetruck": {
            "precision": 0.96529284164859,
            "recall": 0.9910913140311804,
            "f1-score": 0.978021978021978,
            "support": 449.0
        },
        "gun_shot": {
            "precision": 0.9977220956719818,
            "recall": 0.9605263157894737,
            "f1-score": 0.9787709497206704,
            "support": 456.0
        },
        "jackhammer": {
            "precision": 0.9005847953216374,
            "recall": 0.3429844097995546,
            "f1-score": 0.4967741935483871,
            "support": 449.0
        },
        "police": {
            "precision": 0.9884526558891455,
            "recall": 0.9532293986636972,
            "f1-score": 0.9705215419501134,
            "support": 449.0
        },
        "street_music": {
            "precision": 0.5483870967741935,
            "recall": 0.8708240534521158,
            "f1-score": 0.6729776247848537,
            "support": 449.0
        },
        "traffic": {
            "precision": 0.9079754601226994,
            "recall": 0.9888641425389755,
            "f1-score": 0.9466950959488273,
            "support": 449.0
        },
        "accuracy": 0.7748117727583846,
        "macro avg": {
            "precision": 0.8155509436551018,
            "recall": 0.7745890553005782,
            "f1-score": 0.7663597723892803,
            "support": 5844.0
        },
        "weighted avg": {
            "precision": 0.8157691500315762,
            "recall": 0.7748117727583846,
            "f1-score": 0.7666142005619908,
            "support": 5844.0
        }
    },
    "paths": {
        "best_model": "output/vgg16/fold_4/checkpoint_epoch_3.pth",
        "confusion_matrix": "output/vgg16/fold_4/plots/confusion_matrix.png",
        "roc_curves": "output/vgg16/fold_4/plots/roc_curves.png",
        "classification_report": "output/vgg16/fold_4/classification_report.json",
        "grad_cam_dir": "output/vgg16/fold_4/grad_cam"
    }
}