{
    "fold": 9,
    "best_epoch": 2,
    "train_loss": 0.01778631348781426,
    "val_loss": 0.7415972910669378,
    "test_loss": 0.5223289285214592,
    "train_accuracy": 99.47169487157461,
    "val_accuracy": 83.83106555928609,
    "test_accuracy": 87.23441615452151,
    "classification_report": {
        "air_conditioner": {
            "precision": 0.7391304347826086,
            "recall": 0.45434298440979953,
            "f1-score": 0.5627586206896552,
            "support": 449.0
        },
        "ambulance": {
            "precision": 0.9738562091503268,
            "recall": 0.9955456570155902,
            "f1-score": 0.9845814977973568,
            "support": 449.0
        },
        "car_horn": {
            "precision": 0.8886198547215496,
            "recall": 0.9557291666666666,
            "f1-score": 0.9209535759096612,
            "support": 384.0
        },
        "children_playing": {
            "precision": 0.71869918699187,
            "recall": 0.9844097995545658,
            "f1-score": 0.8308270676691729,
            "support": 449.0
        },
        "dog_bark": {
            "precision": 0.7102803738317757,
            "recall": 0.8463251670378619,
            "f1-score": 0.7723577235772358,
            "support": 449.0
        },
        "drilling": {
            "precision": 0.9423728813559322,
            "recall": 0.6191536748329621,
            "f1-score": 0.7473118279569892,
            "support": 449.0
        },
        "engine_idling": {
            "precision": 0.8850102669404517,
            "recall": 0.9599109131403119,
            "f1-score": 0.9209401709401709,
            "support": 449.0
        },
        "firetruck": {
            "precision": 0.9955357142857143,
            "recall": 0.9933184855233853,
            "f1-score": 0.9944258639910813,
            "support": 449.0
        },
        "gun_shot": {
            "precision": 1.0,
            "recall": 0.9408602150537635,
            "f1-score": 0.9695290858725761,
            "support": 372.0
        },
        "jackhammer": {
            "precision": 0.6979166666666666,
            "recall": 0.8953229398663697,
            "f1-score": 0.784390243902439,
            "support": 449.0
        },
        "police": {
            "precision": 0.9954648526077098,
            "recall": 0.977728285077951,
            "f1-score": 0.9865168539325843,
            "support": 449.0
        },
        "street_music": {
            "precision": 0.9766081871345029,
            "recall": 0.7438752783964365,
            "f1-score": 0.8445006321112516,
            "support": 449.0
        },
        "traffic": {
            "precision": 0.9781659388646288,
            "recall": 0.9977728285077951,
            "f1-score": 0.9878721058434399,
            "support": 449.0
        },
        "accuracy": 0.8723441615452151,
        "macro avg": {
            "precision": 0.8847431205641336,
            "recall": 0.8741765688525738,
            "f1-score": 0.8697665592456628,
            "support": 5695.0
        },
        "weighted avg": {
            "precision": 0.8831405275111408,
            "recall": 0.8723441615452151,
            "f1-score": 0.8678334827516446,
            "support": 5695.0
        }
    },
    "paths": {
        "best_model": "output/efficientnet/fold_9/checkpoint_epoch_2.pth",
        "confusion_matrix": "output/efficientnet/fold_9/plots/confusion_matrix.png",
        "roc_curves": "output/efficientnet/fold_9/plots/roc_curves.png",
        "classification_report": "output/efficientnet/fold_9/classification_report.json",
        "grad_cam_dir": "output/efficientnet/fold_9/grad_cam"
    }
}