{
    "fold": 1,
    "best_epoch": 3,
    "train_loss": 0.16190242744596114,
    "val_loss": 1.1433762863872492,
    "test_loss": 1.948603064602159,
    "train_accuracy": 95.33701086019651,
    "val_accuracy": 77.95069068018884,
    "test_accuracy": 80.62510792609221,
    "classification_report": {
        "air_conditioner": {
            "precision": 0.6755447941888619,
            "recall": 0.621380846325167,
            "f1-score": 0.6473317865429234,
            "support": 449.0
        },
        "ambulance": {
            "precision": 0.8809523809523809,
            "recall": 0.9888641425389755,
            "f1-score": 0.9317943336831059,
            "support": 449.0
        },
        "car_horn": {
            "precision": 0.8057851239669421,
            "recall": 0.4513888888888889,
            "f1-score": 0.5786350148367952,
            "support": 432.0
        },
        "children_playing": {
            "precision": 0.7593360995850622,
            "recall": 0.8151447661469933,
            "f1-score": 0.7862513426423201,
            "support": 449.0
        },
        "dog_bark": {
            "precision": 0.7046263345195729,
            "recall": 0.8819599109131403,
            "f1-score": 0.7833827893175074,
            "support": 449.0
        },
        "drilling": {
            "precision": 0.8871473354231975,
            "recall": 0.6302895322939867,
            "f1-score": 0.7369791666666666,
            "support": 449.0
        },
        "engine_idling": {
            "precision": 0.868421052631579,
            "recall": 0.5879732739420935,
            "f1-score": 0.701195219123506,
            "support": 449.0
        },
        "firetruck": {
            "precision": 0.9875621890547264,
            "recall": 0.8841870824053452,
            "f1-score": 0.9330199764982373,
            "support": 449.0
        },
        "gun_shot": {
            "precision": 0.7481617647058824,
            "recall": 0.969047619047619,
            "f1-score": 0.8443983402489627,
            "support": 420.0
        },
        "jackhammer": {
            "precision": 0.9211087420042644,
            "recall": 0.9621380846325167,
            "f1-score": 0.9411764705882353,
            "support": 449.0
        },
        "police": {
            "precision": 0.9976415094339622,
            "recall": 0.9420935412026726,
            "f1-score": 0.9690721649484536,
            "support": 449.0
        },
        "street_music": {
            "precision": 0.5218068535825545,
            "recall": 0.7461024498886414,
            "f1-score": 0.614115490375802,
            "support": 449.0
        },
        "traffic": {
            "precision": 0.9256198347107438,
            "recall": 0.9977728285077951,
            "f1-score": 0.9603429796355841,
            "support": 449.0
        },
        "accuracy": 0.8062510792609221,
        "macro avg": {
            "precision": 0.8218241549815176,
            "recall": 0.8060263820564487,
            "f1-score": 0.8021303903929307,
            "support": 5791.0
        },
        "weighted avg": {
            "precision": 0.8222401233540337,
            "recall": 0.8062510792609221,
            "f1-score": 0.8025748129173012,
            "support": 5791.0
        }
    },
    "paths": {
        "best_model": "output/alexnet/fold_1/checkpoint_epoch_3.pth",
        "confusion_matrix": "output/alexnet/fold_1/plots/confusion_matrix.png",
        "roc_curves": "output/alexnet/fold_1/plots/roc_curves.png",
        "classification_report": "output/alexnet/fold_1/classification_report.json",
        "grad_cam_dir": "output/alexnet/fold_1/grad_cam"
    }
}