{
    "air_conditioner": {
        "precision": 0.10431654676258993,
        "recall": 0.1291759465478842,
        "f1-score": 0.1154228855721393,
        "support": 449.0
    },
    "ambulance": {
        "precision": 0.9874686716791979,
        "recall": 0.8775055679287305,
        "f1-score": 0.9292452830188679,
        "support": 449.0
    },
    "car_horn": {
        "precision": 0.9530791788856305,
        "recall": 0.7238307349665924,
        "f1-score": 0.8227848101265823,
        "support": 449.0
    },
    "children_playing": {
        "precision": 0.46107784431137727,
        "recall": 0.6859688195991092,
        "f1-score": 0.5514771709937332,
        "support": 449.0
    },
    "dog_bark": {
        "precision": 0.5293255131964809,
        "recall": 0.8040089086859689,
        "f1-score": 0.6383731211317418,
        "support": 449.0
    },
    "drilling": {
        "precision": 0.6619718309859155,
        "recall": 0.5233853006681515,
        "f1-score": 0.5845771144278606,
        "support": 449.0
    },
    "engine_idling": {
        "precision": 0.4019370460048426,
        "recall": 0.36971046770601335,
        "f1-score": 0.3851508120649652,
        "support": 449.0
    },
    "firetruck": {
        "precision": 0.9794520547945206,
        "recall": 0.955456570155902,
        "f1-score": 0.9673055242390078,
        "support": 449.0
    },
    "gun_shot": {
        "precision": 0.9473684210526315,
        "recall": 1.0,
        "f1-score": 0.972972972972973,
        "support": 432.0
    },
    "jackhammer": {
        "precision": 0.09395973154362416,
        "recall": 0.031180400890868598,
        "f1-score": 0.046822742474916385,
        "support": 449.0
    },
    "police": {
        "precision": 0.8940936863543788,
        "recall": 0.977728285077951,
        "f1-score": 0.9340425531914893,
        "support": 449.0
    },
    "street_music": {
        "precision": 0.4365079365079365,
        "recall": 0.3674832962138085,
        "f1-score": 0.39903264812575573,
        "support": 449.0
    },
    "traffic": {
        "precision": 0.9068825910931174,
        "recall": 0.9977728285077951,
        "f1-score": 0.9501590668080594,
        "support": 449.0
    },
    "accuracy": 0.6484536082474227,
    "macro avg": {
        "precision": 0.6428800810132494,
        "recall": 0.6494774713037519,
        "f1-score": 0.638258977319084,
        "support": 5820.0
    },
    "weighted avg": {
        "precision": 0.6419906820818629,
        "recall": 0.6484536082474227,
        "f1-score": 0.6372812903901981,
        "support": 5820.0
    }
}