{
    "fold": 9,
    "best_epoch": 4,
    "train_loss": 0.40696822573522945,
    "val_loss": 0.9119709193539084,
    "test_loss": 0.7451935087780605,
    "train_accuracy": 87.21115024482432,
    "val_accuracy": 71.92083406962361,
    "test_accuracy": 75.90869183494293,
    "classification_report": {
        "air_conditioner": {
            "precision": 0.42207792207792205,
            "recall": 0.289532293986637,
            "f1-score": 0.34346103038309117,
            "support": 449.0
        },
        "ambulance": {
            "precision": 0.868663594470046,
            "recall": 0.8396436525612472,
            "f1-score": 0.853907134767837,
            "support": 449.0
        },
        "car_horn": {
            "precision": 0.8411214953271028,
            "recall": 0.9375,
            "f1-score": 0.8866995073891626,
            "support": 384.0
        },
        "children_playing": {
            "precision": 0.7379576107899807,
            "recall": 0.8530066815144766,
            "f1-score": 0.7913223140495868,
            "support": 449.0
        },
        "dog_bark": {
            "precision": 0.6880733944954128,
            "recall": 0.6681514476614699,
            "f1-score": 0.6779661016949152,
            "support": 449.0
        },
        "drilling": {
            "precision": 0.6666666666666666,
            "recall": 0.512249443207127,
            "f1-score": 0.5793450881612091,
            "support": 449.0
        },
        "engine_idling": {
            "precision": 0.5899581589958159,
            "recall": 0.6280623608017817,
            "f1-score": 0.6084142394822006,
            "support": 449.0
        },
        "firetruck": {
            "precision": 0.8484162895927602,
            "recall": 0.8351893095768375,
            "f1-score": 0.8417508417508418,
            "support": 449.0
        },
        "gun_shot": {
            "precision": 0.8721227621483376,
            "recall": 0.9166666666666666,
            "f1-score": 0.8938401048492791,
            "support": 372.0
        },
        "jackhammer": {
            "precision": 0.6672694394213382,
            "recall": 0.821826280623608,
            "f1-score": 0.7365269461077845,
            "support": 449.0
        },
        "police": {
            "precision": 0.860813704496788,
            "recall": 0.8953229398663697,
            "f1-score": 0.8777292576419214,
            "support": 449.0
        },
        "street_music": {
            "precision": 0.8264058679706602,
            "recall": 0.7527839643652561,
            "f1-score": 0.7878787878787878,
            "support": 449.0
        },
        "traffic": {
            "precision": 0.8989690721649485,
            "recall": 0.9710467706013363,
            "f1-score": 0.9336188436830836,
            "support": 449.0
        },
        "accuracy": 0.7590869183494293,
        "macro avg": {
            "precision": 0.7529627675859831,
            "recall": 0.7631524470332933,
            "f1-score": 0.7548046306030538,
            "support": 5695.0
        },
        "weighted avg": {
            "precision": 0.7503454476765056,
            "recall": 0.7590869183494293,
            "f1-score": 0.7514193982048,
            "support": 5695.0
        }
    },
    "paths": {
        "best_model": "output/mobilenet/fold_9/checkpoint_epoch_4.pth",
        "confusion_matrix": "output/mobilenet/fold_9/plots/confusion_matrix.png",
        "roc_curves": "output/mobilenet/fold_9/plots/roc_curves.png",
        "classification_report": "output/mobilenet/fold_9/classification_report.json",
        "grad_cam_dir": "output/mobilenet/fold_9/grad_cam"
    }
}