{
    "air_conditioner": {
        "precision": 0.5477178423236515,
        "recall": 0.5879732739420935,
        "f1-score": 0.5671321160042965,
        "support": 449.0
    },
    "ambulance": {
        "precision": 0.9692307692307692,
        "recall": 0.9821826280623608,
        "f1-score": 0.9756637168141593,
        "support": 449.0
    },
    "car_horn": {
        "precision": 0.9707865168539326,
        "recall": 1.0,
        "f1-score": 0.9851767388825542,
        "support": 432.0
    },
    "children_playing": {
        "precision": 0.8932461873638344,
        "recall": 0.9131403118040089,
        "f1-score": 0.9030837004405287,
        "support": 449.0
    },
    "dog_bark": {
        "precision": 0.6160583941605839,
        "recall": 0.9398663697104677,
        "f1-score": 0.7442680776014109,
        "support": 449.0
    },
    "drilling": {
        "precision": 0.4811320754716981,
        "recall": 0.5679287305122495,
        "f1-score": 0.5209397344228804,
        "support": 449.0
    },
    "engine_idling": {
        "precision": 0.6013986013986014,
        "recall": 0.3830734966592428,
        "f1-score": 0.46802721088435373,
        "support": 449.0
    },
    "firetruck": {
        "precision": 0.9931506849315068,
        "recall": 0.9688195991091314,
        "f1-score": 0.9808342728297632,
        "support": 449.0
    },
    "gun_shot": {
        "precision": 0.9084821428571429,
        "recall": 0.969047619047619,
        "f1-score": 0.9377880184331797,
        "support": 420.0
    },
    "jackhammer": {
        "precision": 0.8571428571428571,
        "recall": 0.3207126948775056,
        "f1-score": 0.46677471636953,
        "support": 449.0
    },
    "police": {
        "precision": 0.9954648526077098,
        "recall": 0.977728285077951,
        "f1-score": 0.9865168539325843,
        "support": 449.0
    },
    "street_music": {
        "precision": 0.8970588235294118,
        "recall": 0.9510022271714922,
        "f1-score": 0.9232432432432433,
        "support": 449.0
    },
    "traffic": {
        "precision": 0.9393305439330544,
        "recall": 1.0,
        "f1-score": 0.9687162891046386,
        "support": 449.0
    },
    "accuracy": 0.8110861681920221,
    "macro avg": {
        "precision": 0.820784637831135,
        "recall": 0.8124211719980093,
        "f1-score": 0.8021665145356247,
        "support": 5791.0
    },
    "weighted avg": {
        "precision": 0.8199051248646106,
        "recall": 0.8110861681920221,
        "f1-score": 0.8009501102139314,
        "support": 5791.0
    }
}