{
    "fold": 6,
    "best_epoch": 3,
    "train_loss": 0.06205504373463713,
    "val_loss": 1.4312687867326848,
    "test_loss": 1.3155500123241877,
    "train_accuracy": 98.05508080392877,
    "val_accuracy": 75.2897068847989,
    "test_accuracy": 67.92517590526857,
    "classification_report": {
        "air_conditioner": {
            "precision": 0.423728813559322,
            "recall": 0.27839643652561247,
            "f1-score": 0.33602150537634407,
            "support": 449.0
        },
        "ambulance": {
            "precision": 0.9282700421940928,
            "recall": 0.9799554565701559,
            "f1-score": 0.9534127843986999,
            "support": 449.0
        },
        "car_horn": {
            "precision": 0.810077519379845,
            "recall": 0.6220238095238095,
            "f1-score": 0.7037037037037037,
            "support": 336.0
        },
        "children_playing": {
            "precision": 0.7978436657681941,
            "recall": 0.6592427616926503,
            "f1-score": 0.7219512195121951,
            "support": 449.0
        },
        "dog_bark": {
            "precision": 0.7488479262672811,
            "recall": 0.7238307349665924,
            "f1-score": 0.7361268403171007,
            "support": 449.0
        },
        "drilling": {
            "precision": 0.6006389776357828,
            "recall": 0.41870824053452116,
            "f1-score": 0.49343832020997375,
            "support": 449.0
        },
        "engine_idling": {
            "precision": 0.2819025522041763,
            "recall": 0.5412026726057907,
            "f1-score": 0.3707093821510298,
            "support": 449.0
        },
        "firetruck": {
            "precision": 0.8433268858800773,
            "recall": 0.9710467706013363,
            "f1-score": 0.9026915113871635,
            "support": 449.0
        },
        "gun_shot": {
            "precision": 0.9698189134808853,
            "recall": 0.8731884057971014,
            "f1-score": 0.9189704480457579,
            "support": 552.0
        },
        "jackhammer": {
            "precision": 0.13846153846153847,
            "recall": 0.10022271714922049,
            "f1-score": 0.11627906976744186,
            "support": 449.0
        },
        "police": {
            "precision": 0.9478672985781991,
            "recall": 0.89086859688196,
            "f1-score": 0.9184845005740528,
            "support": 449.0
        },
        "street_music": {
            "precision": 0.5425867507886435,
            "recall": 0.7661469933184856,
            "f1-score": 0.6352723915050785,
            "support": 449.0
        },
        "traffic": {
            "precision": 1.0,
            "recall": 0.9465478841870824,
            "f1-score": 0.9725400457665904,
            "support": 449.0
        },
        "accuracy": 0.6792517590526858,
        "macro avg": {
            "precision": 0.6948746833998491,
            "recall": 0.6747216523349475,
            "f1-score": 0.6753539786703947,
            "support": 5827.0
        },
        "weighted avg": {
            "precision": 0.6975006204571009,
            "recall": 0.6792517590526858,
            "f1-score": 0.6791104532571286,
            "support": 5827.0
        }
    },
    "paths": {
        "best_model": "output/mobilenet/fold_6/checkpoint_epoch_3.pth",
        "confusion_matrix": "output/mobilenet/fold_6/plots/confusion_matrix.png",
        "roc_curves": "output/mobilenet/fold_6/plots/roc_curves.png",
        "classification_report": "output/mobilenet/fold_6/classification_report.json",
        "grad_cam_dir": "output/mobilenet/fold_6/grad_cam"
    }
}