{
    "air_conditioner": {
        "precision": 0.5650969529085873,
        "recall": 0.45434298440979953,
        "f1-score": 0.5037037037037037,
        "support": 449.0
    },
    "ambulance": {
        "precision": 0.9730941704035875,
        "recall": 0.9665924276169265,
        "f1-score": 0.9698324022346368,
        "support": 449.0
    },
    "car_horn": {
        "precision": 0.951063829787234,
        "recall": 0.9955456570155902,
        "f1-score": 0.9727965179542981,
        "support": 449.0
    },
    "children_playing": {
        "precision": 0.8303571428571429,
        "recall": 0.8285077951002228,
        "f1-score": 0.8294314381270903,
        "support": 449.0
    },
    "dog_bark": {
        "precision": 0.7698961937716263,
        "recall": 0.9910913140311804,
        "f1-score": 0.866601752677702,
        "support": 449.0
    },
    "drilling": {
        "precision": 0.9584664536741214,
        "recall": 0.6681514476614699,
        "f1-score": 0.7874015748031497,
        "support": 449.0
    },
    "engine_idling": {
        "precision": 0.59251968503937,
        "recall": 0.6703786191536748,
        "f1-score": 0.6290491118077325,
        "support": 449.0
    },
    "firetruck": {
        "precision": 0.9640102827763496,
        "recall": 0.8351893095768375,
        "f1-score": 0.8949880668257757,
        "support": 449.0
    },
    "gun_shot": {
        "precision": 1.0,
        "recall": 0.9380952380952381,
        "f1-score": 0.9680589680589681,
        "support": 420.0
    },
    "jackhammer": {
        "precision": 0.720616570327553,
        "recall": 0.8329621380846325,
        "f1-score": 0.7727272727272727,
        "support": 449.0
    },
    "police": {
        "precision": 0.8657587548638133,
        "recall": 0.9910913140311804,
        "f1-score": 0.9241952232606438,
        "support": 449.0
    },
    "street_music": {
        "precision": 0.7878787878787878,
        "recall": 0.7527839643652561,
        "f1-score": 0.7699316628701595,
        "support": 449.0
    },
    "traffic": {
        "precision": 1.0,
        "recall": 0.977728285077951,
        "f1-score": 0.9887387387387387,
        "support": 449.0
    },
    "accuracy": 0.8381542699724518,
    "macro avg": {
        "precision": 0.8445199095606287,
        "recall": 0.8386508072476891,
        "f1-score": 0.8367274179838364,
        "support": 5808.0
    },
    "weighted avg": {
        "precision": 0.8437435799079528,
        "recall": 0.8381542699724518,
        "f1-score": 0.8360716647207203,
        "support": 5808.0
    }
}