{
    "air_conditioner": {
        "precision": 0.3761467889908257,
        "recall": 0.2739420935412027,
        "f1-score": 0.3170103092783505,
        "support": 449.0
    },
    "ambulance": {
        "precision": 0.8747553816046967,
        "recall": 0.9955456570155902,
        "f1-score": 0.93125,
        "support": 449.0
    },
    "car_horn": {
        "precision": 0.9696969696969697,
        "recall": 0.49888641425389757,
        "f1-score": 0.6588235294117647,
        "support": 449.0
    },
    "children_playing": {
        "precision": 0.7175843694493783,
        "recall": 0.8997772828507795,
        "f1-score": 0.7984189723320159,
        "support": 449.0
    },
    "dog_bark": {
        "precision": 0.7992766726943942,
        "recall": 0.9844097995545658,
        "f1-score": 0.8822355289421158,
        "support": 449.0
    },
    "drilling": {
        "precision": 0.7190721649484536,
        "recall": 0.621380846325167,
        "f1-score": 0.6666666666666666,
        "support": 449.0
    },
    "engine_idling": {
        "precision": 0.5576923076923077,
        "recall": 0.7104677060133631,
        "f1-score": 0.6248775710088149,
        "support": 449.0
    },
    "firetruck": {
        "precision": 0.9874686716791979,
        "recall": 0.8775055679287305,
        "f1-score": 0.9292452830188679,
        "support": 449.0
    },
    "gun_shot": {
        "precision": 0.8603603603603603,
        "recall": 0.9095238095238095,
        "f1-score": 0.8842592592592593,
        "support": 420.0
    },
    "jackhammer": {
        "precision": 0.6442307692307693,
        "recall": 0.44766146993318484,
        "f1-score": 0.5282522996057819,
        "support": 449.0
    },
    "police": {
        "precision": 0.988558352402746,
        "recall": 0.9621380846325167,
        "f1-score": 0.9751693002257337,
        "support": 449.0
    },
    "street_music": {
        "precision": 0.5089430894308943,
        "recall": 0.6971046770601337,
        "f1-score": 0.5883458646616542,
        "support": 449.0
    },
    "traffic": {
        "precision": 0.9780701754385965,
        "recall": 0.9933184855233853,
        "f1-score": 0.9856353591160221,
        "support": 449.0
    },
    "accuracy": 0.7586088154269972,
    "macro avg": {
        "precision": 0.7678350825861224,
        "recall": 0.7593586072427944,
        "f1-score": 0.7515530725790037,
        "support": 5808.0
    },
    "weighted avg": {
        "precision": 0.7673730934236821,
        "recall": 0.7586088154269972,
        "f1-score": 0.7508904556000561,
        "support": 5808.0
    }
}