{
    "air_conditioner": {
        "precision": 0.4489112227805695,
        "recall": 0.5968819599109132,
        "f1-score": 0.5124282982791587,
        "support": 449.0
    },
    "ambulance": {
        "precision": 0.8868312757201646,
        "recall": 0.9599109131403119,
        "f1-score": 0.9219251336898395,
        "support": 449.0
    },
    "car_horn": {
        "precision": 0.9528301886792453,
        "recall": 0.9017857142857143,
        "f1-score": 0.926605504587156,
        "support": 336.0
    },
    "children_playing": {
        "precision": 0.6435643564356436,
        "recall": 0.7238307349665924,
        "f1-score": 0.6813417190775681,
        "support": 449.0
    },
    "dog_bark": {
        "precision": 0.43174603174603177,
        "recall": 0.9086859688195991,
        "f1-score": 0.5853658536585366,
        "support": 449.0
    },
    "drilling": {
        "precision": 0.470125786163522,
        "recall": 0.6659242761692651,
        "f1-score": 0.5511520737327189,
        "support": 449.0
    },
    "engine_idling": {
        "precision": 0.8827361563517915,
        "recall": 0.6035634743875279,
        "f1-score": 0.716931216931217,
        "support": 449.0
    },
    "firetruck": {
        "precision": 0.9200863930885529,
        "recall": 0.9487750556792873,
        "f1-score": 0.9342105263157895,
        "support": 449.0
    },
    "gun_shot": {
        "precision": 0.9726775956284153,
        "recall": 0.5816993464052288,
        "f1-score": 0.7280163599182005,
        "support": 612.0
    },
    "jackhammer": {
        "precision": 0.5625,
        "recall": 0.1403118040089087,
        "f1-score": 0.22459893048128343,
        "support": 449.0
    },
    "police": {
        "precision": 0.9871134020618557,
        "recall": 0.8530066815144766,
        "f1-score": 0.9151732377538829,
        "support": 449.0
    },
    "street_music": {
        "precision": 0.8509933774834437,
        "recall": 0.5723830734966593,
        "f1-score": 0.6844207723035952,
        "support": 449.0
    },
    "traffic": {
        "precision": 0.9718614718614719,
        "recall": 1.0,
        "f1-score": 0.9857299670691547,
        "support": 449.0
    },
    "accuracy": 0.7200611516901648,
    "macro avg": {
        "precision": 0.7678444044615929,
        "recall": 0.7274430002141912,
        "f1-score": 0.7206076610613923,
        "support": 5887.0
    },
    "weighted avg": {
        "precision": 0.7699650799403762,
        "recall": 0.7200611516901648,
        "f1-score": 0.7168586992124453,
        "support": 5887.0
    }
}