{
    "fold": 1,
    "best_epoch": 3,
    "train_loss": 0.09593645588229616,
    "val_loss": 1.7149495447343928,
    "test_loss": 1.2721167393441306,
    "train_accuracy": 97.14057921048095,
    "val_accuracy": 67.51180276272076,
    "test_accuracy": 71.21395268520118,
    "classification_report": {
        "air_conditioner": {
            "precision": 0.3170731707317073,
            "recall": 0.26057906458797325,
            "f1-score": 0.2860635696821516,
            "support": 449.0
        },
        "ambulance": {
            "precision": 0.9618320610687023,
            "recall": 0.8418708240534521,
            "f1-score": 0.8978622327790974,
            "support": 449.0
        },
        "car_horn": {
            "precision": 0.8322295805739515,
            "recall": 0.8726851851851852,
            "f1-score": 0.8519774011299435,
            "support": 432.0
        },
        "children_playing": {
            "precision": 0.7184466019417476,
            "recall": 0.6592427616926503,
            "f1-score": 0.6875725900116144,
            "support": 449.0
        },
        "dog_bark": {
            "precision": 0.6592292089249493,
            "recall": 0.7238307349665924,
            "f1-score": 0.6900212314225053,
            "support": 449.0
        },
        "drilling": {
            "precision": 0.7227488151658767,
            "recall": 0.6792873051224945,
            "f1-score": 0.7003444316877153,
            "support": 449.0
        },
        "engine_idling": {
            "precision": 0.3313521545319465,
            "recall": 0.49665924276169265,
            "f1-score": 0.39750445632798576,
            "support": 449.0
        },
        "firetruck": {
            "precision": 0.8913934426229508,
            "recall": 0.9688195991091314,
            "f1-score": 0.928495197438634,
            "support": 449.0
        },
        "gun_shot": {
            "precision": 0.8883826879271071,
            "recall": 0.9285714285714286,
            "f1-score": 0.9080325960419092,
            "support": 420.0
        },
        "jackhammer": {
            "precision": 0.5,
            "recall": 0.155902004454343,
            "f1-score": 0.23769100169779286,
            "support": 449.0
        },
        "police": {
            "precision": 0.8861283643892339,
            "recall": 0.9532293986636972,
            "f1-score": 0.9184549356223176,
            "support": 449.0
        },
        "street_music": {
            "precision": 0.598939929328622,
            "recall": 0.755011135857461,
            "f1-score": 0.6679802955665025,
            "support": 449.0
        },
        "traffic": {
            "precision": 0.9586956521739131,
            "recall": 0.9821826280623608,
            "f1-score": 0.9702970297029703,
            "support": 449.0
        },
        "accuracy": 0.7121395268520118,
        "macro avg": {
            "precision": 0.7128039745677468,
            "recall": 0.7136824086991125,
            "f1-score": 0.7032536130085492,
            "support": 5791.0
        },
        "weighted avg": {
            "precision": 0.7115741320553091,
            "recall": 0.7121395268520118,
            "f1-score": 0.7017915347999443,
            "support": 5791.0
        }
    },
    "paths": {
        "best_model": "output/vgg16/fold_1/checkpoint_epoch_3.pth",
        "confusion_matrix": "output/vgg16/fold_1/plots/confusion_matrix.png",
        "roc_curves": "output/vgg16/fold_1/plots/roc_curves.png",
        "classification_report": "output/vgg16/fold_1/classification_report.json",
        "grad_cam_dir": "output/vgg16/fold_1/grad_cam"
    }
}