{
    "fold": 5,
    "best_epoch": 4,
    "train_loss": 0.04232024901641347,
    "val_loss": 1.5676300868777202,
    "test_loss": 0.9219718683820952,
    "train_accuracy": 98.88975457732762,
    "val_accuracy": 77.99452429842573,
    "test_accuracy": 82.19154737559646,
    "classification_report": {
        "air_conditioner": {
            "precision": 0.7575757575757576,
            "recall": 0.16703786191536749,
            "f1-score": 0.2737226277372263,
            "support": 449.0
        },
        "ambulance": {
            "precision": 0.9365750528541226,
            "recall": 0.9866369710467706,
            "f1-score": 0.9609544468546638,
            "support": 449.0
        },
        "car_horn": {
            "precision": 0.802020202020202,
            "recall": 0.8841870824053452,
            "f1-score": 0.8411016949152542,
            "support": 449.0
        },
        "children_playing": {
            "precision": 0.9191176470588235,
            "recall": 0.8351893095768375,
            "f1-score": 0.8751458576429405,
            "support": 449.0
        },
        "dog_bark": {
            "precision": 0.8808988764044944,
            "recall": 0.8730512249443207,
            "f1-score": 0.8769574944071589,
            "support": 449.0
        },
        "drilling": {
            "precision": 0.7248157248157249,
            "recall": 0.6570155902004454,
            "f1-score": 0.6892523364485982,
            "support": 449.0
        },
        "engine_idling": {
            "precision": 0.4796084828711256,
            "recall": 0.6547884187082406,
            "f1-score": 0.5536723163841808,
            "support": 449.0
        },
        "firetruck": {
            "precision": 0.9975786924939467,
            "recall": 0.9175946547884187,
            "f1-score": 0.9559164733178654,
            "support": 449.0
        },
        "gun_shot": {
            "precision": 0.9716024340770791,
            "recall": 0.9979166666666667,
            "f1-score": 0.9845837615621789,
            "support": 480.0
        },
        "jackhammer": {
            "precision": 0.7026143790849673,
            "recall": 0.9576837416481069,
            "f1-score": 0.8105560791705938,
            "support": 449.0
        },
        "police": {
            "precision": 0.9909297052154195,
            "recall": 0.9732739420935412,
            "f1-score": 0.9820224719101124,
            "support": 449.0
        },
        "street_music": {
            "precision": 0.7217573221757322,
            "recall": 0.7683741648106904,
            "f1-score": 0.7443365695792881,
            "support": 449.0
        },
        "traffic": {
            "precision": 0.9144602851323829,
            "recall": 1.0,
            "f1-score": 0.9553191489361702,
            "support": 449.0
        },
        "accuracy": 0.8219154737559645,
        "macro avg": {
            "precision": 0.8307349662907522,
            "recall": 0.8209807406772887,
            "f1-score": 0.8079647137589407,
            "support": 5868.0
        },
        "weighted avg": {
            "precision": 0.8314791536631748,
            "recall": 0.8219154737559645,
            "f1-score": 0.8088977728049362,
            "support": 5868.0
        }
    },
    "paths": {
        "best_model": "output/inception/fold_5/checkpoint_epoch_4.pth",
        "confusion_matrix": "output/inception/fold_5/plots/confusion_matrix.png",
        "roc_curves": "output/inception/fold_5/plots/roc_curves.png",
        "classification_report": "output/inception/fold_5/classification_report.json",
        "grad_cam_dir": "output/inception/fold_5/grad_cam"
    }
}