{
    "air_conditioner": {
        "precision": 0.7906403940886699,
        "recall": 0.7149220489977728,
        "f1-score": 0.7508771929824561,
        "support": 449.0
    },
    "ambulance": {
        "precision": 0.9906542056074766,
        "recall": 0.9443207126948775,
        "f1-score": 0.9669327251995439,
        "support": 449.0
    },
    "car_horn": {
        "precision": 0.29491525423728815,
        "recall": 0.19376391982182628,
        "f1-score": 0.23387096774193547,
        "support": 449.0
    },
    "children_playing": {
        "precision": 0.4388412017167382,
        "recall": 0.910913140311804,
        "f1-score": 0.5923244026068066,
        "support": 449.0
    },
    "dog_bark": {
        "precision": 0.826797385620915,
        "recall": 0.5634743875278396,
        "f1-score": 0.6701986754966888,
        "support": 449.0
    },
    "drilling": {
        "precision": 0.8282352941176471,
        "recall": 0.7839643652561247,
        "f1-score": 0.8054919908466819,
        "support": 449.0
    },
    "engine_idling": {
        "precision": 0.8904109589041096,
        "recall": 0.1447661469933185,
        "f1-score": 0.24904214559386972,
        "support": 449.0
    },
    "firetruck": {
        "precision": 0.9814814814814815,
        "recall": 0.9443207126948775,
        "f1-score": 0.9625425652667423,
        "support": 449.0
    },
    "gun_shot": {
        "precision": 0.8318890814558059,
        "recall": 1.0,
        "f1-score": 0.9082308420056765,
        "support": 480.0
    },
    "jackhammer": {
        "precision": 0.7350427350427351,
        "recall": 0.9576837416481069,
        "f1-score": 0.8317214700193424,
        "support": 449.0
    },
    "police": {
        "precision": 0.9429824561403509,
        "recall": 0.9576837416481069,
        "f1-score": 0.9502762430939227,
        "support": 449.0
    },
    "street_music": {
        "precision": 0.700836820083682,
        "recall": 0.7461024498886414,
        "f1-score": 0.7227615965480043,
        "support": 449.0
    },
    "traffic": {
        "precision": 0.9452631578947368,
        "recall": 1.0,
        "f1-score": 0.9718614718614719,
        "support": 449.0
    },
    "accuracy": 0.7598841172460804,
    "macro avg": {
        "precision": 0.7844608020301258,
        "recall": 0.7586088744217919,
        "f1-score": 0.7397024837894725,
        "support": 5868.0
    },
    "weighted avg": {
        "precision": 0.7847113604251832,
        "recall": 0.7598841172460804,
        "f1-score": 0.7405928006103147,
        "support": 5868.0
    }
}