{
    "air_conditioner": {
        "precision": 0.2843601895734597,
        "recall": 0.267260579064588,
        "f1-score": 0.2755453501722158,
        "support": 449.0
    },
    "ambulance": {
        "precision": 0.8495238095238096,
        "recall": 0.9933184855233853,
        "f1-score": 0.9158110882956879,
        "support": 449.0
    },
    "car_horn": {
        "precision": 0.96875,
        "recall": 0.6458333333333334,
        "f1-score": 0.775,
        "support": 336.0
    },
    "children_playing": {
        "precision": 0.8864541832669323,
        "recall": 0.9910913140311804,
        "f1-score": 0.935856992639327,
        "support": 449.0
    },
    "dog_bark": {
        "precision": 0.8770685579196218,
        "recall": 0.8262806236080178,
        "f1-score": 0.8509174311926605,
        "support": 449.0
    },
    "drilling": {
        "precision": 0.6556122448979592,
        "recall": 0.5723830734966593,
        "f1-score": 0.6111771700356718,
        "support": 449.0
    },
    "engine_idling": {
        "precision": 0.4029451137884873,
        "recall": 0.6703786191536748,
        "f1-score": 0.5033444816053512,
        "support": 449.0
    },
    "firetruck": {
        "precision": 0.9575,
        "recall": 0.8530066815144766,
        "f1-score": 0.9022379269729093,
        "support": 449.0
    },
    "gun_shot": {
        "precision": 0.9583333333333334,
        "recall": 1.0,
        "f1-score": 0.9787234042553191,
        "support": 552.0
    },
    "jackhammer": {
        "precision": 0.46938775510204084,
        "recall": 0.10244988864142539,
        "f1-score": 0.16819012797074953,
        "support": 449.0
    },
    "police": {
        "precision": 0.96,
        "recall": 0.9621380846325167,
        "f1-score": 0.9610678531701891,
        "support": 449.0
    },
    "street_music": {
        "precision": 0.6281645569620253,
        "recall": 0.8841870824053452,
        "f1-score": 0.7345050878815911,
        "support": 449.0
    },
    "traffic": {
        "precision": 1.0,
        "recall": 0.9710467706013363,
        "f1-score": 0.9853107344632769,
        "support": 449.0
    },
    "accuracy": 0.7556203878496653,
    "macro avg": {
        "precision": 0.7613922880282822,
        "recall": 0.7491826566158415,
        "f1-score": 0.7382836652811497,
        "support": 5827.0
    },
    "weighted avg": {
        "precision": 0.7608523028238231,
        "recall": 0.7556203878496653,
        "f1-score": 0.7418217375809798,
        "support": 5827.0
    }
}