{
    "air_conditioner": {
        "precision": 0.32819383259911894,
        "recall": 0.33184855233853006,
        "f1-score": 0.3300110741971207,
        "support": 449.0
    },
    "ambulance": {
        "precision": 0.8453865336658354,
        "recall": 0.755011135857461,
        "f1-score": 0.7976470588235294,
        "support": 449.0
    },
    "car_horn": {
        "precision": 0.8842592592592593,
        "recall": 0.8507795100222717,
        "f1-score": 0.8671963677639046,
        "support": 449.0
    },
    "children_playing": {
        "precision": 0.6369426751592356,
        "recall": 0.6681514476614699,
        "f1-score": 0.6521739130434783,
        "support": 449.0
    },
    "dog_bark": {
        "precision": 0.7051039697542533,
        "recall": 0.8307349665924276,
        "f1-score": 0.7627811860940695,
        "support": 449.0
    },
    "drilling": {
        "precision": 0.5274888558692422,
        "recall": 0.7906458797327395,
        "f1-score": 0.6327985739750446,
        "support": 449.0
    },
    "engine_idling": {
        "precision": 0.4129353233830846,
        "recall": 0.36971046770601335,
        "f1-score": 0.3901292596944771,
        "support": 449.0
    },
    "firetruck": {
        "precision": 0.8348623853211009,
        "recall": 0.8106904231625836,
        "f1-score": 0.8225988700564971,
        "support": 449.0
    },
    "gun_shot": {
        "precision": 0.9112554112554112,
        "recall": 0.9745370370370371,
        "f1-score": 0.941834451901566,
        "support": 432.0
    },
    "jackhammer": {
        "precision": 0.5770925110132159,
        "recall": 0.29175946547884185,
        "f1-score": 0.3875739644970414,
        "support": 449.0
    },
    "police": {
        "precision": 0.823045267489712,
        "recall": 0.89086859688196,
        "f1-score": 0.8556149732620321,
        "support": 449.0
    },
    "street_music": {
        "precision": 0.6736292428198434,
        "recall": 0.5746102449888641,
        "f1-score": 0.6201923076923077,
        "support": 449.0
    },
    "traffic": {
        "precision": 0.9224137931034483,
        "recall": 0.9532293986636972,
        "f1-score": 0.9375684556407448,
        "support": 449.0
    },
    "accuracy": 0.6986254295532646,
    "macro avg": {
        "precision": 0.6986622354379046,
        "recall": 0.6994290097018383,
        "f1-score": 0.6921631120493703,
        "support": 5820.0
    },
    "weighted avg": {
        "precision": 0.6980412588075099,
        "recall": 0.6986254295532646,
        "f1-score": 0.6914338315034102,
        "support": 5820.0
    }
}