{
    "fold": 7,
    "best_epoch": 3,
    "train_loss": 0.438863856330968,
    "val_loss": 1.0659682289330268,
    "test_loss": 0.8616488423279446,
    "train_accuracy": 86.00121201627564,
    "val_accuracy": 71.08288999485156,
    "test_accuracy": 75.25055206386955,
    "classification_report": {
        "air_conditioner": {
            "precision": 0.5171288743882545,
            "recall": 0.7060133630289532,
            "f1-score": 0.5969868173258004,
            "support": 449.0
        },
        "ambulance": {
            "precision": 0.7863720073664825,
            "recall": 0.9510022271714922,
            "f1-score": 0.8608870967741935,
            "support": 449.0
        },
        "car_horn": {
            "precision": 0.9742489270386266,
            "recall": 0.6755952380952381,
            "f1-score": 0.7978910369068541,
            "support": 336.0
        },
        "children_playing": {
            "precision": 0.7294685990338164,
            "recall": 0.6726057906458798,
            "f1-score": 0.6998841251448435,
            "support": 449.0
        },
        "dog_bark": {
            "precision": 0.7847082494969819,
            "recall": 0.8685968819599109,
            "f1-score": 0.8245243128964059,
            "support": 449.0
        },
        "drilling": {
            "precision": 0.615257048092869,
            "recall": 0.8262806236080178,
            "f1-score": 0.7053231939163498,
            "support": 449.0
        },
        "engine_idling": {
            "precision": 0.5530434782608695,
            "recall": 0.7082405345211581,
            "f1-score": 0.62109375,
            "support": 449.0
        },
        "firetruck": {
            "precision": 0.7595505617977528,
            "recall": 0.7527839643652561,
            "f1-score": 0.756152125279642,
            "support": 449.0
        },
        "gun_shot": {
            "precision": 0.9907063197026023,
            "recall": 0.8709150326797386,
            "f1-score": 0.9269565217391305,
            "support": 612.0
        },
        "jackhammer": {
            "precision": 0.6538461538461539,
            "recall": 0.11358574610244988,
            "f1-score": 0.1935483870967742,
            "support": 449.0
        },
        "police": {
            "precision": 0.9249394673123487,
            "recall": 0.8507795100222717,
            "f1-score": 0.8863109048723898,
            "support": 449.0
        },
        "street_music": {
            "precision": 0.8127962085308057,
            "recall": 0.7639198218262806,
            "f1-score": 0.7876004592422503,
            "support": 449.0
        },
        "traffic": {
            "precision": 0.8401559454191033,
            "recall": 0.9599109131403119,
            "f1-score": 0.896049896049896,
            "support": 449.0
        },
        "accuracy": 0.7525055206386955,
        "macro avg": {
            "precision": 0.7647862954066669,
            "recall": 0.7477099728589968,
            "f1-score": 0.734862202095733,
            "support": 5887.0
        },
        "weighted avg": {
            "precision": 0.7670209967122256,
            "recall": 0.7525055206386955,
            "f1-score": 0.7389711057424492,
            "support": 5887.0
        }
    },
    "paths": {
        "best_model": "output/efficientnet/fold_7/checkpoint_epoch_3.pth",
        "confusion_matrix": "output/efficientnet/fold_7/plots/confusion_matrix.png",
        "roc_curves": "output/efficientnet/fold_7/plots/roc_curves.png",
        "classification_report": "output/efficientnet/fold_7/classification_report.json",
        "grad_cam_dir": "output/efficientnet/fold_7/grad_cam"
    }
}