{
    "fold": 2,
    "best_epoch": 2,
    "train_loss": 0.010747776537373384,
    "val_loss": 0.5849033402410786,
    "test_loss": 0.8441971056502323,
    "train_accuracy": 99.77331116820311,
    "val_accuracy": 83.42255223622863,
    "test_accuracy": 81.8870523415978,
    "classification_report": {
        "air_conditioner": {
            "precision": 0.5214285714285715,
            "recall": 0.32516703786191536,
            "f1-score": 0.40054869684499317,
            "support": 449.0
        },
        "ambulance": {
            "precision": 0.9593147751605996,
            "recall": 0.9977728285077951,
            "f1-score": 0.9781659388646288,
            "support": 449.0
        },
        "car_horn": {
            "precision": 0.755223880597015,
            "recall": 0.5634743875278396,
            "f1-score": 0.6454081632653061,
            "support": 449.0
        },
        "children_playing": {
            "precision": 0.8388349514563107,
            "recall": 0.9621380846325167,
            "f1-score": 0.8962655601659751,
            "support": 449.0
        },
        "dog_bark": {
            "precision": 0.8490196078431372,
            "recall": 0.9643652561247216,
            "f1-score": 0.9030239833159541,
            "support": 449.0
        },
        "drilling": {
            "precision": 0.603290676416819,
            "recall": 0.734966592427617,
            "f1-score": 0.6626506024096386,
            "support": 449.0
        },
        "engine_idling": {
            "precision": 0.5017857142857143,
            "recall": 0.6258351893095768,
            "f1-score": 0.5569871159563925,
            "support": 449.0
        },
        "firetruck": {
            "precision": 0.9772727272727273,
            "recall": 0.9576837416481069,
            "f1-score": 0.9673790776152981,
            "support": 449.0
        },
        "gun_shot": {
            "precision": 0.960093896713615,
            "recall": 0.9738095238095238,
            "f1-score": 0.966903073286052,
            "support": 420.0
        },
        "jackhammer": {
            "precision": 0.7927710843373494,
            "recall": 0.732739420935412,
            "f1-score": 0.7615740740740741,
            "support": 449.0
        },
        "police": {
            "precision": 0.9954545454545455,
            "recall": 0.9755011135857461,
            "f1-score": 0.9853768278965129,
            "support": 449.0
        },
        "street_music": {
            "precision": 0.9064748201438849,
            "recall": 0.8418708240534521,
            "f1-score": 0.8729792147806005,
            "support": 449.0
        },
        "traffic": {
            "precision": 0.9846491228070176,
            "recall": 1.0,
            "f1-score": 0.9922651933701657,
            "support": 449.0
        },
        "accuracy": 0.818870523415978,
        "macro avg": {
            "precision": 0.8188934133782543,
            "recall": 0.8196403077249402,
            "f1-score": 0.8145790401419687,
            "support": 5808.0
        },
        "weighted avg": {
            "precision": 0.8181883834166969,
            "recall": 0.818870523415978,
            "f1-score": 0.8138184690398371,
            "support": 5808.0
        }
    },
    "paths": {
        "best_model": "output/mobilenet/fold_2/checkpoint_epoch_2.pth",
        "confusion_matrix": "output/mobilenet/fold_2/plots/confusion_matrix.png",
        "roc_curves": "output/mobilenet/fold_2/plots/roc_curves.png",
        "classification_report": "output/mobilenet/fold_2/classification_report.json",
        "grad_cam_dir": "output/mobilenet/fold_2/grad_cam"
    }
}