{
    "air_conditioner": {
        "precision": 0.7670886075949367,
        "recall": 0.6748329621380846,
        "f1-score": 0.7180094786729858,
        "support": 449.0
    },
    "ambulance": {
        "precision": 0.8088803088803089,
        "recall": 0.933184855233853,
        "f1-score": 0.8665977249224406,
        "support": 449.0
    },
    "car_horn": {
        "precision": 0.7824074074074074,
        "recall": 0.42676767676767674,
        "f1-score": 0.5522875816993464,
        "support": 396.0
    },
    "children_playing": {
        "precision": 0.7099236641221374,
        "recall": 0.8285077951002228,
        "f1-score": 0.7646454265159301,
        "support": 449.0
    },
    "dog_bark": {
        "precision": 0.840782122905028,
        "recall": 0.6703786191536748,
        "f1-score": 0.7459727385377943,
        "support": 449.0
    },
    "drilling": {
        "precision": 0.8925,
        "recall": 0.7951002227171492,
        "f1-score": 0.8409893992932862,
        "support": 449.0
    },
    "engine_idling": {
        "precision": 0.6328413284132841,
        "recall": 0.7639198218262806,
        "f1-score": 0.6922300706357215,
        "support": 449.0
    },
    "firetruck": {
        "precision": 0.7416829745596869,
        "recall": 0.844097995545657,
        "f1-score": 0.7895833333333333,
        "support": 449.0
    },
    "gun_shot": {
        "precision": 0.989100817438692,
        "recall": 0.9453125,
        "f1-score": 0.966711051930759,
        "support": 384.0
    },
    "jackhammer": {
        "precision": 0.8372093023255814,
        "recall": 0.6414253897550112,
        "f1-score": 0.7263556116015133,
        "support": 449.0
    },
    "police": {
        "precision": 0.9105504587155964,
        "recall": 0.8841870824053452,
        "f1-score": 0.8971751412429378,
        "support": 449.0
    },
    "street_music": {
        "precision": 0.5344827586206896,
        "recall": 0.7594654788418709,
        "f1-score": 0.6274149034038639,
        "support": 449.0
    },
    "traffic": {
        "precision": 0.9531914893617022,
        "recall": 0.9977728285077951,
        "f1-score": 0.9749727965179543,
        "support": 449.0
    },
    "accuracy": 0.7833537331701347,
    "macro avg": {
        "precision": 0.8000493261803885,
        "recall": 0.7819194790763555,
        "f1-score": 0.781765019869836,
        "support": 5719.0
    },
    "weighted avg": {
        "precision": 0.798064132049103,
        "recall": 0.7833537331701347,
        "f1-score": 0.7817896416811798,
        "support": 5719.0
    }
}