{
    "air_conditioner": {
        "precision": 0.30538922155688625,
        "recall": 0.11358574610244988,
        "f1-score": 0.16558441558441558,
        "support": 449.0
    },
    "ambulance": {
        "precision": 0.9468085106382979,
        "recall": 0.9910913140311804,
        "f1-score": 0.9684439608269858,
        "support": 449.0
    },
    "car_horn": {
        "precision": 0.8088235294117647,
        "recall": 0.8184523809523809,
        "f1-score": 0.8136094674556213,
        "support": 336.0
    },
    "children_playing": {
        "precision": 0.6704545454545454,
        "recall": 0.7884187082405345,
        "f1-score": 0.7246673490276356,
        "support": 449.0
    },
    "dog_bark": {
        "precision": 0.7485380116959064,
        "recall": 0.8552338530066815,
        "f1-score": 0.7983367983367984,
        "support": 449.0
    },
    "drilling": {
        "precision": 0.7953795379537953,
        "recall": 0.5367483296213809,
        "f1-score": 0.6409574468085106,
        "support": 449.0
    },
    "engine_idling": {
        "precision": 0.4190340909090909,
        "recall": 0.6570155902004454,
        "f1-score": 0.5117085862966175,
        "support": 449.0
    },
    "firetruck": {
        "precision": 0.9487750556792873,
        "recall": 0.9487750556792873,
        "f1-score": 0.9487750556792873,
        "support": 449.0
    },
    "gun_shot": {
        "precision": 0.8854337152209493,
        "recall": 0.980072463768116,
        "f1-score": 0.9303525365434222,
        "support": 552.0
    },
    "jackhammer": {
        "precision": 0.6970954356846473,
        "recall": 0.3741648106904232,
        "f1-score": 0.48695652173913045,
        "support": 449.0
    },
    "police": {
        "precision": 0.8893528183716075,
        "recall": 0.9487750556792873,
        "f1-score": 0.9181034482758621,
        "support": 449.0
    },
    "street_music": {
        "precision": 0.5075125208681135,
        "recall": 0.6770601336302895,
        "f1-score": 0.5801526717557252,
        "support": 449.0
    },
    "traffic": {
        "precision": 1.0,
        "recall": 0.9420935412026726,
        "f1-score": 0.9701834862385321,
        "support": 449.0
    },
    "accuracy": 0.7436073451175562,
    "macro avg": {
        "precision": 0.7401997687265301,
        "recall": 0.7408836140619329,
        "f1-score": 0.7275255188129649,
        "support": 5827.0
    },
    "weighted avg": {
        "precision": 0.7414361873864741,
        "recall": 0.7436073451175562,
        "f1-score": 0.7294413754509634,
        "support": 5827.0
    }
}