{
    "fold": 10,
    "best_epoch": 1,
    "train_loss": 0.08718314485469425,
    "val_loss": 0.6860988254778256,
    "test_loss": 0.7052622389336136,
    "train_accuracy": 97.86469981076897,
    "val_accuracy": 87.7963125548727,
    "test_accuracy": 85.8891414582969,
    "classification_report": {
        "air_conditioner": {
            "precision": 0.7716981132075472,
            "recall": 0.910913140311804,
            "f1-score": 0.8355464759959143,
            "support": 449.0
        },
        "ambulance": {
            "precision": 0.9352818371607515,
            "recall": 0.9977728285077951,
            "f1-score": 0.9655172413793104,
            "support": 449.0
        },
        "car_horn": {
            "precision": 0.9577464788732394,
            "recall": 0.5151515151515151,
            "f1-score": 0.6699507389162561,
            "support": 396.0
        },
        "children_playing": {
            "precision": 0.964516129032258,
            "recall": 0.6659242761692651,
            "f1-score": 0.7878787878787878,
            "support": 449.0
        },
        "dog_bark": {
            "precision": 0.6878306878306878,
            "recall": 0.8685968819599109,
            "f1-score": 0.7677165354330708,
            "support": 449.0
        },
        "drilling": {
            "precision": 0.836027713625866,
            "recall": 0.8062360801781737,
            "f1-score": 0.8208616780045351,
            "support": 449.0
        },
        "engine_idling": {
            "precision": 0.9005524861878453,
            "recall": 0.7260579064587973,
            "f1-score": 0.8039457459926017,
            "support": 449.0
        },
        "firetruck": {
            "precision": 0.9954233409610984,
            "recall": 0.9688195991091314,
            "f1-score": 0.981941309255079,
            "support": 449.0
        },
        "gun_shot": {
            "precision": 0.987146529562982,
            "recall": 1.0,
            "f1-score": 0.9935316946959897,
            "support": 384.0
        },
        "jackhammer": {
            "precision": 0.7699115044247787,
            "recall": 0.9688195991091314,
            "f1-score": 0.8579881656804734,
            "support": 449.0
        },
        "police": {
            "precision": 0.9953488372093023,
            "recall": 0.9532293986636972,
            "f1-score": 0.9738339021615472,
            "support": 449.0
        },
        "street_music": {
            "precision": 0.6187050359712231,
            "recall": 0.7661469933184856,
            "f1-score": 0.6845771144278607,
            "support": 449.0
        },
        "traffic": {
            "precision": 1.0,
            "recall": 0.9977728285077951,
            "f1-score": 0.9988851727982163,
            "support": 449.0
        },
        "accuracy": 0.858891414582969,
        "macro avg": {
            "precision": 0.8784760533882753,
            "recall": 0.8573416190342695,
            "f1-score": 0.8570903509707417,
            "support": 5719.0
        },
        "weighted avg": {
            "precision": 0.8765063185566514,
            "recall": 0.858891414582969,
            "f1-score": 0.8572738991604161,
            "support": 5719.0
        }
    },
    "paths": {
        "best_model": "output/inception/fold_10/checkpoint_epoch_1.pth",
        "confusion_matrix": "output/inception/fold_10/plots/confusion_matrix.png",
        "roc_curves": "output/inception/fold_10/plots/roc_curves.png",
        "classification_report": "output/inception/fold_10/classification_report.json",
        "grad_cam_dir": "output/inception/fold_10/grad_cam"
    }
}