{
    "fold": 10,
    "best_epoch": 4,
    "train_loss": 0.0008020999119320802,
    "val_loss": 0.8713224293772664,
    "test_loss": 0.5721198105987747,
    "train_accuracy": 99.98279717873731,
    "val_accuracy": 86.25109745390694,
    "test_accuracy": 88.52946319286589,
    "classification_report": {
        "air_conditioner": {
            "precision": 0.8661087866108786,
            "recall": 0.9220489977728286,
            "f1-score": 0.8932038834951457,
            "support": 449.0
        },
        "ambulance": {
            "precision": 0.9532908704883227,
            "recall": 1.0,
            "f1-score": 0.9760869565217392,
            "support": 449.0
        },
        "car_horn": {
            "precision": 0.9803921568627451,
            "recall": 0.5050505050505051,
            "f1-score": 0.6666666666666666,
            "support": 396.0
        },
        "children_playing": {
            "precision": 0.8568421052631578,
            "recall": 0.9064587973273942,
            "f1-score": 0.8809523809523809,
            "support": 449.0
        },
        "dog_bark": {
            "precision": 0.9022727272727272,
            "recall": 0.8841870824053452,
            "f1-score": 0.8931383577052868,
            "support": 449.0
        },
        "drilling": {
            "precision": 0.8351648351648352,
            "recall": 0.8463251670378619,
            "f1-score": 0.8407079646017699,
            "support": 449.0
        },
        "engine_idling": {
            "precision": 0.8801089918256131,
            "recall": 0.7193763919821826,
            "f1-score": 0.7916666666666666,
            "support": 449.0
        },
        "firetruck": {
            "precision": 0.9819004524886877,
            "recall": 0.9665924276169265,
            "f1-score": 0.9741863075196409,
            "support": 449.0
        },
        "gun_shot": {
            "precision": 0.9846153846153847,
            "recall": 1.0,
            "f1-score": 0.9922480620155039,
            "support": 384.0
        },
        "jackhammer": {
            "precision": 0.8205689277899344,
            "recall": 0.8351893095768375,
            "f1-score": 0.8278145695364238,
            "support": 449.0
        },
        "police": {
            "precision": 0.9819819819819819,
            "recall": 0.9710467706013363,
            "f1-score": 0.9764837625979843,
            "support": 449.0
        },
        "street_music": {
            "precision": 0.6430769230769231,
            "recall": 0.9309576837416481,
            "f1-score": 0.7606915377616015,
            "support": 449.0
        },
        "traffic": {
            "precision": 1.0,
            "recall": 0.9933184855233853,
            "f1-score": 0.9966480446927374,
            "support": 449.0
        },
        "accuracy": 0.8852946319286589,
        "macro avg": {
            "precision": 0.8989480110339377,
            "recall": 0.8831193552797115,
            "f1-score": 0.8823457815948882,
            "support": 5719.0
        },
        "weighted avg": {
            "precision": 0.8972195761656532,
            "recall": 0.8852946319286589,
            "f1-score": 0.8830954484708902,
            "support": 5719.0
        }
    },
    "paths": {
        "best_model": "output/convnext/fold_10/checkpoint_epoch_4.pth",
        "confusion_matrix": "output/convnext/fold_10/plots/confusion_matrix.png",
        "roc_curves": "output/convnext/fold_10/plots/roc_curves.png",
        "classification_report": "output/convnext/fold_10/classification_report.json",
        "grad_cam_dir": "output/convnext/fold_10/grad_cam"
    }
}