{
    "air_conditioner": {
        "precision": 0.4216417910447761,
        "recall": 0.2516703786191537,
        "f1-score": 0.31520223152022314,
        "support": 449.0
    },
    "ambulance": {
        "precision": 0.9340425531914893,
        "recall": 0.977728285077951,
        "f1-score": 0.955386289445049,
        "support": 449.0
    },
    "car_horn": {
        "precision": 0.9834710743801653,
        "recall": 0.9916666666666667,
        "f1-score": 0.9875518672199171,
        "support": 360.0
    },
    "children_playing": {
        "precision": 0.8308080808080808,
        "recall": 0.732739420935412,
        "f1-score": 0.778698224852071,
        "support": 449.0
    },
    "dog_bark": {
        "precision": 0.6094946401225115,
        "recall": 0.8864142538975501,
        "f1-score": 0.7223230490018149,
        "support": 449.0
    },
    "drilling": {
        "precision": 0.5459459459459459,
        "recall": 0.8997772828507795,
        "f1-score": 0.6795626576955425,
        "support": 449.0
    },
    "engine_idling": {
        "precision": 0.46846846846846846,
        "recall": 0.23162583518930957,
        "f1-score": 0.30998509687034276,
        "support": 449.0
    },
    "firetruck": {
        "precision": 0.9568034557235421,
        "recall": 0.9866369710467706,
        "f1-score": 0.9714912280701754,
        "support": 449.0
    },
    "gun_shot": {
        "precision": 0.5872756933115824,
        "recall": 1.0,
        "f1-score": 0.7399794450154162,
        "support": 360.0
    },
    "jackhammer": {
        "precision": 0.5253164556962026,
        "recall": 0.18485523385300667,
        "f1-score": 0.27347611202635913,
        "support": 449.0
    },
    "police": {
        "precision": 0.9832134292565947,
        "recall": 0.9131403118040089,
        "f1-score": 0.9468822170900693,
        "support": 449.0
    },
    "street_music": {
        "precision": 0.6139954853273137,
        "recall": 0.6057906458797327,
        "f1-score": 0.6098654708520179,
        "support": 449.0
    },
    "traffic": {
        "precision": 0.9889624724061811,
        "recall": 0.9977728285077951,
        "f1-score": 0.9933481152993349,
        "support": 449.0
    },
    "accuracy": 0.7351122106379219,
    "macro avg": {
        "precision": 0.7268799650525272,
        "recall": 0.743062931871395,
        "f1-score": 0.7141347696121796,
        "support": 5659.0
    },
    "weighted avg": {
        "precision": 0.7250400943076579,
        "recall": 0.7351122106379219,
        "f1-score": 0.7094282317436557,
        "support": 5659.0
    }
}