{
    "air_conditioner": {
        "precision": 0.41724137931034483,
        "recall": 0.5389755011135857,
        "f1-score": 0.4703595724003887,
        "support": 449.0
    },
    "ambulance": {
        "precision": 0.9139344262295082,
        "recall": 0.9933184855233853,
        "f1-score": 0.951974386339381,
        "support": 449.0
    },
    "car_horn": {
        "precision": 0.9773755656108597,
        "recall": 0.6428571428571429,
        "f1-score": 0.7755834829443446,
        "support": 336.0
    },
    "children_playing": {
        "precision": 0.7761506276150628,
        "recall": 0.8262806236080178,
        "f1-score": 0.8004314994606256,
        "support": 449.0
    },
    "dog_bark": {
        "precision": 0.7013888888888888,
        "recall": 0.8997772828507795,
        "f1-score": 0.7882926829268293,
        "support": 449.0
    },
    "drilling": {
        "precision": 0.6005291005291006,
        "recall": 0.5055679287305123,
        "f1-score": 0.5489721886336155,
        "support": 449.0
    },
    "engine_idling": {
        "precision": 0.3525046382189239,
        "recall": 0.42316258351893093,
        "f1-score": 0.38461538461538464,
        "support": 449.0
    },
    "firetruck": {
        "precision": 0.9638009049773756,
        "recall": 0.9487750556792873,
        "f1-score": 0.9562289562289562,
        "support": 449.0
    },
    "gun_shot": {
        "precision": 0.905940594059406,
        "recall": 0.9945652173913043,
        "f1-score": 0.9481865284974094,
        "support": 552.0
    },
    "jackhammer": {
        "precision": 0.72,
        "recall": 0.3207126948775056,
        "f1-score": 0.4437596302003082,
        "support": 449.0
    },
    "police": {
        "precision": 0.9501133786848073,
        "recall": 0.933184855233853,
        "f1-score": 0.9415730337078652,
        "support": 449.0
    },
    "street_music": {
        "precision": 0.7847533632286996,
        "recall": 0.779510022271715,
        "f1-score": 0.7821229050279329,
        "support": 449.0
    },
    "traffic": {
        "precision": 1.0,
        "recall": 0.9621380846325167,
        "f1-score": 0.9807037457434733,
        "support": 449.0
    },
    "accuracy": 0.7578513814999142,
    "macro avg": {
        "precision": 0.7741332974886905,
        "recall": 0.7514481137145028,
        "f1-score": 0.7517541535943472,
        "support": 5827.0
    },
    "weighted avg": {
        "precision": 0.772521795043003,
        "recall": 0.7578513814999142,
        "f1-score": 0.7547642480509228,
        "support": 5827.0
    }
}