{
    "fold": 8,
    "best_epoch": 0,
    "train_loss": 0.24409930019607318,
    "val_loss": 0.6314886205768941,
    "test_loss": 0.8246427312299734,
    "train_accuracy": 91.96066591908911,
    "val_accuracy": 81.90929165958893,
    "test_accuracy": 78.97154974377098,
    "classification_report": {
        "air_conditioner": {
            "precision": 0.5682656826568265,
            "recall": 0.3429844097995546,
            "f1-score": 0.42777777777777776,
            "support": 449.0
        },
        "ambulance": {
            "precision": 0.9503239740820735,
            "recall": 0.9799554565701559,
            "f1-score": 0.9649122807017544,
            "support": 449.0
        },
        "car_horn": {
            "precision": 0.917312661498708,
            "recall": 0.9861111111111112,
            "f1-score": 0.9504685408299867,
            "support": 360.0
        },
        "children_playing": {
            "precision": 0.8903743315508021,
            "recall": 0.7416481069042317,
            "f1-score": 0.8092345078979344,
            "support": 449.0
        },
        "dog_bark": {
            "precision": 0.7115384615384616,
            "recall": 0.9064587973273942,
            "f1-score": 0.7972575905974535,
            "support": 449.0
        },
        "drilling": {
            "precision": 0.7135506003430532,
            "recall": 0.9265033407572383,
            "f1-score": 0.8062015503875969,
            "support": 449.0
        },
        "engine_idling": {
            "precision": 0.4256410256410256,
            "recall": 0.5545657015590201,
            "f1-score": 0.4816247582205029,
            "support": 449.0
        },
        "firetruck": {
            "precision": 0.991130820399113,
            "recall": 0.9955456570155902,
            "f1-score": 0.9933333333333333,
            "support": 449.0
        },
        "gun_shot": {
            "precision": 0.9147286821705426,
            "recall": 0.9833333333333333,
            "f1-score": 0.9477911646586346,
            "support": 360.0
        },
        "jackhammer": {
            "precision": 0.6808510638297872,
            "recall": 0.35634743875278396,
            "f1-score": 0.4678362573099415,
            "support": 449.0
        },
        "police": {
            "precision": 0.9815242494226328,
            "recall": 0.9465478841870824,
            "f1-score": 0.963718820861678,
            "support": 449.0
        },
        "street_music": {
            "precision": 0.6029723991507431,
            "recall": 0.6325167037861915,
            "f1-score": 0.6173913043478261,
            "support": 449.0
        },
        "traffic": {
            "precision": 0.9955257270693513,
            "recall": 0.9910913140311804,
            "f1-score": 0.9933035714285714,
            "support": 449.0
        },
        "accuracy": 0.7897154974377099,
        "macro avg": {
            "precision": 0.7956722830271631,
            "recall": 0.7956622503949897,
            "f1-score": 0.7862193429502301,
            "support": 5659.0
        },
        "weighted avg": {
            "precision": 0.7918868062277766,
            "recall": 0.7897154974377099,
            "f1-score": 0.7810951035539858,
            "support": 5659.0
        }
    },
    "paths": {
        "best_model": "output/convnext/fold_8/checkpoint_epoch_0.pth",
        "confusion_matrix": "output/convnext/fold_8/plots/confusion_matrix.png",
        "roc_curves": "output/convnext/fold_8/plots/roc_curves.png",
        "classification_report": "output/convnext/fold_8/classification_report.json",
        "grad_cam_dir": "output/convnext/fold_8/grad_cam"
    }
}