{
    "air_conditioner": {
        "precision": 0.51338199513382,
        "recall": 0.46993318485523383,
        "f1-score": 0.4906976744186046,
        "support": 449.0
    },
    "ambulance": {
        "precision": 0.697391304347826,
        "recall": 0.8930957683741648,
        "f1-score": 0.783203125,
        "support": 449.0
    },
    "car_horn": {
        "precision": 0.7092511013215859,
        "recall": 0.4065656565656566,
        "f1-score": 0.5168539325842697,
        "support": 396.0
    },
    "children_playing": {
        "precision": 0.6150537634408603,
        "recall": 0.6369710467706013,
        "f1-score": 0.6258205689277899,
        "support": 449.0
    },
    "dog_bark": {
        "precision": 0.6688888888888889,
        "recall": 0.6703786191536748,
        "f1-score": 0.6696329254727474,
        "support": 449.0
    },
    "drilling": {
        "precision": 0.7236286919831224,
        "recall": 0.7639198218262806,
        "f1-score": 0.7432286023835319,
        "support": 449.0
    },
    "engine_idling": {
        "precision": 0.6229508196721312,
        "recall": 0.5924276169265034,
        "f1-score": 0.6073059360730594,
        "support": 449.0
    },
    "firetruck": {
        "precision": 0.8051948051948052,
        "recall": 0.8285077951002228,
        "f1-score": 0.8166849615806806,
        "support": 449.0
    },
    "gun_shot": {
        "precision": 0.976063829787234,
        "recall": 0.9557291666666666,
        "f1-score": 0.9657894736842105,
        "support": 384.0
    },
    "jackhammer": {
        "precision": 0.7581047381546134,
        "recall": 0.6770601336302895,
        "f1-score": 0.7152941176470589,
        "support": 449.0
    },
    "police": {
        "precision": 0.8413461538461539,
        "recall": 0.779510022271715,
        "f1-score": 0.8092485549132948,
        "support": 449.0
    },
    "street_music": {
        "precision": 0.5694444444444444,
        "recall": 0.6391982182628062,
        "f1-score": 0.602308499475341,
        "support": 449.0
    },
    "traffic": {
        "precision": 0.8267419962335216,
        "recall": 0.977728285077951,
        "f1-score": 0.8959183673469387,
        "support": 449.0
    },
    "accuracy": 0.7148102815177478,
    "macro avg": {
        "precision": 0.7174955794191545,
        "recall": 0.7146942565755204,
        "f1-score": 0.7109220568851945,
        "support": 5719.0
    },
    "weighted avg": {
        "precision": 0.7146331945730704,
        "recall": 0.7148102815177478,
        "f1-score": 0.7098238279109004,
        "support": 5719.0
    }
}