{
    "fold": 8,
    "best_epoch": 4,
    "train_loss": 0.0290546759478507,
    "val_loss": 0.9744578207503408,
    "test_loss": 1.3517795344817929,
    "train_accuracy": 99.11584576899854,
    "val_accuracy": 78.97061321555971,
    "test_accuracy": 76.0735112210638,
    "classification_report": {
        "air_conditioner": {
            "precision": 0.15,
            "recall": 0.0467706013363029,
            "f1-score": 0.07130730050933787,
            "support": 449.0
        },
        "ambulance": {
            "precision": 0.9195876288659793,
            "recall": 0.9933184855233853,
            "f1-score": 0.9550321199143469,
            "support": 449.0
        },
        "car_horn": {
            "precision": 0.8294392523364486,
            "recall": 0.9861111111111112,
            "f1-score": 0.9010152284263959,
            "support": 360.0
        },
        "children_playing": {
            "precision": 0.7305389221556886,
            "recall": 0.5434298440979956,
            "f1-score": 0.6232439335887612,
            "support": 449.0
        },
        "dog_bark": {
            "precision": 0.6695501730103807,
            "recall": 0.8619153674832962,
            "f1-score": 0.75365141187926,
            "support": 449.0
        },
        "drilling": {
            "precision": 0.6968085106382979,
            "recall": 0.8752783964365256,
            "f1-score": 0.7759131293188549,
            "support": 449.0
        },
        "engine_idling": {
            "precision": 0.5165016501650165,
            "recall": 0.6971046770601337,
            "f1-score": 0.5933649289099526,
            "support": 449.0
        },
        "firetruck": {
            "precision": 0.9929906542056075,
            "recall": 0.9465478841870824,
            "f1-score": 0.9692132269099202,
            "support": 449.0
        },
        "gun_shot": {
            "precision": 0.7515657620041754,
            "recall": 1.0,
            "f1-score": 0.8581644815256257,
            "support": 360.0
        },
        "jackhammer": {
            "precision": 0.767379679144385,
            "recall": 0.6391982182628062,
            "f1-score": 0.6974483596597812,
            "support": 449.0
        },
        "police": {
            "precision": 0.965034965034965,
            "recall": 0.9220489977728286,
            "f1-score": 0.9430523917995444,
            "support": 449.0
        },
        "street_music": {
            "precision": 0.5910364145658263,
            "recall": 0.46993318485523383,
            "f1-score": 0.5235732009925558,
            "support": 449.0
        },
        "traffic": {
            "precision": 0.9824945295404814,
            "recall": 1.0,
            "f1-score": 0.9911699779249448,
            "support": 449.0
        },
        "accuracy": 0.7607351122106379,
        "macro avg": {
            "precision": 0.7356098570513272,
            "recall": 0.7678197513943618,
            "f1-score": 0.7427807454891755,
            "support": 5659.0
        },
        "weighted avg": {
            "precision": 0.7338832460385724,
            "recall": 0.7607351122106379,
            "f1-score": 0.738477507905034,
            "support": 5659.0
        }
    },
    "paths": {
        "best_model": "output/resnet18/fold_8/checkpoint_epoch_4.pth",
        "confusion_matrix": "output/resnet18/fold_8/plots/confusion_matrix.png",
        "roc_curves": "output/resnet18/fold_8/plots/roc_curves.png",
        "classification_report": "output/resnet18/fold_8/classification_report.json",
        "grad_cam_dir": "output/resnet18/fold_8/grad_cam"
    }
}