{
    "fold": 7,
    "best_epoch": 4,
    "train_loss": 0.027708639675919664,
    "val_loss": 0.9400471987634091,
    "test_loss": 0.7413236424345877,
    "train_accuracy": 99.1775603843823,
    "val_accuracy": 83.57645443624507,
    "test_accuracy": 86.0370307457109,
    "classification_report": {
        "air_conditioner": {
            "precision": 0.4726962457337884,
            "recall": 0.6169265033407573,
            "f1-score": 0.5352657004830917,
            "support": 449.0
        },
        "ambulance": {
            "precision": 0.9756637168141593,
            "recall": 0.9821826280623608,
            "f1-score": 0.978912319644839,
            "support": 449.0
        },
        "car_horn": {
            "precision": 1.0,
            "recall": 0.9851190476190477,
            "f1-score": 0.992503748125937,
            "support": 336.0
        },
        "children_playing": {
            "precision": 0.7728119180633147,
            "recall": 0.9242761692650334,
            "f1-score": 0.8417849898580122,
            "support": 449.0
        },
        "dog_bark": {
            "precision": 0.8809034907597536,
            "recall": 0.955456570155902,
            "f1-score": 0.9166666666666666,
            "support": 449.0
        },
        "drilling": {
            "precision": 0.7508650519031141,
            "recall": 0.9665924276169265,
            "f1-score": 0.8451801363193768,
            "support": 449.0
        },
        "engine_idling": {
            "precision": 0.7990543735224587,
            "recall": 0.7527839643652561,
            "f1-score": 0.7752293577981652,
            "support": 449.0
        },
        "firetruck": {
            "precision": 0.9842342342342343,
            "recall": 0.9732739420935412,
            "f1-score": 0.9787234042553191,
            "support": 449.0
        },
        "gun_shot": {
            "precision": 1.0,
            "recall": 0.9183006535947712,
            "f1-score": 0.9574105621805792,
            "support": 612.0
        },
        "jackhammer": {
            "precision": 0.7760416666666666,
            "recall": 0.33184855233853006,
            "f1-score": 0.46489859594383776,
            "support": 449.0
        },
        "police": {
            "precision": 0.9954337899543378,
            "recall": 0.9710467706013363,
            "f1-score": 0.9830890642615558,
            "support": 449.0
        },
        "street_music": {
            "precision": 0.924433249370277,
            "recall": 0.8173719376391982,
            "f1-score": 0.8676122931442081,
            "support": 449.0
        },
        "traffic": {
            "precision": 0.9760869565217392,
            "recall": 1.0,
            "f1-score": 0.9878987898789879,
            "support": 449.0
        },
        "accuracy": 0.8603703074571089,
        "macro avg": {
            "precision": 0.8698634379649111,
            "recall": 0.8611676282071278,
            "f1-score": 0.8557827406585059,
            "support": 5887.0
        },
        "weighted avg": {
            "precision": 0.8709687255650052,
            "recall": 0.8603703074571089,
            "f1-score": 0.8559722872975882,
            "support": 5887.0
        }
    },
    "paths": {
        "best_model": "output/mobilenet/fold_7/checkpoint_epoch_4.pth",
        "confusion_matrix": "output/mobilenet/fold_7/plots/confusion_matrix.png",
        "roc_curves": "output/mobilenet/fold_7/plots/roc_curves.png",
        "classification_report": "output/mobilenet/fold_7/classification_report.json",
        "grad_cam_dir": "output/mobilenet/fold_7/grad_cam"
    }
}