{
    "fold": 8,
    "best_epoch": 3,
    "train_loss": 0.002697721808669077,
    "val_loss": 0.6874448865329476,
    "test_loss": 0.9698316697974311,
    "train_accuracy": 99.93746226170965,
    "val_accuracy": 87.51486325802615,
    "test_accuracy": 81.3924721682276,
    "classification_report": {
        "air_conditioner": {
            "precision": 0.6140350877192983,
            "recall": 0.311804008908686,
            "f1-score": 0.413589364844904,
            "support": 449.0
        },
        "ambulance": {
            "precision": 0.9531914893617022,
            "recall": 0.9977728285077951,
            "f1-score": 0.9749727965179543,
            "support": 449.0
        },
        "car_horn": {
            "precision": 1.0,
            "recall": 0.9916666666666667,
            "f1-score": 0.99581589958159,
            "support": 360.0
        },
        "children_playing": {
            "precision": 0.7956204379562044,
            "recall": 0.7282850779510023,
            "f1-score": 0.7604651162790698,
            "support": 449.0
        },
        "dog_bark": {
            "precision": 0.75,
            "recall": 0.8953229398663697,
            "f1-score": 0.8162436548223351,
            "support": 449.0
        },
        "drilling": {
            "precision": 0.5752961082910322,
            "recall": 0.7572383073496659,
            "f1-score": 0.6538461538461539,
            "support": 449.0
        },
        "engine_idling": {
            "precision": 0.7393715341959335,
            "recall": 0.89086859688196,
            "f1-score": 0.8080808080808081,
            "support": 449.0
        },
        "firetruck": {
            "precision": 0.9717391304347827,
            "recall": 0.9955456570155902,
            "f1-score": 0.9834983498349835,
            "support": 449.0
        },
        "gun_shot": {
            "precision": 0.7243460764587525,
            "recall": 1.0,
            "f1-score": 0.8401400233372228,
            "support": 360.0
        },
        "jackhammer": {
            "precision": 0.7626459143968871,
            "recall": 0.4365256124721604,
            "f1-score": 0.5552407932011332,
            "support": 449.0
        },
        "police": {
            "precision": 0.9952941176470588,
            "recall": 0.9420935412026726,
            "f1-score": 0.9679633867276888,
            "support": 449.0
        },
        "street_music": {
            "precision": 0.7270642201834863,
            "recall": 0.7060133630289532,
            "f1-score": 0.7163841807909604,
            "support": 449.0
        },
        "traffic": {
            "precision": 0.9977777777777778,
            "recall": 1.0,
            "f1-score": 0.9988876529477196,
            "support": 449.0
        },
        "accuracy": 0.813924721682276,
        "macro avg": {
            "precision": 0.8158755303402242,
            "recall": 0.8194720461424247,
            "f1-score": 0.8065483216009633,
            "support": 5659.0
        },
        "weighted avg": {
            "precision": 0.8144192736863511,
            "recall": 0.813924721682276,
            "f1-score": 0.8030433779899362,
            "support": 5659.0
        }
    },
    "paths": {
        "best_model": "output/resnet18/fold_8/checkpoint_epoch_3.pth",
        "confusion_matrix": "output/resnet18/fold_8/plots/confusion_matrix.png",
        "roc_curves": "output/resnet18/fold_8/plots/roc_curves.png",
        "classification_report": "output/resnet18/fold_8/classification_report.json",
        "grad_cam_dir": "output/resnet18/fold_8/grad_cam"
    }
}