{
    "air_conditioner": {
        "precision": 0.3383084577114428,
        "recall": 0.1514476614699332,
        "f1-score": 0.20923076923076922,
        "support": 449.0
    },
    "ambulance": {
        "precision": 0.9087136929460581,
        "recall": 0.9755011135857461,
        "f1-score": 0.9409237379162191,
        "support": 449.0
    },
    "car_horn": {
        "precision": 0.798932384341637,
        "recall": 1.0,
        "f1-score": 0.8882294757665677,
        "support": 449.0
    },
    "children_playing": {
        "precision": 0.9875,
        "recall": 0.7037861915367484,
        "f1-score": 0.8218465539661899,
        "support": 449.0
    },
    "dog_bark": {
        "precision": 0.6409836065573771,
        "recall": 0.8708240534521158,
        "f1-score": 0.7384324834749764,
        "support": 449.0
    },
    "drilling": {
        "precision": 0.5292397660818714,
        "recall": 0.8062360801781737,
        "f1-score": 0.6390114739629302,
        "support": 449.0
    },
    "engine_idling": {
        "precision": 0.44472361809045224,
        "recall": 0.7884187082405345,
        "f1-score": 0.5686746987951807,
        "support": 449.0
    },
    "firetruck": {
        "precision": 0.9974226804123711,
        "recall": 0.8619153674832962,
        "f1-score": 0.9247311827956989,
        "support": 449.0
    },
    "gun_shot": {
        "precision": 0.8937644341801386,
        "recall": 0.8486842105263158,
        "f1-score": 0.8706411698537683,
        "support": 456.0
    },
    "jackhammer": {
        "precision": 0.3020833333333333,
        "recall": 0.0645879732739421,
        "f1-score": 0.10642201834862386,
        "support": 449.0
    },
    "police": {
        "precision": 0.9605263157894737,
        "recall": 0.9755011135857461,
        "f1-score": 0.9679558011049724,
        "support": 449.0
    },
    "street_music": {
        "precision": 0.8757575757575757,
        "recall": 0.643652561247216,
        "f1-score": 0.7419768934531451,
        "support": 449.0
    },
    "traffic": {
        "precision": 0.9094650205761317,
        "recall": 0.9844097995545658,
        "f1-score": 0.9454545454545454,
        "support": 449.0
    },
    "accuracy": 0.74435318275154,
    "macro avg": {
        "precision": 0.7374939142906048,
        "recall": 0.7442280641641794,
        "f1-score": 0.720271600317199,
        "support": 5844.0
    },
    "weighted avg": {
        "precision": 0.7376810966381796,
        "recall": 0.74435318275154,
        "f1-score": 0.7204517144490874,
        "support": 5844.0
    }
}