{
    "air_conditioner": {
        "precision": 1.0,
        "recall": 0.12472160356347439,
        "f1-score": 0.22178217821782178,
        "support": 449.0
    },
    "ambulance": {
        "precision": 0.9727272727272728,
        "recall": 0.9532293986636972,
        "f1-score": 0.9628796400449944,
        "support": 449.0
    },
    "car_horn": {
        "precision": 0.8753709198813057,
        "recall": 0.6570155902004454,
        "f1-score": 0.7506361323155216,
        "support": 449.0
    },
    "children_playing": {
        "precision": 0.554320987654321,
        "recall": 1.0,
        "f1-score": 0.7132644956314536,
        "support": 449.0
    },
    "dog_bark": {
        "precision": 0.9392523364485982,
        "recall": 0.8953229398663697,
        "f1-score": 0.9167616875712656,
        "support": 449.0
    },
    "drilling": {
        "precision": 0.59375,
        "recall": 0.8040089086859689,
        "f1-score": 0.6830652790917692,
        "support": 449.0
    },
    "engine_idling": {
        "precision": 0.500772797527048,
        "recall": 0.7216035634743875,
        "f1-score": 0.5912408759124088,
        "support": 449.0
    },
    "firetruck": {
        "precision": 0.9612903225806452,
        "recall": 0.9955456570155902,
        "f1-score": 0.9781181619256017,
        "support": 449.0
    },
    "gun_shot": {
        "precision": 0.9206349206349206,
        "recall": 0.9666666666666667,
        "f1-score": 0.943089430894309,
        "support": 420.0
    },
    "jackhammer": {
        "precision": 0.7975951903807615,
        "recall": 0.8864142538975501,
        "f1-score": 0.8396624472573839,
        "support": 449.0
    },
    "police": {
        "precision": 0.9682539682539683,
        "recall": 0.9510022271714922,
        "f1-score": 0.9595505617977528,
        "support": 449.0
    },
    "street_music": {
        "precision": 0.9836065573770492,
        "recall": 0.40089086859688194,
        "f1-score": 0.569620253164557,
        "support": 449.0
    },
    "traffic": {
        "precision": 0.9911699779249448,
        "recall": 1.0,
        "f1-score": 0.9955654101995566,
        "support": 449.0
    },
    "accuracy": 0.7957988980716253,
    "macro avg": {
        "precision": 0.8506727116454489,
        "recall": 0.7966478213694248,
        "f1-score": 0.7788643503095689,
        "support": 5808.0
    },
    "weighted avg": {
        "precision": 0.8503233824338967,
        "recall": 0.7957988980716253,
        "f1-score": 0.7780443559333711,
        "support": 5808.0
    }
}