{
    "air_conditioner": {
        "precision": 0.8095238095238095,
        "recall": 0.45434298440979953,
        "f1-score": 0.5820256776034237,
        "support": 449.0
    },
    "ambulance": {
        "precision": 0.9350104821802935,
        "recall": 0.9933184855233853,
        "f1-score": 0.9632829373650108,
        "support": 449.0
    },
    "car_horn": {
        "precision": 0.9729119638826185,
        "recall": 0.9599109131403119,
        "f1-score": 0.9663677130044843,
        "support": 449.0
    },
    "children_playing": {
        "precision": 0.8930232558139535,
        "recall": 0.8552338530066815,
        "f1-score": 0.8737201365187713,
        "support": 449.0
    },
    "dog_bark": {
        "precision": 0.8877755511022044,
        "recall": 0.9866369710467706,
        "f1-score": 0.9345991561181435,
        "support": 449.0
    },
    "drilling": {
        "precision": 0.6749521988527725,
        "recall": 0.7861915367483296,
        "f1-score": 0.7263374485596708,
        "support": 449.0
    },
    "engine_idling": {
        "precision": 0.610051993067591,
        "recall": 0.7839643652561247,
        "f1-score": 0.6861598440545809,
        "support": 449.0
    },
    "firetruck": {
        "precision": 0.9881235154394299,
        "recall": 0.9265033407572383,
        "f1-score": 0.9563218390804598,
        "support": 449.0
    },
    "gun_shot": {
        "precision": 0.9154589371980676,
        "recall": 0.9023809523809524,
        "f1-score": 0.9088729016786571,
        "support": 420.0
    },
    "jackhammer": {
        "precision": 0.6375,
        "recall": 0.34075723830734966,
        "f1-score": 0.444121915820029,
        "support": 449.0
    },
    "police": {
        "precision": 0.9910913140311804,
        "recall": 0.9910913140311804,
        "f1-score": 0.9910913140311804,
        "support": 449.0
    },
    "street_music": {
        "precision": 0.6725521669341894,
        "recall": 0.933184855233853,
        "f1-score": 0.7817164179104478,
        "support": 449.0
    },
    "traffic": {
        "precision": 0.9760869565217392,
        "recall": 1.0,
        "f1-score": 0.9878987898789879,
        "support": 449.0
    },
    "accuracy": 0.8391873278236914,
    "macro avg": {
        "precision": 0.8433893957344498,
        "recall": 0.8395012930647674,
        "f1-score": 0.8309627762787575,
        "support": 5808.0
    },
    "weighted avg": {
        "precision": 0.8430295443738361,
        "recall": 0.8391873278236914,
        "f1-score": 0.8305737622228696,
        "support": 5808.0
    }
}