{
    "fold": 4,
    "best_epoch": 3,
    "train_loss": 0.09417162216519666,
    "val_loss": 1.4183404369455526,
    "test_loss": 1.9843964155418334,
    "train_accuracy": 97.64344705322783,
    "val_accuracy": 73.67697594501718,
    "test_accuracy": 69.35318275154005,
    "classification_report": {
        "air_conditioner": {
            "precision": 0.6666666666666666,
            "recall": 0.2182628062360802,
            "f1-score": 0.3288590604026846,
            "support": 449.0
        },
        "ambulance": {
            "precision": 0.9380530973451328,
            "recall": 0.9443207126948775,
            "f1-score": 0.9411764705882353,
            "support": 449.0
        },
        "car_horn": {
            "precision": 0.8724489795918368,
            "recall": 0.38084632516703787,
            "f1-score": 0.5302325581395348,
            "support": 449.0
        },
        "children_playing": {
            "precision": 0.7168458781362007,
            "recall": 0.44543429844098,
            "f1-score": 0.5494505494505495,
            "support": 449.0
        },
        "dog_bark": {
            "precision": 0.7660098522167488,
            "recall": 0.6926503340757239,
            "f1-score": 0.7274853801169591,
            "support": 449.0
        },
        "drilling": {
            "precision": 0.5499351491569391,
            "recall": 0.9443207126948775,
            "f1-score": 0.6950819672131148,
            "support": 449.0
        },
        "engine_idling": {
            "precision": 0.3603238866396761,
            "recall": 0.39643652561247217,
            "f1-score": 0.37751855779427357,
            "support": 449.0
        },
        "firetruck": {
            "precision": 0.9002217294900222,
            "recall": 0.9042316258351893,
            "f1-score": 0.9022222222222223,
            "support": 449.0
        },
        "gun_shot": {
            "precision": 0.91,
            "recall": 0.9978070175438597,
            "f1-score": 0.9518828451882845,
            "support": 456.0
        },
        "jackhammer": {
            "precision": 0.3806146572104019,
            "recall": 0.3585746102449889,
            "f1-score": 0.36926605504587157,
            "support": 449.0
        },
        "police": {
            "precision": 0.9557522123893806,
            "recall": 0.9621380846325167,
            "f1-score": 0.9589345172031076,
            "support": 449.0
        },
        "street_music": {
            "precision": 0.4437869822485207,
            "recall": 0.8351893095768375,
            "f1-score": 0.5795981452859351,
            "support": 449.0
        },
        "traffic": {
            "precision": 0.9766355140186916,
            "recall": 0.9309576837416481,
            "f1-score": 0.9532497149372862,
            "support": 449.0
        },
        "accuracy": 0.6935318275154004,
        "macro avg": {
            "precision": 0.7259457388546321,
            "recall": 0.6931669266536222,
            "f1-score": 0.6819198495067736,
            "support": 5844.0
        },
        "weighted avg": {
            "precision": 0.7261662008375236,
            "recall": 0.6935318275154004,
            "f1-score": 0.6822432138068715,
            "support": 5844.0
        }
    },
    "paths": {
        "best_model": "output/inception/fold_4/checkpoint_epoch_3.pth",
        "confusion_matrix": "output/inception/fold_4/plots/confusion_matrix.png",
        "roc_curves": "output/inception/fold_4/plots/roc_curves.png",
        "classification_report": "output/inception/fold_4/classification_report.json",
        "grad_cam_dir": "output/inception/fold_4/grad_cam"
    }
}