{
    "fold": 1,
    "best_epoch": 3,
    "train_loss": 0.026568009503214293,
    "val_loss": 0.6787714102107683,
    "test_loss": 0.5101117152679173,
    "train_accuracy": 99.1617824513015,
    "val_accuracy": 88.33712187445357,
    "test_accuracy": 87.5841823519254,
    "classification_report": {
        "air_conditioner": {
            "precision": 0.6167800453514739,
            "recall": 0.6057906458797327,
            "f1-score": 0.6112359550561798,
            "support": 449.0
        },
        "ambulance": {
            "precision": 0.9885057471264368,
            "recall": 0.9576837416481069,
            "f1-score": 0.9728506787330317,
            "support": 449.0
        },
        "car_horn": {
            "precision": 0.9904988123515439,
            "recall": 0.9652777777777778,
            "f1-score": 0.977725674091442,
            "support": 432.0
        },
        "children_playing": {
            "precision": 0.9648648648648649,
            "recall": 0.7951002227171492,
            "f1-score": 0.8717948717948718,
            "support": 449.0
        },
        "dog_bark": {
            "precision": 0.7592592592592593,
            "recall": 0.9131403118040089,
            "f1-score": 0.8291203235591507,
            "support": 449.0
        },
        "drilling": {
            "precision": 0.8737541528239202,
            "recall": 0.5857461024498887,
            "f1-score": 0.7013333333333334,
            "support": 449.0
        },
        "engine_idling": {
            "precision": 0.6853526220614828,
            "recall": 0.844097995545657,
            "f1-score": 0.7564870259481038,
            "support": 449.0
        },
        "firetruck": {
            "precision": 0.9625550660792952,
            "recall": 0.9732739420935412,
            "f1-score": 0.9678848283499446,
            "support": 449.0
        },
        "gun_shot": {
            "precision": 0.8636363636363636,
            "recall": 0.9952380952380953,
            "f1-score": 0.9247787610619469,
            "support": 420.0
        },
        "jackhammer": {
            "precision": 0.9561200923787528,
            "recall": 0.9220489977728286,
            "f1-score": 0.9387755102040817,
            "support": 449.0
        },
        "police": {
            "precision": 0.975929978118162,
            "recall": 0.9933184855233853,
            "f1-score": 0.9845474613686535,
            "support": 449.0
        },
        "street_music": {
            "precision": 0.8758620689655172,
            "recall": 0.8485523385300668,
            "f1-score": 0.8619909502262444,
            "support": 449.0
        },
        "traffic": {
            "precision": 0.9593147751605996,
            "recall": 0.9977728285077951,
            "f1-score": 0.9781659388646288,
            "support": 449.0
        },
        "accuracy": 0.875841823519254,
        "macro avg": {
            "precision": 0.8824949113982824,
            "recall": 0.8766954988836948,
            "f1-score": 0.8751301009685857,
            "support": 5791.0
        },
        "weighted avg": {
            "precision": 0.882272295540726,
            "recall": 0.875841823519254,
            "f1-score": 0.8745802933557733,
            "support": 5791.0
        }
    },
    "paths": {
        "best_model": "output/mobilenet/fold_1/checkpoint_epoch_3.pth",
        "confusion_matrix": "output/mobilenet/fold_1/plots/confusion_matrix.png",
        "roc_curves": "output/mobilenet/fold_1/plots/roc_curves.png",
        "classification_report": "output/mobilenet/fold_1/classification_report.json",
        "grad_cam_dir": "output/mobilenet/fold_1/grad_cam"
    }
}