{
    "fold": 7,
    "best_epoch": 4,
    "train_loss": 0.05312379390745259,
    "val_loss": 1.0915308884084325,
    "test_loss": 1.4840574481558693,
    "train_accuracy": 98.34213488009696,
    "val_accuracy": 75.35610090955895,
    "test_accuracy": 70.15457788347206,
    "classification_report": {
        "air_conditioner": {
            "precision": 0.32935560859188545,
            "recall": 0.6146993318485523,
            "f1-score": 0.4289044289044289,
            "support": 449.0
        },
        "ambulance": {
            "precision": 0.9692307692307692,
            "recall": 0.8418708240534521,
            "f1-score": 0.901072705601907,
            "support": 449.0
        },
        "car_horn": {
            "precision": 0.8507462686567164,
            "recall": 0.8482142857142857,
            "f1-score": 0.849478390461997,
            "support": 336.0
        },
        "children_playing": {
            "precision": 0.8201438848920863,
            "recall": 0.5077951002227171,
            "f1-score": 0.6272352132049519,
            "support": 449.0
        },
        "dog_bark": {
            "precision": 0.5763688760806917,
            "recall": 0.89086859688196,
            "f1-score": 0.6999125109361329,
            "support": 449.0
        },
        "drilling": {
            "precision": 0.6696750902527075,
            "recall": 0.8262806236080178,
            "f1-score": 0.7397806580259222,
            "support": 449.0
        },
        "engine_idling": {
            "precision": 0.84,
            "recall": 0.3741648106904232,
            "f1-score": 0.5177195685670262,
            "support": 449.0
        },
        "firetruck": {
            "precision": 0.8811881188118812,
            "recall": 0.9910913140311804,
            "f1-score": 0.9329140461215933,
            "support": 449.0
        },
        "gun_shot": {
            "precision": 0.9966996699669967,
            "recall": 0.4934640522875817,
            "f1-score": 0.6601092896174864,
            "support": 612.0
        },
        "jackhammer": {
            "precision": 0.13333333333333333,
            "recall": 0.066815144766147,
            "f1-score": 0.08902077151335312,
            "support": 449.0
        },
        "police": {
            "precision": 0.9521640091116174,
            "recall": 0.9309576837416481,
            "f1-score": 0.9414414414414415,
            "support": 449.0
        },
        "street_music": {
            "precision": 0.5637982195845698,
            "recall": 0.8463251670378619,
            "f1-score": 0.6767586821015138,
            "support": 449.0
        },
        "traffic": {
            "precision": 0.9933628318584071,
            "recall": 1.0,
            "f1-score": 0.9966703662597114,
            "support": 449.0
        },
        "accuracy": 0.7015457788347206,
        "macro avg": {
            "precision": 0.7366205138747433,
            "recall": 0.7101959180679867,
            "f1-score": 0.6970013902121128,
            "support": 5887.0
        },
        "weighted avg": {
            "precision": 0.741630993261982,
            "recall": 0.7015457788347206,
            "f1-score": 0.6930531460427292,
            "support": 5887.0
        }
    },
    "paths": {
        "best_model": "output/mobilenet/fold_7/checkpoint_epoch_4.pth",
        "confusion_matrix": "output/mobilenet/fold_7/plots/confusion_matrix.png",
        "roc_curves": "output/mobilenet/fold_7/plots/roc_curves.png",
        "classification_report": "output/mobilenet/fold_7/classification_report.json",
        "grad_cam_dir": "output/mobilenet/fold_7/grad_cam"
    }
}