{
    "air_conditioner": {
        "precision": 0.5434782608695652,
        "recall": 0.16703786191536749,
        "f1-score": 0.2555366269165247,
        "support": 449.0
    },
    "ambulance": {
        "precision": 0.9511568123393316,
        "recall": 0.8240534521158129,
        "f1-score": 0.883054892601432,
        "support": 449.0
    },
    "car_horn": {
        "precision": 0.6666666666666666,
        "recall": 0.0935412026726058,
        "f1-score": 0.1640625,
        "support": 449.0
    },
    "children_playing": {
        "precision": 0.6612244897959184,
        "recall": 0.7216035634743875,
        "f1-score": 0.6900958466453674,
        "support": 449.0
    },
    "dog_bark": {
        "precision": 0.8226221079691517,
        "recall": 0.7126948775055679,
        "f1-score": 0.7637231503579952,
        "support": 449.0
    },
    "drilling": {
        "precision": 0.5707196029776674,
        "recall": 0.512249443207127,
        "f1-score": 0.539906103286385,
        "support": 449.0
    },
    "engine_idling": {
        "precision": 0.3699186991869919,
        "recall": 0.6080178173719376,
        "f1-score": 0.45998315080033697,
        "support": 449.0
    },
    "firetruck": {
        "precision": 0.7866419294990723,
        "recall": 0.9443207126948775,
        "f1-score": 0.8582995951417004,
        "support": 449.0
    },
    "gun_shot": {
        "precision": 0.7479406919275123,
        "recall": 0.9458333333333333,
        "f1-score": 0.8353265869365225,
        "support": 480.0
    },
    "jackhammer": {
        "precision": 0.7375886524822695,
        "recall": 0.9265033407572383,
        "f1-score": 0.8213228035538006,
        "support": 449.0
    },
    "police": {
        "precision": 0.995085995085995,
        "recall": 0.9020044543429844,
        "f1-score": 0.9462616822429907,
        "support": 449.0
    },
    "street_music": {
        "precision": 0.38152011922503726,
        "recall": 0.5701559020044543,
        "f1-score": 0.45714285714285713,
        "support": 449.0
    },
    "traffic": {
        "precision": 0.9553191489361702,
        "recall": 1.0,
        "f1-score": 0.9771490750816104,
        "support": 449.0
    },
    "accuracy": 0.6881390593047034,
    "macro avg": {
        "precision": 0.7069140905354884,
        "recall": 0.6867704585688995,
        "f1-score": 0.6655280669775018,
        "support": 5868.0
    },
    "weighted avg": {
        "precision": 0.7071308295680638,
        "recall": 0.6881390593047034,
        "f1-score": 0.6664250939234337,
        "support": 5868.0
    }
}