{
    "fold": 6,
    "best_epoch": 2,
    "train_loss": 0.027990090384204094,
    "val_loss": 0.9179338021522594,
    "test_loss": 1.537785062176951,
    "train_accuracy": 99.18006187395885,
    "val_accuracy": 83.26516700749829,
    "test_accuracy": 75.59636176420113,
    "classification_report": {
        "air_conditioner": {
            "precision": 0.6857142857142857,
            "recall": 0.267260579064588,
            "f1-score": 0.38461538461538464,
            "support": 449.0
        },
        "ambulance": {
            "precision": 0.9161554192229039,
            "recall": 0.9977728285077951,
            "f1-score": 0.9552238805970149,
            "support": 449.0
        },
        "car_horn": {
            "precision": 0.924901185770751,
            "recall": 0.6964285714285714,
            "f1-score": 0.7945670628183361,
            "support": 336.0
        },
        "children_playing": {
            "precision": 0.49385749385749383,
            "recall": 0.8953229398663697,
            "f1-score": 0.6365795724465558,
            "support": 449.0
        },
        "dog_bark": {
            "precision": 0.6110236220472441,
            "recall": 0.8641425389755011,
            "f1-score": 0.7158671586715867,
            "support": 449.0
        },
        "drilling": {
            "precision": 0.9576271186440678,
            "recall": 0.755011135857461,
            "f1-score": 0.8443337484433375,
            "support": 449.0
        },
        "engine_idling": {
            "precision": 0.3656509695290859,
            "recall": 0.5879732739420935,
            "f1-score": 0.45089666951323654,
            "support": 449.0
        },
        "firetruck": {
            "precision": 0.9354120267260579,
            "recall": 0.9354120267260579,
            "f1-score": 0.9354120267260579,
            "support": 449.0
        },
        "gun_shot": {
            "precision": 0.922165820642978,
            "recall": 0.9873188405797102,
            "f1-score": 0.9536307961504812,
            "support": 552.0
        },
        "jackhammer": {
            "precision": 0.806060606060606,
            "recall": 0.2962138084632517,
            "f1-score": 0.43322475570032576,
            "support": 449.0
        },
        "police": {
            "precision": 0.9759036144578314,
            "recall": 0.9020044543429844,
            "f1-score": 0.9375,
            "support": 449.0
        },
        "street_music": {
            "precision": 0.8626198083067093,
            "recall": 0.6013363028953229,
            "f1-score": 0.7086614173228346,
            "support": 449.0
        },
        "traffic": {
            "precision": 0.9668141592920354,
            "recall": 0.9732739420935412,
            "f1-score": 0.9700332963374029,
            "support": 449.0
        },
        "accuracy": 0.7559636176420114,
        "macro avg": {
            "precision": 0.8018389330978499,
            "recall": 0.750728557134096,
            "f1-score": 0.7477342899494274,
            "support": 5827.0
        },
        "weighted avg": {
            "precision": 0.8015793887122503,
            "recall": 0.7559636176420114,
            "f1-score": 0.7504655816612039,
            "support": 5827.0
        }
    },
    "paths": {
        "best_model": "output/efficientnet/fold_6/checkpoint_epoch_2.pth",
        "confusion_matrix": "output/efficientnet/fold_6/plots/confusion_matrix.png",
        "roc_curves": "output/efficientnet/fold_6/plots/roc_curves.png",
        "classification_report": "output/efficientnet/fold_6/classification_report.json",
        "grad_cam_dir": "output/efficientnet/fold_6/grad_cam"
    }
}