{
    "fold": 2,
    "best_epoch": 4,
    "train_loss": 0.0821575145110924,
    "val_loss": 1.9042053058977986,
    "test_loss": 2.0621151710044643,
    "train_accuracy": 97.47187979015091,
    "val_accuracy": 70.17786219996546,
    "test_accuracy": 67.11432506887053,
    "classification_report": {
        "air_conditioner": {
            "precision": 0.286,
            "recall": 0.3184855233853007,
            "f1-score": 0.3013698630136986,
            "support": 449.0
        },
        "ambulance": {
            "precision": 0.8920086393088553,
            "recall": 0.9198218262806236,
            "f1-score": 0.9057017543859649,
            "support": 449.0
        },
        "car_horn": {
            "precision": 0.7642725598526704,
            "recall": 0.9242761692650334,
            "f1-score": 0.8366935483870968,
            "support": 449.0
        },
        "children_playing": {
            "precision": 0.6890459363957597,
            "recall": 0.43429844097995546,
            "f1-score": 0.5327868852459017,
            "support": 449.0
        },
        "dog_bark": {
            "precision": 0.6090116279069767,
            "recall": 0.933184855233853,
            "f1-score": 0.7370272647317502,
            "support": 449.0
        },
        "drilling": {
            "precision": 0.43042071197411,
            "recall": 0.2962138084632517,
            "f1-score": 0.35092348284960423,
            "support": 449.0
        },
        "engine_idling": {
            "precision": 0.4742857142857143,
            "recall": 0.5545657015590201,
            "f1-score": 0.5112936344969199,
            "support": 449.0
        },
        "firetruck": {
            "precision": 0.8272921108742004,
            "recall": 0.8641425389755011,
            "f1-score": 0.8453159041394336,
            "support": 449.0
        },
        "gun_shot": {
            "precision": 0.8622881355932204,
            "recall": 0.969047619047619,
            "f1-score": 0.9125560538116592,
            "support": 420.0
        },
        "jackhammer": {
            "precision": 0.4368932038834951,
            "recall": 0.10022271714922049,
            "f1-score": 0.16304347826086957,
            "support": 449.0
        },
        "police": {
            "precision": 0.9157175398633257,
            "recall": 0.8953229398663697,
            "f1-score": 0.9054054054054054,
            "support": 449.0
        },
        "street_music": {
            "precision": 0.4395796847635727,
            "recall": 0.5590200445434298,
            "f1-score": 0.492156862745098,
            "support": 449.0
        },
        "traffic": {
            "precision": 0.9887133182844243,
            "recall": 0.9755011135857461,
            "f1-score": 0.9820627802690582,
            "support": 449.0
        },
        "accuracy": 0.6711432506887053,
        "macro avg": {
            "precision": 0.6627330140758712,
            "recall": 0.672623330641148,
            "f1-score": 0.6520259167494201,
            "support": 5808.0
        },
        "weighted avg": {
            "precision": 0.6617366128148514,
            "recall": 0.6711432506887053,
            "f1-score": 0.6507250603487993,
            "support": 5808.0
        }
    },
    "paths": {
        "best_model": "output/vgg16/fold_2/checkpoint_epoch_4.pth",
        "confusion_matrix": "output/vgg16/fold_2/plots/confusion_matrix.png",
        "roc_curves": "output/vgg16/fold_2/plots/roc_curves.png",
        "classification_report": "output/vgg16/fold_2/classification_report.json",
        "grad_cam_dir": "output/vgg16/fold_2/grad_cam"
    }
}