{
    "air_conditioner": {
        "precision": 0.6402116402116402,
        "recall": 0.26948775055679286,
        "f1-score": 0.3793103448275862,
        "support": 449.0
    },
    "ambulance": {
        "precision": 1.0,
        "recall": 0.9821826280623608,
        "f1-score": 0.9910112359550561,
        "support": 449.0
    },
    "car_horn": {
        "precision": 1.0,
        "recall": 0.977728285077951,
        "f1-score": 0.9887387387387387,
        "support": 449.0
    },
    "children_playing": {
        "precision": 0.6598890942698706,
        "recall": 0.7951002227171492,
        "f1-score": 0.7212121212121212,
        "support": 449.0
    },
    "dog_bark": {
        "precision": 0.8668032786885246,
        "recall": 0.9420935412026726,
        "f1-score": 0.9028815368196371,
        "support": 449.0
    },
    "drilling": {
        "precision": 0.6213183730715287,
        "recall": 0.9866369710467706,
        "f1-score": 0.7624784853700516,
        "support": 449.0
    },
    "engine_idling": {
        "precision": 0.4990512333965844,
        "recall": 0.5857461024498887,
        "f1-score": 0.5389344262295082,
        "support": 449.0
    },
    "firetruck": {
        "precision": 0.9866071428571429,
        "recall": 0.9844097995545658,
        "f1-score": 0.9855072463768116,
        "support": 449.0
    },
    "gun_shot": {
        "precision": 1.0,
        "recall": 0.9861111111111112,
        "f1-score": 0.993006993006993,
        "support": 432.0
    },
    "jackhammer": {
        "precision": 0.4046511627906977,
        "recall": 0.19376391982182628,
        "f1-score": 0.2620481927710843,
        "support": 449.0
    },
    "police": {
        "precision": 0.9739696312364425,
        "recall": 1.0,
        "f1-score": 0.9868131868131869,
        "support": 449.0
    },
    "street_music": {
        "precision": 0.6438923395445134,
        "recall": 0.6926503340757239,
        "f1-score": 0.6673819742489271,
        "support": 449.0
    },
    "traffic": {
        "precision": 1.0,
        "recall": 1.0,
        "f1-score": 1.0,
        "support": 449.0
    },
    "accuracy": 0.7991408934707904,
    "macro avg": {
        "precision": 0.7920302996974572,
        "recall": 0.7996854358212933,
        "f1-score": 0.7830249601822848,
        "support": 5820.0
    },
    "weighted avg": {
        "precision": 0.7914228280642711,
        "recall": 0.7991408934707904,
        "f1-score": 0.7824116106018689,
        "support": 5820.0
    }
}