{
    "fold": 9,
    "best_epoch": 3,
    "train_loss": 0.15571607195946213,
    "val_loss": 1.4678186502600654,
    "test_loss": 1.4714541253267546,
    "train_accuracy": 94.97465853449016,
    "val_accuracy": 73.19314366495847,
    "test_accuracy": 74.17032484635645,
    "classification_report": {
        "air_conditioner": {
            "precision": 0.728744939271255,
            "recall": 0.40089086859688194,
            "f1-score": 0.5172413793103449,
            "support": 449.0
        },
        "ambulance": {
            "precision": 0.8901098901098901,
            "recall": 0.9020044543429844,
            "f1-score": 0.8960176991150443,
            "support": 449.0
        },
        "car_horn": {
            "precision": 0.6728624535315985,
            "recall": 0.9427083333333334,
            "f1-score": 0.7852494577006508,
            "support": 384.0
        },
        "children_playing": {
            "precision": 0.7042606516290727,
            "recall": 0.6258351893095768,
            "f1-score": 0.6627358490566038,
            "support": 449.0
        },
        "dog_bark": {
            "precision": 0.4791044776119403,
            "recall": 0.7149220489977728,
            "f1-score": 0.5737265415549598,
            "support": 449.0
        },
        "drilling": {
            "precision": 0.6171079429735234,
            "recall": 0.6748329621380846,
            "f1-score": 0.6446808510638298,
            "support": 449.0
        },
        "engine_idling": {
            "precision": 0.7653631284916201,
            "recall": 0.9153674832962138,
            "f1-score": 0.8336713995943205,
            "support": 449.0
        },
        "firetruck": {
            "precision": 0.9814814814814815,
            "recall": 0.9443207126948775,
            "f1-score": 0.9625425652667423,
            "support": 449.0
        },
        "gun_shot": {
            "precision": 0.9508196721311475,
            "recall": 0.6236559139784946,
            "f1-score": 0.7532467532467533,
            "support": 372.0
        },
        "jackhammer": {
            "precision": 0.6903225806451613,
            "recall": 0.2383073496659243,
            "f1-score": 0.3543046357615894,
            "support": 449.0
        },
        "police": {
            "precision": 0.8839662447257384,
            "recall": 0.933184855233853,
            "f1-score": 0.9079089924160346,
            "support": 449.0
        },
        "street_music": {
            "precision": 0.5575364667747164,
            "recall": 0.7661469933184856,
            "f1-score": 0.6454033771106942,
            "support": 449.0
        },
        "traffic": {
            "precision": 0.9977064220183486,
            "recall": 0.9688195991091314,
            "f1-score": 0.9830508474576272,
            "support": 449.0
        },
        "accuracy": 0.7417032484635645,
        "macro avg": {
            "precision": 0.7630297193381147,
            "recall": 0.7423843664627398,
            "f1-score": 0.7322907960503995,
            "support": 5695.0
        },
        "weighted avg": {
            "precision": 0.7615198064166679,
            "recall": 0.7417032484635645,
            "f1-score": 0.7314030134847481,
            "support": 5695.0
        }
    },
    "paths": {
        "best_model": "output/convnext/fold_9/checkpoint_epoch_3.pth",
        "confusion_matrix": "output/convnext/fold_9/plots/confusion_matrix.png",
        "roc_curves": "output/convnext/fold_9/plots/roc_curves.png",
        "classification_report": "output/convnext/fold_9/classification_report.json",
        "grad_cam_dir": "output/convnext/fold_9/grad_cam"
    }
}