{
    "air_conditioner": {
        "precision": 0.6496598639455783,
        "recall": 0.42538975501113585,
        "f1-score": 0.5141318977119784,
        "support": 449.0
    },
    "ambulance": {
        "precision": 0.9626373626373627,
        "recall": 0.9755011135857461,
        "f1-score": 0.9690265486725663,
        "support": 449.0
    },
    "car_horn": {
        "precision": 0.9724770642201835,
        "recall": 0.9443207126948775,
        "f1-score": 0.9581920903954803,
        "support": 449.0
    },
    "children_playing": {
        "precision": 0.7874720357941835,
        "recall": 0.7839643652561247,
        "f1-score": 0.7857142857142857,
        "support": 449.0
    },
    "dog_bark": {
        "precision": 0.5520110957004161,
        "recall": 0.8864142538975501,
        "f1-score": 0.6803418803418804,
        "support": 449.0
    },
    "drilling": {
        "precision": 0.7131313131313132,
        "recall": 0.7861915367483296,
        "f1-score": 0.7478813559322034,
        "support": 449.0
    },
    "engine_idling": {
        "precision": 0.7137931034482758,
        "recall": 0.9220489977728286,
        "f1-score": 0.8046647230320699,
        "support": 449.0
    },
    "firetruck": {
        "precision": 0.9557522123893806,
        "recall": 0.9621380846325167,
        "f1-score": 0.9589345172031076,
        "support": 449.0
    },
    "gun_shot": {
        "precision": 0.9954128440366973,
        "recall": 0.9517543859649122,
        "f1-score": 0.9730941704035875,
        "support": 456.0
    },
    "jackhammer": {
        "precision": 0.9837133550488599,
        "recall": 0.6726057906458798,
        "f1-score": 0.798941798941799,
        "support": 449.0
    },
    "police": {
        "precision": 0.9887387387387387,
        "recall": 0.977728285077951,
        "f1-score": 0.9832026875699889,
        "support": 449.0
    },
    "street_music": {
        "precision": 0.9337349397590361,
        "recall": 0.6904231625835189,
        "f1-score": 0.793854033290653,
        "support": 449.0
    },
    "traffic": {
        "precision": 0.9910112359550561,
        "recall": 0.9821826280623608,
        "f1-score": 0.9865771812080537,
        "support": 449.0
    },
    "accuracy": 0.8432580424366872,
    "macro avg": {
        "precision": 0.8615034742157757,
        "recall": 0.8431279286102872,
        "f1-score": 0.8426582438782811,
        "support": 5844.0
    },
    "weighted avg": {
        "precision": 0.8616638721604619,
        "recall": 0.8432580424366872,
        "f1-score": 0.8428144812988281,
        "support": 5844.0
    }
}