{
    "air_conditioner": {
        "precision": 0.8828828828828829,
        "recall": 0.6547884187082406,
        "f1-score": 0.7519181585677749,
        "support": 449.0
    },
    "ambulance": {
        "precision": 0.939203354297694,
        "recall": 0.9977728285077951,
        "f1-score": 0.9676025917926566,
        "support": 449.0
    },
    "car_horn": {
        "precision": 0.975,
        "recall": 0.6893939393939394,
        "f1-score": 0.8076923076923077,
        "support": 396.0
    },
    "children_playing": {
        "precision": 0.7642679900744417,
        "recall": 0.6859688195991092,
        "f1-score": 0.7230046948356808,
        "support": 449.0
    },
    "dog_bark": {
        "precision": 0.7757201646090535,
        "recall": 0.8396436525612472,
        "f1-score": 0.8064171122994652,
        "support": 449.0
    },
    "drilling": {
        "precision": 0.7063339731285988,
        "recall": 0.8195991091314031,
        "f1-score": 0.7587628865979381,
        "support": 449.0
    },
    "engine_idling": {
        "precision": 0.7913669064748201,
        "recall": 0.734966592427617,
        "f1-score": 0.7621247113163973,
        "support": 449.0
    },
    "firetruck": {
        "precision": 0.9817767653758542,
        "recall": 0.9599109131403119,
        "f1-score": 0.9707207207207207,
        "support": 449.0
    },
    "gun_shot": {
        "precision": 0.987146529562982,
        "recall": 1.0,
        "f1-score": 0.9935316946959897,
        "support": 384.0
    },
    "jackhammer": {
        "precision": 0.8413978494623656,
        "recall": 0.6971046770601337,
        "f1-score": 0.7624847746650426,
        "support": 449.0
    },
    "police": {
        "precision": 0.9841269841269841,
        "recall": 0.9665924276169265,
        "f1-score": 0.9752808988764045,
        "support": 449.0
    },
    "street_music": {
        "precision": 0.6061588330632091,
        "recall": 0.8329621380846325,
        "f1-score": 0.701688555347092,
        "support": 449.0
    },
    "traffic": {
        "precision": 0.8235294117647058,
        "recall": 0.9977728285077951,
        "f1-score": 0.9023162134944612,
        "support": 449.0
    },
    "accuracy": 0.8361601678615143,
    "macro avg": {
        "precision": 0.8506855111402764,
        "recall": 0.8366520265183962,
        "f1-score": 0.8371957939155331,
        "support": 5719.0
    },
    "weighted avg": {
        "precision": 0.8479824801720929,
        "recall": 0.8361601678615143,
        "f1-score": 0.8356923582133301,
        "support": 5719.0
    }
}