{
    "air_conditioner": {
        "precision": 0.6160337552742616,
        "recall": 0.32516703786191536,
        "f1-score": 0.42565597667638483,
        "support": 449.0
    },
    "ambulance": {
        "precision": 0.8991935483870968,
        "recall": 0.9933184855233853,
        "f1-score": 0.9439153439153439,
        "support": 449.0
    },
    "car_horn": {
        "precision": 0.9916434540389972,
        "recall": 0.9888888888888889,
        "f1-score": 0.9902642559109874,
        "support": 360.0
    },
    "children_playing": {
        "precision": 0.7370441458733206,
        "recall": 0.8552338530066815,
        "f1-score": 0.7917525773195876,
        "support": 449.0
    },
    "dog_bark": {
        "precision": 0.8510204081632653,
        "recall": 0.9287305122494433,
        "f1-score": 0.8881789137380192,
        "support": 449.0
    },
    "drilling": {
        "precision": 0.5617367706919946,
        "recall": 0.9220489977728286,
        "f1-score": 0.6981450252951096,
        "support": 449.0
    },
    "engine_idling": {
        "precision": 0.6290322580645161,
        "recall": 0.5211581291759465,
        "f1-score": 0.5700365408038977,
        "support": 449.0
    },
    "firetruck": {
        "precision": 0.985,
        "recall": 0.8775055679287305,
        "f1-score": 0.928150765606596,
        "support": 449.0
    },
    "gun_shot": {
        "precision": 0.8275862068965517,
        "recall": 1.0,
        "f1-score": 0.9056603773584906,
        "support": 360.0
    },
    "jackhammer": {
        "precision": 0.8953068592057761,
        "recall": 0.5523385300668151,
        "f1-score": 0.6831955922865014,
        "support": 449.0
    },
    "police": {
        "precision": 0.918859649122807,
        "recall": 0.933184855233853,
        "f1-score": 0.9259668508287293,
        "support": 449.0
    },
    "street_music": {
        "precision": 0.8194444444444444,
        "recall": 0.7884187082405345,
        "f1-score": 0.8036322360953462,
        "support": 449.0
    },
    "traffic": {
        "precision": 1.0,
        "recall": 0.9955456570155902,
        "f1-score": 0.9977678571428571,
        "support": 449.0
    },
    "accuracy": 0.8162219473405196,
    "macro avg": {
        "precision": 0.8255308846279255,
        "recall": 0.8216568633049702,
        "f1-score": 0.8117171009982963,
        "support": 5659.0
    },
    "weighted avg": {
        "precision": 0.8228860812422578,
        "recall": 0.8162219473405196,
        "f1-score": 0.8074316003120819,
        "support": 5659.0
    }
}