{
    "air_conditioner": {
        "precision": 0.8791208791208791,
        "recall": 0.35634743875278396,
        "f1-score": 0.5071315372424723,
        "support": 449.0
    },
    "ambulance": {
        "precision": 0.9447983014861996,
        "recall": 0.9910913140311804,
        "f1-score": 0.967391304347826,
        "support": 449.0
    },
    "car_horn": {
        "precision": 0.9104477611940298,
        "recall": 0.5434298440979956,
        "f1-score": 0.6806136680613668,
        "support": 449.0
    },
    "children_playing": {
        "precision": 0.8183856502242153,
        "recall": 0.8129175946547884,
        "f1-score": 0.8156424581005587,
        "support": 449.0
    },
    "dog_bark": {
        "precision": 0.9755555555555555,
        "recall": 0.977728285077951,
        "f1-score": 0.9766407119021134,
        "support": 449.0
    },
    "drilling": {
        "precision": 0.402002861230329,
        "recall": 0.6258351893095768,
        "f1-score": 0.4895470383275261,
        "support": 449.0
    },
    "engine_idling": {
        "precision": 0.583739837398374,
        "recall": 0.799554565701559,
        "f1-score": 0.674812030075188,
        "support": 449.0
    },
    "firetruck": {
        "precision": 0.9796839729119639,
        "recall": 0.9665924276169265,
        "f1-score": 0.9730941704035875,
        "support": 449.0
    },
    "gun_shot": {
        "precision": 0.7931769722814499,
        "recall": 0.8857142857142857,
        "f1-score": 0.8368953880764904,
        "support": 420.0
    },
    "jackhammer": {
        "precision": 0.7694805194805194,
        "recall": 0.5278396436525612,
        "f1-score": 0.6261558784676354,
        "support": 449.0
    },
    "police": {
        "precision": 0.9976470588235294,
        "recall": 0.9443207126948775,
        "f1-score": 0.9702517162471396,
        "support": 449.0
    },
    "street_music": {
        "precision": 0.7652173913043478,
        "recall": 0.9799554565701559,
        "f1-score": 0.859375,
        "support": 449.0
    },
    "traffic": {
        "precision": 0.9824945295404814,
        "recall": 1.0,
        "f1-score": 0.9911699779249448,
        "support": 449.0
    },
    "accuracy": 0.8004476584022039,
    "macro avg": {
        "precision": 0.8309039454270672,
        "recall": 0.8008712890672801,
        "f1-score": 0.7975939137828345,
        "support": 5808.0
    },
    "weighted avg": {
        "precision": 0.8310923204651566,
        "recall": 0.8004476584022039,
        "f1-score": 0.7973976770826768,
        "support": 5808.0
    }
}