{
    "fold": 9,
    "best_epoch": 4,
    "train_loss": 0.04811389271120648,
    "val_loss": 0.7595220316080291,
    "test_loss": 0.8975160890613858,
    "train_accuracy": 98.8918477794004,
    "val_accuracy": 84.2198268245273,
    "test_accuracy": 82.63388937664618,
    "classification_report": {
        "air_conditioner": {
            "precision": 0.5783783783783784,
            "recall": 0.2383073496659243,
            "f1-score": 0.33753943217665616,
            "support": 449.0
        },
        "ambulance": {
            "precision": 0.9603729603729604,
            "recall": 0.9175946547884187,
            "f1-score": 0.9384965831435079,
            "support": 449.0
        },
        "car_horn": {
            "precision": 0.9401709401709402,
            "recall": 0.859375,
            "f1-score": 0.8979591836734694,
            "support": 384.0
        },
        "children_playing": {
            "precision": 0.7989031078610603,
            "recall": 0.9732739420935412,
            "f1-score": 0.8775100401606426,
            "support": 449.0
        },
        "dog_bark": {
            "precision": 0.583596214511041,
            "recall": 0.8240534521158129,
            "f1-score": 0.6832871652816251,
            "support": 449.0
        },
        "drilling": {
            "precision": 0.7136659436008677,
            "recall": 0.732739420935412,
            "f1-score": 0.7230769230769231,
            "support": 449.0
        },
        "engine_idling": {
            "precision": 0.7797619047619048,
            "recall": 0.8752783964365256,
            "f1-score": 0.8247639034627492,
            "support": 449.0
        },
        "firetruck": {
            "precision": 0.9451476793248945,
            "recall": 0.9977728285077951,
            "f1-score": 0.9707475622968581,
            "support": 449.0
        },
        "gun_shot": {
            "precision": 1.0,
            "recall": 0.6559139784946236,
            "f1-score": 0.7922077922077922,
            "support": 372.0
        },
        "jackhammer": {
            "precision": 0.7847358121330724,
            "recall": 0.8930957683741648,
            "f1-score": 0.8354166666666667,
            "support": 449.0
        },
        "police": {
            "precision": 0.981941309255079,
            "recall": 0.9688195991091314,
            "f1-score": 0.9753363228699552,
            "support": 449.0
        },
        "street_music": {
            "precision": 0.7817371937639198,
            "recall": 0.7817371937639198,
            "f1-score": 0.7817371937639198,
            "support": 449.0
        },
        "traffic": {
            "precision": 0.9697624190064795,
            "recall": 1.0,
            "f1-score": 0.9846491228070176,
            "support": 449.0
        },
        "accuracy": 0.8263388937664619,
        "macro avg": {
            "precision": 0.8321672202415846,
            "recall": 0.8244585834065593,
            "f1-score": 0.8171329147375217,
            "support": 5695.0
        },
        "weighted avg": {
            "precision": 0.8286653122807758,
            "recall": 0.8263388937664619,
            "f1-score": 0.8165474058620086,
            "support": 5695.0
        }
    },
    "paths": {
        "best_model": "output/inception/fold_9/checkpoint_epoch_4.pth",
        "confusion_matrix": "output/inception/fold_9/plots/confusion_matrix.png",
        "roc_curves": "output/inception/fold_9/plots/roc_curves.png",
        "classification_report": "output/inception/fold_9/classification_report.json",
        "grad_cam_dir": "output/inception/fold_9/grad_cam"
    }
}