{
    "fold": 7,
    "best_epoch": 0,
    "train_loss": 0.2913971672368615,
    "val_loss": 0.4904538137667734,
    "test_loss": 1.0235380603661053,
    "train_accuracy": 90.07228811358324,
    "val_accuracy": 86.59687660888966,
    "test_accuracy": 78.03635128248683,
    "classification_report": {
        "air_conditioner": {
            "precision": 0.30623818525519847,
            "recall": 0.36080178173719374,
            "f1-score": 0.3312883435582822,
            "support": 449.0
        },
        "ambulance": {
            "precision": 0.8806584362139918,
            "recall": 0.9532293986636972,
            "f1-score": 0.9155080213903743,
            "support": 449.0
        },
        "car_horn": {
            "precision": 0.9910979228486647,
            "recall": 0.9940476190476191,
            "f1-score": 0.9925705794947994,
            "support": 336.0
        },
        "children_playing": {
            "precision": 0.7748091603053435,
            "recall": 0.9042316258351893,
            "f1-score": 0.8345323741007195,
            "support": 449.0
        },
        "dog_bark": {
            "precision": 0.9950372208436724,
            "recall": 0.8930957683741648,
            "f1-score": 0.9413145539906104,
            "support": 449.0
        },
        "drilling": {
            "precision": 0.673773987206823,
            "recall": 0.7037861915367484,
            "f1-score": 0.6884531590413944,
            "support": 449.0
        },
        "engine_idling": {
            "precision": 0.4414814814814815,
            "recall": 0.6636971046770601,
            "f1-score": 0.5302491103202847,
            "support": 449.0
        },
        "firetruck": {
            "precision": 0.923728813559322,
            "recall": 0.9710467706013363,
            "f1-score": 0.9467969598262758,
            "support": 449.0
        },
        "gun_shot": {
            "precision": 1.0,
            "recall": 0.8986928104575164,
            "f1-score": 0.9466437177280551,
            "support": 612.0
        },
        "jackhammer": {
            "precision": 0.30092592592592593,
            "recall": 0.1447661469933185,
            "f1-score": 0.19548872180451127,
            "support": 449.0
        },
        "police": {
            "precision": 1.0,
            "recall": 0.8797327394209354,
            "f1-score": 0.9360189573459715,
            "support": 449.0
        },
        "street_music": {
            "precision": 0.9752747252747253,
            "recall": 0.7906458797327395,
            "f1-score": 0.8733087330873309,
            "support": 449.0
        },
        "traffic": {
            "precision": 0.9593147751605996,
            "recall": 0.9977728285077951,
            "f1-score": 0.9781659388646288,
            "support": 449.0
        },
        "accuracy": 0.7803635128248684,
        "macro avg": {
            "precision": 0.7863338949289036,
            "recall": 0.7811958973527164,
            "f1-score": 0.7777183977348645,
            "support": 5887.0
        },
        "weighted avg": {
            "precision": 0.7883194970983712,
            "recall": 0.7803635128248684,
            "f1-score": 0.7782715709334407,
            "support": 5887.0
        }
    },
    "paths": {
        "best_model": "output/convnext/fold_7/checkpoint_epoch_0.pth",
        "confusion_matrix": "output/convnext/fold_7/plots/confusion_matrix.png",
        "roc_curves": "output/convnext/fold_7/plots/roc_curves.png",
        "classification_report": "output/convnext/fold_7/classification_report.json",
        "grad_cam_dir": "output/convnext/fold_7/grad_cam"
    }
}