{
    "air_conditioner": {
        "precision": 0.6415929203539823,
        "recall": 0.32293986636971045,
        "f1-score": 0.42962962962962964,
        "support": 449.0
    },
    "ambulance": {
        "precision": 0.9297872340425531,
        "recall": 0.9732739420935412,
        "f1-score": 0.9510337323177367,
        "support": 449.0
    },
    "car_horn": {
        "precision": 0.8314606741573034,
        "recall": 0.16481069042316257,
        "f1-score": 0.275092936802974,
        "support": 449.0
    },
    "children_playing": {
        "precision": 0.6563039723661486,
        "recall": 0.8463251670378619,
        "f1-score": 0.7392996108949417,
        "support": 449.0
    },
    "dog_bark": {
        "precision": 0.6736242884250474,
        "recall": 0.7906458797327395,
        "f1-score": 0.7274590163934426,
        "support": 449.0
    },
    "drilling": {
        "precision": 0.8269230769230769,
        "recall": 0.47884187082405344,
        "f1-score": 0.6064880112834978,
        "support": 449.0
    },
    "engine_idling": {
        "precision": 0.4474708171206226,
        "recall": 0.512249443207127,
        "f1-score": 0.47767393561786087,
        "support": 449.0
    },
    "firetruck": {
        "precision": 0.9812646370023419,
        "recall": 0.933184855233853,
        "f1-score": 0.95662100456621,
        "support": 449.0
    },
    "gun_shot": {
        "precision": 0.800718132854578,
        "recall": 0.9291666666666667,
        "f1-score": 0.8601735776277725,
        "support": 480.0
    },
    "jackhammer": {
        "precision": 0.6503623188405797,
        "recall": 0.799554565701559,
        "f1-score": 0.7172827172827173,
        "support": 449.0
    },
    "police": {
        "precision": 0.9603729603729604,
        "recall": 0.9175946547884187,
        "f1-score": 0.9384965831435079,
        "support": 449.0
    },
    "street_music": {
        "precision": 0.47058823529411764,
        "recall": 0.7839643652561247,
        "f1-score": 0.5881370091896407,
        "support": 449.0
    },
    "traffic": {
        "precision": 0.9122448979591836,
        "recall": 0.9955456570155902,
        "f1-score": 0.952076677316294,
        "support": 449.0
    },
    "accuracy": 0.7278459441036128,
    "macro avg": {
        "precision": 0.7525164742855767,
        "recall": 0.7267767403346468,
        "f1-score": 0.7091895724666327,
        "support": 5868.0
    },
    "weighted avg": {
        "precision": 0.7527711183577714,
        "recall": 0.7278459441036128,
        "f1-score": 0.7099872043957389,
        "support": 5868.0
    }
}