{
    "air_conditioner": {
        "precision": 0.1541501976284585,
        "recall": 0.08685968819599109,
        "f1-score": 0.1111111111111111,
        "support": 449.0
    },
    "ambulance": {
        "precision": 0.8413793103448276,
        "recall": 0.8151447661469933,
        "f1-score": 0.8280542986425339,
        "support": 449.0
    },
    "car_horn": {
        "precision": 0.8568075117370892,
        "recall": 0.8129175946547884,
        "f1-score": 0.8342857142857143,
        "support": 449.0
    },
    "children_playing": {
        "precision": 0.5714285714285714,
        "recall": 0.6146993318485523,
        "f1-score": 0.592274678111588,
        "support": 449.0
    },
    "dog_bark": {
        "precision": 0.7690582959641256,
        "recall": 0.7639198218262806,
        "f1-score": 0.7664804469273743,
        "support": 449.0
    },
    "drilling": {
        "precision": 0.5287569573283859,
        "recall": 0.6347438752783965,
        "f1-score": 0.5769230769230769,
        "support": 449.0
    },
    "engine_idling": {
        "precision": 0.52465483234714,
        "recall": 0.5924276169265034,
        "f1-score": 0.5564853556485355,
        "support": 449.0
    },
    "firetruck": {
        "precision": 0.7422907488986784,
        "recall": 0.7505567928730512,
        "f1-score": 0.7464008859357697,
        "support": 449.0
    },
    "gun_shot": {
        "precision": 0.8710407239819005,
        "recall": 0.8912037037037037,
        "f1-score": 0.8810068649885584,
        "support": 432.0
    },
    "jackhammer": {
        "precision": 0.5555555555555556,
        "recall": 0.30066815144766146,
        "f1-score": 0.3901734104046243,
        "support": 449.0
    },
    "police": {
        "precision": 0.8284023668639053,
        "recall": 0.9354120267260579,
        "f1-score": 0.8786610878661087,
        "support": 449.0
    },
    "street_music": {
        "precision": 0.444636678200692,
        "recall": 0.5723830734966593,
        "f1-score": 0.5004868549172347,
        "support": 449.0
    },
    "traffic": {
        "precision": 0.8284023668639053,
        "recall": 0.9354120267260579,
        "f1-score": 0.8786610878661087,
        "support": 449.0
    },
    "accuracy": 0.6690721649484536,
    "macro avg": {
        "precision": 0.6551203167033258,
        "recall": 0.6697191130654383,
        "f1-score": 0.6570003748944875,
        "support": 5820.0
    },
    "weighted avg": {
        "precision": 0.6544896213556048,
        "recall": 0.6690721649484536,
        "f1-score": 0.656346060404522,
        "support": 5820.0
    }
}