{
    "air_conditioner": {
        "precision": 0.7024221453287197,
        "recall": 0.4521158129175947,
        "f1-score": 0.5501355013550135,
        "support": 449.0
    },
    "ambulance": {
        "precision": 0.9582309582309583,
        "recall": 0.8685968819599109,
        "f1-score": 0.9112149532710281,
        "support": 449.0
    },
    "car_horn": {
        "precision": 0.9345549738219895,
        "recall": 0.9296875,
        "f1-score": 0.9321148825065274,
        "support": 384.0
    },
    "children_playing": {
        "precision": 0.7593457943925234,
        "recall": 0.7238307349665924,
        "f1-score": 0.7411630558722919,
        "support": 449.0
    },
    "dog_bark": {
        "precision": 0.6992481203007519,
        "recall": 0.8285077951002228,
        "f1-score": 0.7584097859327217,
        "support": 449.0
    },
    "drilling": {
        "precision": 0.8642384105960265,
        "recall": 0.5812917594654788,
        "f1-score": 0.6950732356857523,
        "support": 449.0
    },
    "engine_idling": {
        "precision": 0.7638376383763837,
        "recall": 0.9220489977728286,
        "f1-score": 0.8355196770938446,
        "support": 449.0
    },
    "firetruck": {
        "precision": 0.9841986455981941,
        "recall": 0.9710467706013363,
        "f1-score": 0.9775784753363229,
        "support": 449.0
    },
    "gun_shot": {
        "precision": 0.9972451790633609,
        "recall": 0.9731182795698925,
        "f1-score": 0.9850340136054422,
        "support": 372.0
    },
    "jackhammer": {
        "precision": 0.841796875,
        "recall": 0.9599109131403119,
        "f1-score": 0.8969823100936525,
        "support": 449.0
    },
    "police": {
        "precision": 0.9363057324840764,
        "recall": 0.9821826280623608,
        "f1-score": 0.9586956521739131,
        "support": 449.0
    },
    "street_music": {
        "precision": 0.7,
        "recall": 0.8730512249443207,
        "f1-score": 0.7770069375619425,
        "support": 449.0
    },
    "traffic": {
        "precision": 0.9676724137931034,
        "recall": 1.0,
        "f1-score": 0.9835706462212487,
        "support": 449.0
    },
    "accuracy": 0.8486391571553995,
    "macro avg": {
        "precision": 0.8545459143835452,
        "recall": 0.8511837921923733,
        "f1-score": 0.8463460866699771,
        "support": 5695.0
    },
    "weighted avg": {
        "precision": 0.8517033450694372,
        "recall": 0.8486391571553995,
        "f1-score": 0.843492014307658,
        "support": 5695.0
    }
}