{
    "fold": 1,
    "best_epoch": 2,
    "train_loss": 0.015965091122178678,
    "val_loss": 0.5358168176002422,
    "test_loss": 1.06580752958007,
    "train_accuracy": 99.5410274090674,
    "val_accuracy": 87.23553068718307,
    "test_accuracy": 76.98152305301329,
    "classification_report": {
        "air_conditioner": {
            "precision": 0.31170483460559795,
            "recall": 0.5456570155902004,
            "f1-score": 0.3967611336032389,
            "support": 449.0
        },
        "ambulance": {
            "precision": 0.9977678571428571,
            "recall": 0.9955456570155902,
            "f1-score": 0.9966555183946488,
            "support": 449.0
        },
        "car_horn": {
            "precision": 0.9971988795518207,
            "recall": 0.8240740740740741,
            "f1-score": 0.9024081115335868,
            "support": 432.0
        },
        "children_playing": {
            "precision": 0.5996835443037974,
            "recall": 0.844097995545657,
            "f1-score": 0.7012025901942646,
            "support": 449.0
        },
        "dog_bark": {
            "precision": 0.8778625954198473,
            "recall": 0.7683741648106904,
            "f1-score": 0.8194774346793349,
            "support": 449.0
        },
        "drilling": {
            "precision": 0.8928571428571429,
            "recall": 0.7238307349665924,
            "f1-score": 0.7995079950799509,
            "support": 449.0
        },
        "engine_idling": {
            "precision": 0.5514018691588785,
            "recall": 0.5256124721603563,
            "f1-score": 0.5381984036488028,
            "support": 449.0
        },
        "firetruck": {
            "precision": 1.0,
            "recall": 0.9977728285077951,
            "f1-score": 0.9988851727982163,
            "support": 449.0
        },
        "gun_shot": {
            "precision": 0.7,
            "recall": 1.0,
            "f1-score": 0.8235294117647058,
            "support": 420.0
        },
        "jackhammer": {
            "precision": 0.8412698412698413,
            "recall": 0.23608017817371937,
            "f1-score": 0.36869565217391304,
            "support": 449.0
        },
        "police": {
            "precision": 0.991130820399113,
            "recall": 0.9955456570155902,
            "f1-score": 0.9933333333333333,
            "support": 449.0
        },
        "street_music": {
            "precision": 0.8557046979865772,
            "recall": 0.5679287305122495,
            "f1-score": 0.6827309236947792,
            "support": 449.0
        },
        "traffic": {
            "precision": 0.9760869565217392,
            "recall": 1.0,
            "f1-score": 0.9878987898789879,
            "support": 449.0
        },
        "accuracy": 0.769815230530133,
        "macro avg": {
            "precision": 0.8148206953244009,
            "recall": 0.7711168852594242,
            "f1-score": 0.7699449592905971,
            "support": 5791.0
        },
        "weighted avg": {
            "precision": 0.8148603035151352,
            "recall": 0.769815230530133,
            "f1-score": 0.7692877631742303,
            "support": 5791.0
        }
    },
    "paths": {
        "best_model": "output/resnet18/fold_1/checkpoint_epoch_2.pth",
        "confusion_matrix": "output/resnet18/fold_1/plots/confusion_matrix.png",
        "roc_curves": "output/resnet18/fold_1/plots/roc_curves.png",
        "classification_report": "output/resnet18/fold_1/classification_report.json",
        "grad_cam_dir": "output/resnet18/fold_1/grad_cam"
    }
}