{
    "air_conditioner": {
        "precision": 0.5567010309278351,
        "recall": 0.24053452115812918,
        "f1-score": 0.3359253499222395,
        "support": 449.0
    },
    "ambulance": {
        "precision": 1.0,
        "recall": 0.9933184855233853,
        "f1-score": 0.9966480446927374,
        "support": 449.0
    },
    "car_horn": {
        "precision": 0.9738562091503268,
        "recall": 0.9955456570155902,
        "f1-score": 0.9845814977973568,
        "support": 449.0
    },
    "children_playing": {
        "precision": 0.7459807073954984,
        "recall": 0.5167037861915368,
        "f1-score": 0.6105263157894737,
        "support": 449.0
    },
    "dog_bark": {
        "precision": 0.7392795883361921,
        "recall": 0.9599109131403119,
        "f1-score": 0.8352713178294574,
        "support": 449.0
    },
    "drilling": {
        "precision": 0.5100671140939598,
        "recall": 0.6770601336302895,
        "f1-score": 0.5818181818181818,
        "support": 449.0
    },
    "engine_idling": {
        "precision": 0.4031936127744511,
        "recall": 0.44988864142538976,
        "f1-score": 0.42526315789473684,
        "support": 449.0
    },
    "firetruck": {
        "precision": 0.9911504424778761,
        "recall": 0.9977728285077951,
        "f1-score": 0.9944506104328524,
        "support": 449.0
    },
    "gun_shot": {
        "precision": 0.9722222222222222,
        "recall": 0.9722222222222222,
        "f1-score": 0.9722222222222222,
        "support": 432.0
    },
    "jackhammer": {
        "precision": 0.5042492917847026,
        "recall": 0.39643652561247217,
        "f1-score": 0.44389027431421446,
        "support": 449.0
    },
    "police": {
        "precision": 0.9909502262443439,
        "recall": 0.9755011135857461,
        "f1-score": 0.9831649831649831,
        "support": 449.0
    },
    "street_music": {
        "precision": 0.5537190082644629,
        "recall": 0.7461024498886414,
        "f1-score": 0.635673624288425,
        "support": 449.0
    },
    "traffic": {
        "precision": 1.0,
        "recall": 0.9933184855233853,
        "f1-score": 0.9966480446927374,
        "support": 449.0
    },
    "accuracy": 0.7620274914089347,
    "macro avg": {
        "precision": 0.7647207272055285,
        "recall": 0.7626396741096073,
        "f1-score": 0.7535448942199706,
        "support": 5820.0
    },
    "weighted avg": {
        "precision": 0.764114623182284,
        "recall": 0.7620274914089347,
        "f1-score": 0.7529061460110293,
        "support": 5820.0
    }
}