{
    "air_conditioner": {
        "precision": 0.4148936170212766,
        "recall": 0.08685968819599109,
        "f1-score": 0.143646408839779,
        "support": 449.0
    },
    "ambulance": {
        "precision": 0.927536231884058,
        "recall": 0.8552338530066815,
        "f1-score": 0.8899188876013905,
        "support": 449.0
    },
    "car_horn": {
        "precision": 0.8827838827838828,
        "recall": 0.5367483296213809,
        "f1-score": 0.667590027700831,
        "support": 449.0
    },
    "children_playing": {
        "precision": 0.3821376281112738,
        "recall": 0.5812917594654788,
        "f1-score": 0.46113074204946997,
        "support": 449.0
    },
    "dog_bark": {
        "precision": 0.8523489932885906,
        "recall": 0.8485523385300668,
        "f1-score": 0.8504464285714286,
        "support": 449.0
    },
    "drilling": {
        "precision": 0.7972508591065293,
        "recall": 0.5167037861915368,
        "f1-score": 0.6270270270270271,
        "support": 449.0
    },
    "engine_idling": {
        "precision": 0.8064516129032258,
        "recall": 0.22271714922049,
        "f1-score": 0.34904013961605584,
        "support": 449.0
    },
    "firetruck": {
        "precision": 0.8501026694045175,
        "recall": 0.9220489977728286,
        "f1-score": 0.8846153846153846,
        "support": 449.0
    },
    "gun_shot": {
        "precision": 0.9908256880733946,
        "recall": 1.0,
        "f1-score": 0.9953917050691244,
        "support": 432.0
    },
    "jackhammer": {
        "precision": 0.29559748427672955,
        "recall": 0.10467706013363029,
        "f1-score": 0.15460526315789475,
        "support": 449.0
    },
    "police": {
        "precision": 0.9265033407572383,
        "recall": 0.9265033407572383,
        "f1-score": 0.9265033407572383,
        "support": 449.0
    },
    "street_music": {
        "precision": 0.2083609820836098,
        "recall": 0.6993318485523385,
        "f1-score": 0.3210633946830266,
        "support": 449.0
    },
    "traffic": {
        "precision": 0.9802631578947368,
        "recall": 0.9955456570155902,
        "f1-score": 0.9878453038674033,
        "support": 449.0
    },
    "accuracy": 0.6371134020618556,
    "macro avg": {
        "precision": 0.7165427805837741,
        "recall": 0.6381702929587116,
        "f1-score": 0.6352941579658503,
        "support": 5820.0
    },
    "weighted avg": {
        "precision": 0.7157416105790794,
        "recall": 0.6371134020618556,
        "f1-score": 0.6342423266426963,
        "support": 5820.0
    }
}