{
    "fold": 9,
    "best_epoch": 3,
    "train_loss": 0.008892979569621845,
    "val_loss": 0.7985874141279995,
    "test_loss": 0.6806289023677871,
    "train_accuracy": 99.77020874495318,
    "val_accuracy": 81.88725923308004,
    "test_accuracy": 87.7260755048288,
    "classification_report": {
        "air_conditioner": {
            "precision": 0.8149606299212598,
            "recall": 0.4610244988864143,
            "f1-score": 0.5889046941678521,
            "support": 449.0
        },
        "ambulance": {
            "precision": 0.9864253393665159,
            "recall": 0.9710467706013363,
            "f1-score": 0.978675645342312,
            "support": 449.0
        },
        "car_horn": {
            "precision": 0.8813953488372093,
            "recall": 0.9869791666666666,
            "f1-score": 0.9312039312039312,
            "support": 384.0
        },
        "children_playing": {
            "precision": 0.9125799573560768,
            "recall": 0.9532293986636972,
            "f1-score": 0.9324618736383442,
            "support": 449.0
        },
        "dog_bark": {
            "precision": 0.908433734939759,
            "recall": 0.8396436525612472,
            "f1-score": 0.8726851851851852,
            "support": 449.0
        },
        "drilling": {
            "precision": 0.8854166666666666,
            "recall": 0.5679287305122495,
            "f1-score": 0.6919945725915875,
            "support": 449.0
        },
        "engine_idling": {
            "precision": 0.7477148080438757,
            "recall": 0.910913140311804,
            "f1-score": 0.821285140562249,
            "support": 449.0
        },
        "firetruck": {
            "precision": 0.9694989106753813,
            "recall": 0.9910913140311804,
            "f1-score": 0.9801762114537445,
            "support": 449.0
        },
        "gun_shot": {
            "precision": 1.0,
            "recall": 0.9731182795698925,
            "f1-score": 0.9863760217983651,
            "support": 372.0
        },
        "jackhammer": {
            "precision": 0.7044334975369458,
            "recall": 0.955456570155902,
            "f1-score": 0.8109640831758034,
            "support": 449.0
        },
        "police": {
            "precision": 0.9487179487179487,
            "recall": 0.9888641425389755,
            "f1-score": 0.9683751363140676,
            "support": 449.0
        },
        "street_music": {
            "precision": 0.7550200803212851,
            "recall": 0.8374164810690423,
            "f1-score": 0.7940865892291447,
            "support": 449.0
        },
        "traffic": {
            "precision": 0.9889867841409692,
            "recall": 1.0,
            "f1-score": 0.9944629014396457,
            "support": 449.0
        },
        "accuracy": 0.8772607550482879,
        "macro avg": {
            "precision": 0.884891054347992,
            "recall": 0.8797470881206467,
            "f1-score": 0.8732039989309409,
            "support": 5695.0
        },
        "weighted avg": {
            "precision": 0.8833746069455329,
            "recall": 0.8772607550482879,
            "f1-score": 0.8710118582182917,
            "support": 5695.0
        }
    },
    "paths": {
        "best_model": "output/mobilenet/fold_9/checkpoint_epoch_3.pth",
        "confusion_matrix": "output/mobilenet/fold_9/plots/confusion_matrix.png",
        "roc_curves": "output/mobilenet/fold_9/plots/roc_curves.png",
        "classification_report": "output/mobilenet/fold_9/classification_report.json",
        "grad_cam_dir": "output/mobilenet/fold_9/grad_cam"
    }
}