{
    "fold": 5,
    "best_epoch": 3,
    "train_loss": 0.7719379755516131,
    "val_loss": 0.9211007943376899,
    "test_loss": 0.9927560721078644,
    "train_accuracy": 74.52278924814959,
    "val_accuracy": 69.07939767282683,
    "test_accuracy": 68.01295160190865,
    "classification_report": {
        "air_conditioner": {
            "precision": 0.6346153846153846,
            "recall": 0.5879732739420935,
            "f1-score": 0.6104046242774567,
            "support": 449.0
        },
        "ambulance": {
            "precision": 0.8051044083526682,
            "recall": 0.7728285077951003,
            "f1-score": 0.7886363636363637,
            "support": 449.0
        },
        "car_horn": {
            "precision": 0.37809187279151946,
            "recall": 0.2383073496659243,
            "f1-score": 0.2923497267759563,
            "support": 449.0
        },
        "children_playing": {
            "precision": 0.6161971830985915,
            "recall": 0.779510022271715,
            "f1-score": 0.688298918387414,
            "support": 449.0
        },
        "dog_bark": {
            "precision": 0.7920489296636085,
            "recall": 0.576837416481069,
            "f1-score": 0.6675257731958762,
            "support": 449.0
        },
        "drilling": {
            "precision": 0.8362831858407079,
            "recall": 0.4209354120267261,
            "f1-score": 0.56,
            "support": 449.0
        },
        "engine_idling": {
            "precision": 0.4855195911413969,
            "recall": 0.6347438752783965,
            "f1-score": 0.5501930501930502,
            "support": 449.0
        },
        "firetruck": {
            "precision": 0.8013392857142857,
            "recall": 0.799554565701559,
            "f1-score": 0.8004459308807135,
            "support": 449.0
        },
        "gun_shot": {
            "precision": 0.7737104825291181,
            "recall": 0.96875,
            "f1-score": 0.8603145235892692,
            "support": 480.0
        },
        "jackhammer": {
            "precision": 0.6528735632183909,
            "recall": 0.6325167037861915,
            "f1-score": 0.6425339366515838,
            "support": 449.0
        },
        "police": {
            "precision": 0.8627450980392157,
            "recall": 0.8819599109131403,
            "f1-score": 0.8722466960352423,
            "support": 449.0
        },
        "street_music": {
            "precision": 0.4507512520868113,
            "recall": 0.6013363028953229,
            "f1-score": 0.5152671755725191,
            "support": 449.0
        },
        "traffic": {
            "precision": 0.8524590163934426,
            "recall": 0.9265033407572383,
            "f1-score": 0.887940234791889,
            "support": 449.0
        },
        "accuracy": 0.6801295160190866,
        "macro avg": {
            "precision": 0.687826096421934,
            "recall": 0.678596667808806,
            "f1-score": 0.6720120733836411,
            "support": 5868.0
        },
        "weighted avg": {
            "precision": 0.6882798142081171,
            "recall": 0.6801295160190866,
            "f1-score": 0.6730068545623007,
            "support": 5868.0
        }
    },
    "paths": {
        "best_model": "output/inception/fold_5/checkpoint_epoch_3.pth",
        "confusion_matrix": "output/inception/fold_5/plots/confusion_matrix.png",
        "roc_curves": "output/inception/fold_5/plots/roc_curves.png",
        "classification_report": "output/inception/fold_5/classification_report.json",
        "grad_cam_dir": "output/inception/fold_5/grad_cam"
    }
}