{
    "fold": 4,
    "best_epoch": 4,
    "train_loss": 0.04527736562874199,
    "val_loss": 1.8034856887287998,
    "test_loss": 1.4724149048404243,
    "train_accuracy": 98.612011934103,
    "val_accuracy": 71.1340206185567,
    "test_accuracy": 74.74332648870636,
    "classification_report": {
        "air_conditioner": {
            "precision": 0.43278688524590164,
            "recall": 0.29398663697104677,
            "f1-score": 0.35013262599469497,
            "support": 449.0
        },
        "ambulance": {
            "precision": 0.9443254817987152,
            "recall": 0.9821826280623608,
            "f1-score": 0.962882096069869,
            "support": 449.0
        },
        "car_horn": {
            "precision": 0.9343544857768052,
            "recall": 0.9510022271714922,
            "f1-score": 0.9426048565121413,
            "support": 449.0
        },
        "children_playing": {
            "precision": 0.7270531400966184,
            "recall": 0.6703786191536748,
            "f1-score": 0.697566628041715,
            "support": 449.0
        },
        "dog_bark": {
            "precision": 0.5228848821081831,
            "recall": 0.8396436525612472,
            "f1-score": 0.6444444444444445,
            "support": 449.0
        },
        "drilling": {
            "precision": 0.5503472222222222,
            "recall": 0.7060133630289532,
            "f1-score": 0.6185365853658537,
            "support": 449.0
        },
        "engine_idling": {
            "precision": 0.47201492537313433,
            "recall": 0.5634743875278396,
            "f1-score": 0.5137055837563452,
            "support": 449.0
        },
        "firetruck": {
            "precision": 0.9330453563714903,
            "recall": 0.9621380846325167,
            "f1-score": 0.9473684210526315,
            "support": 449.0
        },
        "gun_shot": {
            "precision": 0.9797297297297297,
            "recall": 0.9539473684210527,
            "f1-score": 0.9666666666666667,
            "support": 456.0
        },
        "jackhammer": {
            "precision": 0.6078431372549019,
            "recall": 0.27616926503340755,
            "f1-score": 0.37978560490045943,
            "support": 449.0
        },
        "police": {
            "precision": 0.9488372093023256,
            "recall": 0.9086859688195991,
            "f1-score": 0.9283276450511946,
            "support": 449.0
        },
        "street_music": {
            "precision": 0.7268041237113402,
            "recall": 0.6280623608017817,
            "f1-score": 0.6738351254480287,
            "support": 449.0
        },
        "traffic": {
            "precision": 1.0,
            "recall": 0.977728285077951,
            "f1-score": 0.9887387387387387,
            "support": 449.0
        },
        "accuracy": 0.7474332648870636,
        "macro avg": {
            "precision": 0.7523097368454897,
            "recall": 0.7471856036356096,
            "f1-score": 0.7395842324648296,
            "support": 5844.0
        },
        "weighted avg": {
            "precision": 0.7525821427233459,
            "recall": 0.7474332648870636,
            "f1-score": 0.7398562340116147,
            "support": 5844.0
        }
    },
    "paths": {
        "best_model": "output/efficientnet/fold_4/checkpoint_epoch_4.pth",
        "confusion_matrix": "output/efficientnet/fold_4/plots/confusion_matrix.png",
        "roc_curves": "output/efficientnet/fold_4/plots/roc_curves.png",
        "classification_report": "output/efficientnet/fold_4/classification_report.json",
        "grad_cam_dir": "output/efficientnet/fold_4/grad_cam"
    }
}