{
    "air_conditioner": {
        "precision": 0.8917525773195877,
        "recall": 0.38530066815144765,
        "f1-score": 0.5381026438569206,
        "support": 449.0
    },
    "ambulance": {
        "precision": 0.9727891156462585,
        "recall": 0.955456570155902,
        "f1-score": 0.9640449438202248,
        "support": 449.0
    },
    "car_horn": {
        "precision": 0.8233995584988962,
        "recall": 0.9713541666666666,
        "f1-score": 0.8912783751493429,
        "support": 384.0
    },
    "children_playing": {
        "precision": 0.5558546433378196,
        "recall": 0.9198218262806236,
        "f1-score": 0.6929530201342282,
        "support": 449.0
    },
    "dog_bark": {
        "precision": 0.7819548872180451,
        "recall": 0.6948775055679287,
        "f1-score": 0.7358490566037735,
        "support": 449.0
    },
    "drilling": {
        "precision": 0.9285714285714286,
        "recall": 0.3184855233853007,
        "f1-score": 0.47429519071310117,
        "support": 449.0
    },
    "engine_idling": {
        "precision": 0.5860655737704918,
        "recall": 0.955456570155902,
        "f1-score": 0.7265029635901779,
        "support": 449.0
    },
    "firetruck": {
        "precision": 0.9602649006622517,
        "recall": 0.9688195991091314,
        "f1-score": 0.9645232815964523,
        "support": 449.0
    },
    "gun_shot": {
        "precision": 1.0,
        "recall": 0.7311827956989247,
        "f1-score": 0.84472049689441,
        "support": 372.0
    },
    "jackhammer": {
        "precision": 0.7696526508226691,
        "recall": 0.9376391982182628,
        "f1-score": 0.8453815261044176,
        "support": 449.0
    },
    "police": {
        "precision": 1.0,
        "recall": 0.9844097995545658,
        "f1-score": 0.9921436588103255,
        "support": 449.0
    },
    "street_music": {
        "precision": 0.7671568627450981,
        "recall": 0.6971046770601337,
        "f1-score": 0.7304550758459744,
        "support": 449.0
    },
    "traffic": {
        "precision": 0.9824945295404814,
        "recall": 1.0,
        "f1-score": 0.9911699779249448,
        "support": 449.0
    },
    "accuracy": 0.8084284460052678,
    "macro avg": {
        "precision": 0.847688979087156,
        "recall": 0.80922376153883,
        "f1-score": 0.7993400162341763,
        "support": 5695.0
    },
    "weighted avg": {
        "precision": 0.8459068656065498,
        "recall": 0.8084284460052678,
        "f1-score": 0.7976771030927675,
        "support": 5695.0
    }
}