{
    "air_conditioner": {
        "precision": 0.5262206148282098,
        "recall": 0.6481069042316259,
        "f1-score": 0.5808383233532934,
        "support": 449.0
    },
    "ambulance": {
        "precision": 0.9738562091503268,
        "recall": 0.9955456570155902,
        "f1-score": 0.9845814977973568,
        "support": 449.0
    },
    "car_horn": {
        "precision": 0.9973958333333334,
        "recall": 0.8865740740740741,
        "f1-score": 0.9387254901960784,
        "support": 432.0
    },
    "children_playing": {
        "precision": 0.8730650154798761,
        "recall": 0.6280623608017817,
        "f1-score": 0.7305699481865285,
        "support": 449.0
    },
    "dog_bark": {
        "precision": 0.5871687587168759,
        "recall": 0.9376391982182628,
        "f1-score": 0.7221269296740995,
        "support": 449.0
    },
    "drilling": {
        "precision": 0.48551724137931035,
        "recall": 0.7839643652561247,
        "f1-score": 0.5996592844974447,
        "support": 449.0
    },
    "engine_idling": {
        "precision": 0.84765625,
        "recall": 0.48329621380846327,
        "f1-score": 0.6156028368794326,
        "support": 449.0
    },
    "firetruck": {
        "precision": 0.9931972789115646,
        "recall": 0.9755011135857461,
        "f1-score": 0.9842696629213483,
        "support": 449.0
    },
    "gun_shot": {
        "precision": 0.8491379310344828,
        "recall": 0.9380952380952381,
        "f1-score": 0.8914027149321267,
        "support": 420.0
    },
    "jackhammer": {
        "precision": 0.4834123222748815,
        "recall": 0.22717149220489977,
        "f1-score": 0.3090909090909091,
        "support": 449.0
    },
    "police": {
        "precision": 1.0,
        "recall": 0.955456570155902,
        "f1-score": 0.9772209567198178,
        "support": 449.0
    },
    "street_music": {
        "precision": 0.8907103825136612,
        "recall": 0.7260579064587973,
        "f1-score": 0.8,
        "support": 449.0
    },
    "traffic": {
        "precision": 0.9697624190064795,
        "recall": 1.0,
        "f1-score": 0.9846491228070176,
        "support": 449.0
    },
    "accuracy": 0.7824209981005008,
    "macro avg": {
        "precision": 0.8059307889714619,
        "recall": 0.7834977764543467,
        "f1-score": 0.7783644366965733,
        "support": 5791.0
    },
    "weighted avg": {
        "precision": 0.8051523546986282,
        "recall": 0.7824209981005008,
        "f1-score": 0.7773276126630173,
        "support": 5791.0
    }
}