{
    "air_conditioner": {
        "precision": 0.7228260869565217,
        "recall": 0.2962138084632517,
        "f1-score": 0.42022116903633494,
        "support": 449.0
    },
    "ambulance": {
        "precision": 0.9797752808988764,
        "recall": 0.9710467706013363,
        "f1-score": 0.9753914988814317,
        "support": 449.0
    },
    "car_horn": {
        "precision": 0.3215339233038348,
        "recall": 0.24276169265033407,
        "f1-score": 0.2766497461928934,
        "support": 449.0
    },
    "children_playing": {
        "precision": 0.898936170212766,
        "recall": 0.7527839643652561,
        "f1-score": 0.8193939393939393,
        "support": 449.0
    },
    "dog_bark": {
        "precision": 0.7175438596491228,
        "recall": 0.910913140311804,
        "f1-score": 0.802747791952895,
        "support": 449.0
    },
    "drilling": {
        "precision": 0.9637462235649547,
        "recall": 0.7104677060133631,
        "f1-score": 0.8179487179487179,
        "support": 449.0
    },
    "engine_idling": {
        "precision": 0.5823008849557522,
        "recall": 0.732739420935412,
        "f1-score": 0.6489151873767258,
        "support": 449.0
    },
    "firetruck": {
        "precision": 0.9954233409610984,
        "recall": 0.9688195991091314,
        "f1-score": 0.981941309255079,
        "support": 449.0
    },
    "gun_shot": {
        "precision": 0.97165991902834,
        "recall": 1.0,
        "f1-score": 0.9856262833675564,
        "support": 480.0
    },
    "jackhammer": {
        "precision": 0.8601895734597157,
        "recall": 0.8084632516703786,
        "f1-score": 0.8335246842709529,
        "support": 449.0
    },
    "police": {
        "precision": 0.9977728285077951,
        "recall": 0.9977728285077951,
        "f1-score": 0.9977728285077951,
        "support": 449.0
    },
    "street_music": {
        "precision": 0.4837451235370611,
        "recall": 0.8285077951002228,
        "f1-score": 0.6108374384236454,
        "support": 449.0
    },
    "traffic": {
        "precision": 0.9219712525667351,
        "recall": 1.0,
        "f1-score": 0.9594017094017094,
        "support": 449.0
    },
    "accuracy": 0.787321063394683,
    "macro avg": {
        "precision": 0.8013403436617365,
        "recall": 0.7861915367483296,
        "f1-score": 0.7792594080007444,
        "support": 5868.0
    },
    "weighted avg": {
        "precision": 0.8022401232862023,
        "recall": 0.787321063394683,
        "f1-score": 0.7803496215549997,
        "support": 5868.0
    }
}