{
    "air_conditioner": {
        "precision": 0.5054773082942097,
        "recall": 0.7193763919821826,
        "f1-score": 0.59375,
        "support": 449.0
    },
    "ambulance": {
        "precision": 0.9341772151898734,
        "recall": 0.821826280623608,
        "f1-score": 0.8744075829383886,
        "support": 449.0
    },
    "car_horn": {
        "precision": 0.8205128205128205,
        "recall": 0.9629629629629629,
        "f1-score": 0.88604898828541,
        "support": 432.0
    },
    "children_playing": {
        "precision": 0.9254658385093167,
        "recall": 0.33184855233853006,
        "f1-score": 0.4885245901639344,
        "support": 449.0
    },
    "dog_bark": {
        "precision": 0.3801980198019802,
        "recall": 0.8552338530066815,
        "f1-score": 0.5263879369431117,
        "support": 449.0
    },
    "drilling": {
        "precision": 0.7018867924528301,
        "recall": 0.4142538975501114,
        "f1-score": 0.5210084033613446,
        "support": 449.0
    },
    "engine_idling": {
        "precision": 0.7714285714285715,
        "recall": 0.5412026726057907,
        "f1-score": 0.6361256544502618,
        "support": 449.0
    },
    "firetruck": {
        "precision": 0.8917748917748918,
        "recall": 0.9175946547884187,
        "f1-score": 0.9045005488474204,
        "support": 449.0
    },
    "gun_shot": {
        "precision": 0.7411347517730497,
        "recall": 0.4976190476190476,
        "f1-score": 0.5954415954415955,
        "support": 420.0
    },
    "jackhammer": {
        "precision": 0.2074688796680498,
        "recall": 0.111358574610245,
        "f1-score": 0.14492753623188406,
        "support": 449.0
    },
    "police": {
        "precision": 0.8997867803837953,
        "recall": 0.9398663697104677,
        "f1-score": 0.9193899782135077,
        "support": 449.0
    },
    "street_music": {
        "precision": 0.5308641975308642,
        "recall": 0.6703786191536748,
        "f1-score": 0.59251968503937,
        "support": 449.0
    },
    "traffic": {
        "precision": 0.9372384937238494,
        "recall": 0.9977728285077951,
        "f1-score": 0.9665587918015103,
        "support": 449.0
    },
    "accuracy": 0.6755309963736833,
    "macro avg": {
        "precision": 0.7113395816187773,
        "recall": 0.6754842081122704,
        "f1-score": 0.6653531762859799,
        "support": 5791.0
    },
    "weighted avg": {
        "precision": 0.7108698864028088,
        "recall": 0.6755309963736833,
        "f1-score": 0.6650554050962886,
        "support": 5791.0
    }
}