{
    "fold": 1,
    "best_epoch": 1,
    "train_loss": 0.03386936717029769,
    "val_loss": 0.7907557590835494,
    "test_loss": 0.7820194797087614,
    "train_accuracy": 99.01956559213929,
    "val_accuracy": 86.53610771113831,
    "test_accuracy": 81.00500777067865,
    "classification_report": {
        "air_conditioner": {
            "precision": 0.7113821138211383,
            "recall": 0.3897550111358575,
            "f1-score": 0.5035971223021583,
            "support": 449.0
        },
        "ambulance": {
            "precision": 0.9646017699115044,
            "recall": 0.9710467706013363,
            "f1-score": 0.9678135405105438,
            "support": 449.0
        },
        "car_horn": {
            "precision": 0.9970059880239521,
            "recall": 0.7708333333333334,
            "f1-score": 0.8694516971279374,
            "support": 432.0
        },
        "children_playing": {
            "precision": 0.8463203463203464,
            "recall": 0.8708240534521158,
            "f1-score": 0.858397365532382,
            "support": 449.0
        },
        "dog_bark": {
            "precision": 0.7088186356073212,
            "recall": 0.9487750556792873,
            "f1-score": 0.8114285714285714,
            "support": 449.0
        },
        "drilling": {
            "precision": 0.6680161943319838,
            "recall": 0.734966592427617,
            "f1-score": 0.6998939554612937,
            "support": 449.0
        },
        "engine_idling": {
            "precision": 0.4683357879234168,
            "recall": 0.7082405345211581,
            "f1-score": 0.5638297872340425,
            "support": 449.0
        },
        "firetruck": {
            "precision": 0.9930555555555556,
            "recall": 0.955456570155902,
            "f1-score": 0.9738933030646992,
            "support": 449.0
        },
        "gun_shot": {
            "precision": 0.8535564853556485,
            "recall": 0.9714285714285714,
            "f1-score": 0.9086859688195991,
            "support": 420.0
        },
        "jackhammer": {
            "precision": 0.9333333333333333,
            "recall": 0.2806236080178174,
            "f1-score": 0.4315068493150685,
            "support": 449.0
        },
        "police": {
            "precision": 0.9803063457330415,
            "recall": 0.9977728285077951,
            "f1-score": 0.9889624724061811,
            "support": 449.0
        },
        "street_music": {
            "precision": 0.7814814814814814,
            "recall": 0.9398663697104677,
            "f1-score": 0.8533872598584429,
            "support": 449.0
        },
        "traffic": {
            "precision": 0.9334719334719335,
            "recall": 1.0,
            "f1-score": 0.9655913978494624,
            "support": 449.0
        },
        "accuracy": 0.8100500777067864,
        "macro avg": {
            "precision": 0.8338219977592812,
            "recall": 0.8107376383824045,
            "f1-score": 0.7997260993007986,
            "support": 5791.0
        },
        "weighted avg": {
            "precision": 0.8332441307285796,
            "recall": 0.8100500777067864,
            "f1-score": 0.7989757675136969,
            "support": 5791.0
        }
    },
    "paths": {
        "best_model": "output/efficientnet/fold_1/checkpoint_epoch_1.pth",
        "confusion_matrix": "output/efficientnet/fold_1/plots/confusion_matrix.png",
        "roc_curves": "output/efficientnet/fold_1/plots/roc_curves.png",
        "classification_report": "output/efficientnet/fold_1/classification_report.json",
        "grad_cam_dir": "output/efficientnet/fold_1/grad_cam"
    }
}