{
    "air_conditioner": {
        "precision": 0.28100470957613816,
        "recall": 0.3986636971046771,
        "f1-score": 0.3296500920810313,
        "support": 449.0
    },
    "ambulance": {
        "precision": 0.9440715883668904,
        "recall": 0.9398663697104677,
        "f1-score": 0.9419642857142857,
        "support": 449.0
    },
    "car_horn": {
        "precision": 0.7348242811501597,
        "recall": 0.512249443207127,
        "f1-score": 0.6036745406824147,
        "support": 449.0
    },
    "children_playing": {
        "precision": 0.6968325791855203,
        "recall": 0.6859688195991092,
        "f1-score": 0.691358024691358,
        "support": 449.0
    },
    "dog_bark": {
        "precision": 0.7673545966228893,
        "recall": 0.910913140311804,
        "f1-score": 0.8329938900203666,
        "support": 449.0
    },
    "drilling": {
        "precision": 0.7524752475247525,
        "recall": 0.5077951002227171,
        "f1-score": 0.6063829787234043,
        "support": 449.0
    },
    "engine_idling": {
        "precision": 0.429769392033543,
        "recall": 0.45657015590200445,
        "f1-score": 0.4427645788336933,
        "support": 449.0
    },
    "firetruck": {
        "precision": 0.9260089686098655,
        "recall": 0.9198218262806236,
        "f1-score": 0.9229050279329609,
        "support": 449.0
    },
    "gun_shot": {
        "precision": 0.7724137931034483,
        "recall": 0.8,
        "f1-score": 0.7859649122807018,
        "support": 420.0
    },
    "jackhammer": {
        "precision": 0.46551724137931033,
        "recall": 0.18040089086859687,
        "f1-score": 0.26003210272873195,
        "support": 449.0
    },
    "police": {
        "precision": 0.9183222958057395,
        "recall": 0.9265033407572383,
        "f1-score": 0.9223946784922394,
        "support": 449.0
    },
    "street_music": {
        "precision": 0.5129310344827587,
        "recall": 0.7951002227171492,
        "f1-score": 0.6235807860262009,
        "support": 449.0
    },
    "traffic": {
        "precision": 0.9911504424778761,
        "recall": 0.9977728285077951,
        "f1-score": 0.9944506104328524,
        "support": 449.0
    },
    "accuracy": 0.6942148760330579,
    "macro avg": {
        "precision": 0.7071289361783761,
        "recall": 0.6947404488607162,
        "f1-score": 0.6890858852800186,
        "support": 5808.0
    },
    "weighted avg": {
        "precision": 0.7068029615139776,
        "recall": 0.6942148760330579,
        "f1-score": 0.6886021573559448,
        "support": 5808.0
    }
}