{
    "fold": 8,
    "best_epoch": 3,
    "train_loss": 0.03054727583882752,
    "val_loss": 0.6956447102944644,
    "test_loss": 1.1110656621776491,
    "train_accuracy": 99.04036918830329,
    "val_accuracy": 88.19432648207916,
    "test_accuracy": 76.88637568474995,
    "classification_report": {
        "air_conditioner": {
            "precision": 0.15789473684210525,
            "recall": 0.013363028953229399,
            "f1-score": 0.024640657084188913,
            "support": 449.0
        },
        "ambulance": {
            "precision": 0.9695652173913043,
            "recall": 0.9933184855233853,
            "f1-score": 0.9812981298129813,
            "support": 449.0
        },
        "car_horn": {
            "precision": 1.0,
            "recall": 0.9833333333333333,
            "f1-score": 0.9915966386554622,
            "support": 360.0
        },
        "children_playing": {
            "precision": 0.9015384615384615,
            "recall": 0.6525612472160356,
            "f1-score": 0.7571059431524548,
            "support": 449.0
        },
        "dog_bark": {
            "precision": 0.7572463768115942,
            "recall": 0.9309576837416481,
            "f1-score": 0.8351648351648352,
            "support": 449.0
        },
        "drilling": {
            "precision": 0.5547550432276657,
            "recall": 0.8574610244988864,
            "f1-score": 0.673665791776028,
            "support": 449.0
        },
        "engine_idling": {
            "precision": 0.4458204334365325,
            "recall": 0.6414253897550112,
            "f1-score": 0.5260273972602739,
            "support": 449.0
        },
        "firetruck": {
            "precision": 0.9673202614379085,
            "recall": 0.9888641425389755,
            "f1-score": 0.9779735682819384,
            "support": 449.0
        },
        "gun_shot": {
            "precision": 0.8333333333333334,
            "recall": 1.0,
            "f1-score": 0.9090909090909091,
            "support": 360.0
        },
        "jackhammer": {
            "precision": 0.5858895705521472,
            "recall": 0.42538975501113585,
            "f1-score": 0.49290322580645163,
            "support": 449.0
        },
        "police": {
            "precision": 1.0,
            "recall": 0.9309576837416481,
            "f1-score": 0.9642445213379469,
            "support": 449.0
        },
        "street_music": {
            "precision": 0.6144578313253012,
            "recall": 0.6815144766146993,
            "f1-score": 0.6462513199577613,
            "support": 449.0
        },
        "traffic": {
            "precision": 0.9671772428884027,
            "recall": 0.9844097995545658,
            "f1-score": 0.9757174392935982,
            "support": 449.0
        },
        "accuracy": 0.7688637568474995,
        "macro avg": {
            "precision": 0.7503845006757504,
            "recall": 0.7756581577294271,
            "f1-score": 0.7504369520519101,
            "support": 5659.0
        },
        "weighted avg": {
            "precision": 0.745154208124702,
            "recall": 0.7688637568474995,
            "f1-score": 0.7441490187979451,
            "support": 5659.0
        }
    },
    "paths": {
        "best_model": "output/mobilenet/fold_8/checkpoint_epoch_3.pth",
        "confusion_matrix": "output/mobilenet/fold_8/plots/confusion_matrix.png",
        "roc_curves": "output/mobilenet/fold_8/plots/roc_curves.png",
        "classification_report": "output/mobilenet/fold_8/classification_report.json",
        "grad_cam_dir": "output/mobilenet/fold_8/grad_cam"
    }
}