{
    "fold": 7,
    "best_epoch": 2,
    "train_loss": 0.021084297006276443,
    "val_loss": 0.7331771903117165,
    "test_loss": 0.45234950515346695,
    "train_accuracy": 99.50653623062938,
    "val_accuracy": 83.19890166466449,
    "test_accuracy": 87.59979616103278,
    "classification_report": {
        "air_conditioner": {
            "precision": 0.79,
            "recall": 0.3518930957683742,
            "f1-score": 0.4869029275808937,
            "support": 449.0
        },
        "ambulance": {
            "precision": 0.858508604206501,
            "recall": 1.0,
            "f1-score": 0.9238683127572016,
            "support": 449.0
        },
        "car_horn": {
            "precision": 0.9909638554216867,
            "recall": 0.9791666666666666,
            "f1-score": 0.9850299401197605,
            "support": 336.0
        },
        "children_playing": {
            "precision": 1.0,
            "recall": 0.8418708240534521,
            "f1-score": 0.9141475211608222,
            "support": 449.0
        },
        "dog_bark": {
            "precision": 0.9861751152073732,
            "recall": 0.9532293986636972,
            "f1-score": 0.9694224235560589,
            "support": 449.0
        },
        "drilling": {
            "precision": 0.6296829971181557,
            "recall": 0.9732739420935412,
            "f1-score": 0.7646544181977253,
            "support": 449.0
        },
        "engine_idling": {
            "precision": 0.7038461538461539,
            "recall": 0.8151447661469933,
            "f1-score": 0.7554179566563467,
            "support": 449.0
        },
        "firetruck": {
            "precision": 1.0,
            "recall": 0.8841870824053452,
            "f1-score": 0.9385342789598109,
            "support": 449.0
        },
        "gun_shot": {
            "precision": 0.9964285714285714,
            "recall": 0.9117647058823529,
            "f1-score": 0.9522184300341296,
            "support": 612.0
        },
        "jackhammer": {
            "precision": 0.8120649651972158,
            "recall": 0.779510022271715,
            "f1-score": 0.7954545454545454,
            "support": 449.0
        },
        "police": {
            "precision": 1.0,
            "recall": 0.933184855233853,
            "f1-score": 0.9654377880184332,
            "support": 449.0
        },
        "street_music": {
            "precision": 0.8693069306930693,
            "recall": 0.977728285077951,
            "f1-score": 0.9203354297693921,
            "support": 449.0
        },
        "traffic": {
            "precision": 0.9089068825910931,
            "recall": 1.0,
            "f1-score": 0.9522799575821845,
            "support": 449.0
        },
        "accuracy": 0.8759979616103278,
        "macro avg": {
            "precision": 0.8881449289007554,
            "recall": 0.8769964341741493,
            "f1-score": 0.8710541484497926,
            "support": 5887.0
        },
        "weighted avg": {
            "precision": 0.8891695076395305,
            "recall": 0.8759979616103278,
            "f1-score": 0.8711136886977188,
            "support": 5887.0
        }
    },
    "paths": {
        "best_model": "output/inception/fold_7/checkpoint_epoch_2.pth",
        "confusion_matrix": "output/inception/fold_7/plots/confusion_matrix.png",
        "roc_curves": "output/inception/fold_7/plots/roc_curves.png",
        "classification_report": "output/inception/fold_7/classification_report.json",
        "grad_cam_dir": "output/inception/fold_7/grad_cam"
    }
}