{
    "air_conditioner": {
        "precision": 0.5528455284552846,
        "recall": 0.3028953229398664,
        "f1-score": 0.39136690647482014,
        "support": 449.0
    },
    "ambulance": {
        "precision": 0.9507494646680942,
        "recall": 0.9888641425389755,
        "f1-score": 0.9694323144104804,
        "support": 449.0
    },
    "car_horn": {
        "precision": 0.8393939393939394,
        "recall": 0.6169265033407573,
        "f1-score": 0.711168164313222,
        "support": 449.0
    },
    "children_playing": {
        "precision": 0.8350951374207188,
        "recall": 0.8797327394209354,
        "f1-score": 0.8568329718004338,
        "support": 449.0
    },
    "dog_bark": {
        "precision": 0.8816568047337278,
        "recall": 0.9955456570155902,
        "f1-score": 0.9351464435146444,
        "support": 449.0
    },
    "drilling": {
        "precision": 0.49040139616055844,
        "recall": 0.6258351893095768,
        "f1-score": 0.5499021526418787,
        "support": 449.0
    },
    "engine_idling": {
        "precision": 0.5263975155279503,
        "recall": 0.755011135857461,
        "f1-score": 0.6203110704483074,
        "support": 449.0
    },
    "firetruck": {
        "precision": 0.9975845410628019,
        "recall": 0.9198218262806236,
        "f1-score": 0.9571263035921205,
        "support": 449.0
    },
    "gun_shot": {
        "precision": 0.8831168831168831,
        "recall": 0.9714285714285714,
        "f1-score": 0.9251700680272109,
        "support": 420.0
    },
    "jackhammer": {
        "precision": 0.7065217391304348,
        "recall": 0.43429844097995546,
        "f1-score": 0.5379310344827586,
        "support": 449.0
    },
    "police": {
        "precision": 0.9528907922912205,
        "recall": 0.9910913140311804,
        "f1-score": 0.9716157205240175,
        "support": 449.0
    },
    "street_music": {
        "precision": 0.778,
        "recall": 0.8663697104677061,
        "f1-score": 0.8198103266596417,
        "support": 449.0
    },
    "traffic": {
        "precision": 0.9977728285077951,
        "recall": 0.9977728285077951,
        "f1-score": 0.9977728285077951,
        "support": 449.0
    },
    "accuracy": 0.7949380165289256,
    "macro avg": {
        "precision": 0.7994174284976469,
        "recall": 0.795814875547615,
        "f1-score": 0.7879681773382562,
        "support": 5808.0
    },
    "weighted avg": {
        "precision": 0.7989995076670755,
        "recall": 0.7949380165289256,
        "f1-score": 0.7872831128014139,
        "support": 5808.0
    }
}