{
    "fold": 7,
    "best_epoch": 4,
    "train_loss": 0.010415090357909072,
    "val_loss": 0.6763733098523912,
    "test_loss": 1.118316000649943,
    "train_accuracy": 99.68617435719851,
    "val_accuracy": 87.06023682855673,
    "test_accuracy": 80.15967385765245,
    "classification_report": {
        "air_conditioner": {
            "precision": 0.2556131260794473,
            "recall": 0.32962138084632514,
            "f1-score": 0.28793774319066145,
            "support": 449.0
        },
        "ambulance": {
            "precision": 0.8667953667953668,
            "recall": 1.0,
            "f1-score": 0.9286452947259566,
            "support": 449.0
        },
        "car_horn": {
            "precision": 1.0,
            "recall": 0.9940476190476191,
            "f1-score": 0.9970149253731343,
            "support": 336.0
        },
        "children_playing": {
            "precision": 0.8632478632478633,
            "recall": 0.8997772828507795,
            "f1-score": 0.88113413304253,
            "support": 449.0
        },
        "dog_bark": {
            "precision": 0.959731543624161,
            "recall": 0.955456570155902,
            "f1-score": 0.9575892857142857,
            "support": 449.0
        },
        "drilling": {
            "precision": 0.7271062271062271,
            "recall": 0.8841870824053452,
            "f1-score": 0.7979899497487437,
            "support": 449.0
        },
        "engine_idling": {
            "precision": 0.395985401459854,
            "recall": 0.48329621380846327,
            "f1-score": 0.4353059177532598,
            "support": 449.0
        },
        "firetruck": {
            "precision": 1.0,
            "recall": 0.9643652561247216,
            "f1-score": 0.981859410430839,
            "support": 449.0
        },
        "gun_shot": {
            "precision": 0.9493670886075949,
            "recall": 0.9803921568627451,
            "f1-score": 0.9646302250803859,
            "support": 612.0
        },
        "jackhammer": {
            "precision": 0.684931506849315,
            "recall": 0.22271714922049,
            "f1-score": 0.33613445378151263,
            "support": 449.0
        },
        "police": {
            "precision": 1.0,
            "recall": 0.9487750556792873,
            "f1-score": 0.9737142857142858,
            "support": 449.0
        },
        "street_music": {
            "precision": 0.9680232558139535,
            "recall": 0.7416481069042317,
            "f1-score": 0.8398486759142497,
            "support": 449.0
        },
        "traffic": {
            "precision": 0.9635193133047211,
            "recall": 1.0,
            "f1-score": 0.9814207650273225,
            "support": 449.0
        },
        "accuracy": 0.8015967385765246,
        "macro avg": {
            "precision": 0.818024668683731,
            "recall": 0.800329528761993,
            "f1-score": 0.7971711588843975,
            "support": 5887.0
        },
        "weighted avg": {
            "precision": 0.818168307550531,
            "recall": 0.8015967385765246,
            "f1-score": 0.7979718183334751,
            "support": 5887.0
        }
    },
    "paths": {
        "best_model": "output/convnext/fold_7/checkpoint_epoch_4.pth",
        "confusion_matrix": "output/convnext/fold_7/plots/confusion_matrix.png",
        "roc_curves": "output/convnext/fold_7/plots/roc_curves.png",
        "classification_report": "output/convnext/fold_7/classification_report.json",
        "grad_cam_dir": "output/convnext/fold_7/grad_cam"
    }
}