{
    "fold": 1,
    "best_epoch": 2,
    "train_loss": 0.08382350363583913,
    "val_loss": 0.8131129952480055,
    "test_loss": 0.9457874521647902,
    "train_accuracy": 97.34528529563869,
    "val_accuracy": 80.24130092673545,
    "test_accuracy": 81.71300293558971,
    "classification_report": {
        "air_conditioner": {
            "precision": 0.43162393162393164,
            "recall": 0.44988864142538976,
            "f1-score": 0.440567066521265,
            "support": 449.0
        },
        "ambulance": {
            "precision": 0.9791183294663574,
            "recall": 0.9398663697104677,
            "f1-score": 0.9590909090909091,
            "support": 449.0
        },
        "car_horn": {
            "precision": 0.9051724137931034,
            "recall": 0.9722222222222222,
            "f1-score": 0.9375,
            "support": 432.0
        },
        "children_playing": {
            "precision": 0.8173913043478261,
            "recall": 0.8374164810690423,
            "f1-score": 0.8272827282728272,
            "support": 449.0
        },
        "dog_bark": {
            "precision": 0.6816546762589928,
            "recall": 0.844097995545657,
            "f1-score": 0.7542288557213931,
            "support": 449.0
        },
        "drilling": {
            "precision": 0.8850574712643678,
            "recall": 0.6859688195991092,
            "f1-score": 0.7728983688833124,
            "support": 449.0
        },
        "engine_idling": {
            "precision": 0.5362318840579711,
            "recall": 0.41202672605790647,
            "f1-score": 0.4659949622166247,
            "support": 449.0
        },
        "firetruck": {
            "precision": 0.9285714285714286,
            "recall": 0.9844097995545658,
            "f1-score": 0.9556756756756757,
            "support": 449.0
        },
        "gun_shot": {
            "precision": 0.7992202729044834,
            "recall": 0.9761904761904762,
            "f1-score": 0.8788853161843515,
            "support": 420.0
        },
        "jackhammer": {
            "precision": 0.8675213675213675,
            "recall": 0.9042316258351893,
            "f1-score": 0.8854961832061069,
            "support": 449.0
        },
        "police": {
            "precision": 1.0,
            "recall": 0.955456570155902,
            "f1-score": 0.9772209567198178,
            "support": 449.0
        },
        "street_music": {
            "precision": 0.856338028169014,
            "recall": 0.6770601336302895,
            "f1-score": 0.7562189054726368,
            "support": 449.0
        },
        "traffic": {
            "precision": 0.9393305439330544,
            "recall": 1.0,
            "f1-score": 0.9687162891046386,
            "support": 449.0
        },
        "accuracy": 0.8171300293558971,
        "macro avg": {
            "precision": 0.8174793578393769,
            "recall": 0.8183719893074014,
            "f1-score": 0.8138289397745814,
            "support": 5791.0
        },
        "weighted avg": {
            "precision": 0.817313364316997,
            "recall": 0.8171300293558971,
            "f1-score": 0.8131401048687423,
            "support": 5791.0
        }
    },
    "paths": {
        "best_model": "output/mobilenet/fold_1/checkpoint_epoch_2.pth",
        "confusion_matrix": "output/mobilenet/fold_1/plots/confusion_matrix.png",
        "roc_curves": "output/mobilenet/fold_1/plots/roc_curves.png",
        "classification_report": "output/mobilenet/fold_1/classification_report.json",
        "grad_cam_dir": "output/mobilenet/fold_1/grad_cam"
    }
}