{
    "air_conditioner": {
        "precision": 0.7249357326478149,
        "recall": 0.6280623608017817,
        "f1-score": 0.6730310262529833,
        "support": 449.0
    },
    "ambulance": {
        "precision": 0.955607476635514,
        "recall": 0.910913140311804,
        "f1-score": 0.9327251995438997,
        "support": 449.0
    },
    "car_horn": {
        "precision": 0.8289205702647657,
        "recall": 0.9064587973273942,
        "f1-score": 0.8659574468085106,
        "support": 449.0
    },
    "children_playing": {
        "precision": 0.7751605995717344,
        "recall": 0.8062360801781737,
        "f1-score": 0.7903930131004366,
        "support": 449.0
    },
    "dog_bark": {
        "precision": 0.7609561752988048,
        "recall": 0.8507795100222717,
        "f1-score": 0.8033648790746583,
        "support": 449.0
    },
    "drilling": {
        "precision": 0.888402625820569,
        "recall": 0.9042316258351893,
        "f1-score": 0.8962472406181016,
        "support": 449.0
    },
    "engine_idling": {
        "precision": 0.7013651877133106,
        "recall": 0.9153674832962138,
        "f1-score": 0.7942028985507247,
        "support": 449.0
    },
    "firetruck": {
        "precision": 0.8408644400785854,
        "recall": 0.9532293986636972,
        "f1-score": 0.8935281837160751,
        "support": 449.0
    },
    "gun_shot": {
        "precision": 0.9755011135857461,
        "recall": 0.9605263157894737,
        "f1-score": 0.9679558011049724,
        "support": 456.0
    },
    "jackhammer": {
        "precision": 0.9085545722713865,
        "recall": 0.6859688195991092,
        "f1-score": 0.7817258883248731,
        "support": 449.0
    },
    "police": {
        "precision": 0.9477434679334917,
        "recall": 0.888641425389755,
        "f1-score": 0.9172413793103448,
        "support": 449.0
    },
    "street_music": {
        "precision": 0.9566563467492261,
        "recall": 0.688195991091314,
        "f1-score": 0.8005181347150259,
        "support": 449.0
    },
    "traffic": {
        "precision": 0.865424430641822,
        "recall": 0.9309576837416481,
        "f1-score": 0.8969957081545065,
        "support": 449.0
    },
    "accuracy": 0.8485626283367557,
    "macro avg": {
        "precision": 0.8561609799394438,
        "recall": 0.8484283563113711,
        "f1-score": 0.847222061482701,
        "support": 5844.0
    },
    "weighted avg": {
        "precision": 0.8563039267114365,
        "recall": 0.8485626283367557,
        "f1-score": 0.8473666775294764,
        "support": 5844.0
    }
}