{
    "air_conditioner": {
        "precision": 0.3090128755364807,
        "recall": 0.1603563474387528,
        "f1-score": 0.21114369501466276,
        "support": 449.0
    },
    "ambulance": {
        "precision": 0.918200408997955,
        "recall": 1.0,
        "f1-score": 0.9573560767590619,
        "support": 449.0
    },
    "car_horn": {
        "precision": 0.9586206896551724,
        "recall": 0.8273809523809523,
        "f1-score": 0.8881789137380192,
        "support": 336.0
    },
    "children_playing": {
        "precision": 0.6574675324675324,
        "recall": 0.9020044543429844,
        "f1-score": 0.7605633802816901,
        "support": 449.0
    },
    "dog_bark": {
        "precision": 0.5267175572519084,
        "recall": 0.9220489977728286,
        "f1-score": 0.6704453441295547,
        "support": 449.0
    },
    "drilling": {
        "precision": 0.7910447761194029,
        "recall": 0.5902004454342984,
        "f1-score": 0.6760204081632653,
        "support": 449.0
    },
    "engine_idling": {
        "precision": 0.6169265033407573,
        "recall": 0.6169265033407573,
        "f1-score": 0.6169265033407573,
        "support": 449.0
    },
    "firetruck": {
        "precision": 0.9928400954653938,
        "recall": 0.9265033407572383,
        "f1-score": 0.9585253456221198,
        "support": 449.0
    },
    "gun_shot": {
        "precision": 0.9130434782608695,
        "recall": 0.9891304347826086,
        "f1-score": 0.9495652173913044,
        "support": 552.0
    },
    "jackhammer": {
        "precision": 0.7555555555555555,
        "recall": 0.5300668151447662,
        "f1-score": 0.6230366492146597,
        "support": 449.0
    },
    "police": {
        "precision": 0.9282608695652174,
        "recall": 0.9510022271714922,
        "f1-score": 0.9394939493949395,
        "support": 449.0
    },
    "street_music": {
        "precision": 0.7378640776699029,
        "recall": 0.6770601336302895,
        "f1-score": 0.7061556329849012,
        "support": 449.0
    },
    "traffic": {
        "precision": 1.0,
        "recall": 0.9465478841870824,
        "f1-score": 0.9725400457665904,
        "support": 449.0
    },
    "accuracy": 0.775012871117213,
    "macro avg": {
        "precision": 0.777350339991242,
        "recall": 0.7722483489526193,
        "f1-score": 0.763842397061656,
        "support": 5827.0
    },
    "weighted avg": {
        "precision": 0.7762336150435413,
        "recall": 0.775012871117213,
        "f1-score": 0.7647141019028306,
        "support": 5827.0
    }
}