{
    "fold": 9,
    "best_epoch": 3,
    "train_loss": 0.0876556686251226,
    "val_loss": 1.4813493679601666,
    "test_loss": 1.4330581252128305,
    "train_accuracy": 97.35847435787304,
    "val_accuracy": 69.94168581021381,
    "test_accuracy": 71.18525021949078,
    "classification_report": {
        "air_conditioner": {
            "precision": 0.13157894736842105,
            "recall": 0.0334075723830735,
            "f1-score": 0.05328596802841918,
            "support": 449.0
        },
        "ambulance": {
            "precision": 0.8423153692614771,
            "recall": 0.9398663697104677,
            "f1-score": 0.888421052631579,
            "support": 449.0
        },
        "car_horn": {
            "precision": 0.8962962962962963,
            "recall": 0.9453125,
            "f1-score": 0.9201520912547528,
            "support": 384.0
        },
        "children_playing": {
            "precision": 0.43478260869565216,
            "recall": 0.42316258351893093,
            "f1-score": 0.4288939051918736,
            "support": 449.0
        },
        "dog_bark": {
            "precision": 0.5425170068027211,
            "recall": 0.7104677060133631,
            "f1-score": 0.6152362584378014,
            "support": 449.0
        },
        "drilling": {
            "precision": 0.5033259423503326,
            "recall": 0.5055679287305123,
            "f1-score": 0.5044444444444445,
            "support": 449.0
        },
        "engine_idling": {
            "precision": 0.6556420233463035,
            "recall": 0.7505567928730512,
            "f1-score": 0.6998961578400831,
            "support": 449.0
        },
        "firetruck": {
            "precision": 0.9429928741092637,
            "recall": 0.8841870824053452,
            "f1-score": 0.9126436781609195,
            "support": 449.0
        },
        "gun_shot": {
            "precision": 0.9123376623376623,
            "recall": 0.7553763440860215,
            "f1-score": 0.8264705882352941,
            "support": 372.0
        },
        "jackhammer": {
            "precision": 0.6569468267581475,
            "recall": 0.8530066815144766,
            "f1-score": 0.7422480620155039,
            "support": 449.0
        },
        "police": {
            "precision": 0.9292035398230089,
            "recall": 0.9354120267260579,
            "f1-score": 0.9322974472807991,
            "support": 449.0
        },
        "street_music": {
            "precision": 0.5546218487394958,
            "recall": 0.5879732739420935,
            "f1-score": 0.5708108108108109,
            "support": 449.0
        },
        "traffic": {
            "precision": 0.9797752808988764,
            "recall": 0.9710467706013363,
            "f1-score": 0.9753914988814317,
            "support": 449.0
        },
        "accuracy": 0.7118525021949078,
        "macro avg": {
            "precision": 0.6909489405221275,
            "recall": 0.7150264332695946,
            "f1-score": 0.6977070740933625,
            "support": 5695.0
        },
        "weighted avg": {
            "precision": 0.6856118887740823,
            "recall": 0.7118525021949078,
            "f1-score": 0.6934272291935523,
            "support": 5695.0
        }
    },
    "paths": {
        "best_model": "output/vgg16/fold_9/checkpoint_epoch_3.pth",
        "confusion_matrix": "output/vgg16/fold_9/plots/confusion_matrix.png",
        "roc_curves": "output/vgg16/fold_9/plots/roc_curves.png",
        "classification_report": "output/vgg16/fold_9/classification_report.json",
        "grad_cam_dir": "output/vgg16/fold_9/grad_cam"
    }
}