{
    "fold": 10,
    "best_epoch": 0,
    "train_loss": 0.1723698799336967,
    "val_loss": 0.49039071246439114,
    "test_loss": 0.8614046072673267,
    "train_accuracy": 94.59401341820059,
    "val_accuracy": 92.09833187006146,
    "test_accuracy": 84.03567057177828,
    "classification_report": {
        "air_conditioner": {
            "precision": 0.9088145896656535,
            "recall": 0.6659242761692651,
            "f1-score": 0.7686375321336761,
            "support": 449.0
        },
        "ambulance": {
            "precision": 0.9507494646680942,
            "recall": 0.9888641425389755,
            "f1-score": 0.9694323144104804,
            "support": 449.0
        },
        "car_horn": {
            "precision": 0.9746192893401016,
            "recall": 0.48484848484848486,
            "f1-score": 0.6475548060708263,
            "support": 396.0
        },
        "children_playing": {
            "precision": 0.7408207343412527,
            "recall": 0.7639198218262806,
            "f1-score": 0.7521929824561403,
            "support": 449.0
        },
        "dog_bark": {
            "precision": 0.7338709677419355,
            "recall": 0.8106904231625836,
            "f1-score": 0.7703703703703704,
            "support": 449.0
        },
        "drilling": {
            "precision": 0.7489878542510121,
            "recall": 0.8240534521158129,
            "f1-score": 0.7847295864262991,
            "support": 449.0
        },
        "engine_idling": {
            "precision": 0.8485576923076923,
            "recall": 0.7861915367483296,
            "f1-score": 0.8161849710982659,
            "support": 449.0
        },
        "firetruck": {
            "precision": 0.984304932735426,
            "recall": 0.977728285077951,
            "f1-score": 0.9810055865921787,
            "support": 449.0
        },
        "gun_shot": {
            "precision": 0.9871134020618557,
            "recall": 0.9973958333333334,
            "f1-score": 0.9922279792746114,
            "support": 384.0
        },
        "jackhammer": {
            "precision": 0.9098591549295775,
            "recall": 0.7193763919821826,
            "f1-score": 0.8034825870646766,
            "support": 449.0
        },
        "police": {
            "precision": 0.9954233409610984,
            "recall": 0.9688195991091314,
            "f1-score": 0.981941309255079,
            "support": 449.0
        },
        "street_music": {
            "precision": 0.5302445302445302,
            "recall": 0.9175946547884187,
            "f1-score": 0.6721044045676998,
            "support": 449.0
        },
        "traffic": {
            "precision": 0.9889867841409692,
            "recall": 1.0,
            "f1-score": 0.9944629014396457,
            "support": 449.0
        },
        "accuracy": 0.8403567057177829,
        "macro avg": {
            "precision": 0.8694117490299385,
            "recall": 0.8388774539769807,
            "f1-score": 0.8411021023969192,
            "support": 5719.0
        },
        "weighted avg": {
            "precision": 0.8670990008076069,
            "recall": 0.8403567057177829,
            "f1-score": 0.8411781339947917,
            "support": 5719.0
        }
    },
    "paths": {
        "best_model": "output/efficientnet/fold_10/checkpoint_epoch_0.pth",
        "confusion_matrix": "output/efficientnet/fold_10/plots/confusion_matrix.png",
        "roc_curves": "output/efficientnet/fold_10/plots/roc_curves.png",
        "classification_report": "output/efficientnet/fold_10/classification_report.json",
        "grad_cam_dir": "output/efficientnet/fold_10/grad_cam"
    }
}