{
    "air_conditioner": {
        "precision": 0.5609756097560976,
        "recall": 0.10244988864142539,
        "f1-score": 0.17325800376647835,
        "support": 449.0
    },
    "ambulance": {
        "precision": 0.8752436647173489,
        "recall": 1.0,
        "f1-score": 0.9334719334719335,
        "support": 449.0
    },
    "car_horn": {
        "precision": 0.9972067039106145,
        "recall": 0.9916666666666667,
        "f1-score": 0.9944289693593314,
        "support": 360.0
    },
    "children_playing": {
        "precision": 0.8017057569296375,
        "recall": 0.8374164810690423,
        "f1-score": 0.8191721132897604,
        "support": 449.0
    },
    "dog_bark": {
        "precision": 0.7861163227016885,
        "recall": 0.933184855233853,
        "f1-score": 0.8533604887983707,
        "support": 449.0
    },
    "drilling": {
        "precision": 0.5414908579465542,
        "recall": 0.8574610244988864,
        "f1-score": 0.6637931034482759,
        "support": 449.0
    },
    "engine_idling": {
        "precision": 0.44789762340036565,
        "recall": 0.5456570155902004,
        "f1-score": 0.4919678714859438,
        "support": 449.0
    },
    "firetruck": {
        "precision": 0.976905311778291,
        "recall": 0.9420935412026726,
        "f1-score": 0.9591836734693877,
        "support": 449.0
    },
    "gun_shot": {
        "precision": 0.9399477806788512,
        "recall": 1.0,
        "f1-score": 0.9690444145356663,
        "support": 360.0
    },
    "jackhammer": {
        "precision": 0.4951923076923077,
        "recall": 0.22939866369710468,
        "f1-score": 0.3135464231354642,
        "support": 449.0
    },
    "police": {
        "precision": 0.9975728155339806,
        "recall": 0.9153674832962138,
        "f1-score": 0.9547038327526133,
        "support": 449.0
    },
    "street_music": {
        "precision": 0.7015985790408525,
        "recall": 0.8797327394209354,
        "f1-score": 0.7806324110671937,
        "support": 449.0
    },
    "traffic": {
        "precision": 1.0,
        "recall": 0.9955456570155902,
        "f1-score": 0.9977678571428571,
        "support": 449.0
    },
    "accuracy": 0.7803498851387171,
    "macro avg": {
        "precision": 0.7786041026220455,
        "recall": 0.7869210781794302,
        "f1-score": 0.7618716227479443,
        "support": 5659.0
    },
    "weighted avg": {
        "precision": 0.7726286265906372,
        "recall": 0.7803498851387171,
        "f1-score": 0.7549559163833002,
        "support": 5659.0
    }
}