{
    "air_conditioner": {
        "precision": 0.3695920889987639,
        "recall": 0.6659242761692651,
        "f1-score": 0.4753577106518283,
        "support": 449.0
    },
    "ambulance": {
        "precision": 0.8997821350762527,
        "recall": 0.9198218262806236,
        "f1-score": 0.9096916299559471,
        "support": 449.0
    },
    "car_horn": {
        "precision": 0.8024316109422492,
        "recall": 0.7857142857142857,
        "f1-score": 0.793984962406015,
        "support": 336.0
    },
    "children_playing": {
        "precision": 0.7248677248677249,
        "recall": 0.6102449888641426,
        "f1-score": 0.6626360338573156,
        "support": 449.0
    },
    "dog_bark": {
        "precision": 0.5703363914373089,
        "recall": 0.8307349665924276,
        "f1-score": 0.6763372620126926,
        "support": 449.0
    },
    "drilling": {
        "precision": 0.3311081441922563,
        "recall": 0.5523385300668151,
        "f1-score": 0.41402337228714525,
        "support": 449.0
    },
    "engine_idling": {
        "precision": 0.7293233082706767,
        "recall": 0.43207126948775054,
        "f1-score": 0.5426573426573427,
        "support": 449.0
    },
    "firetruck": {
        "precision": 0.9186813186813186,
        "recall": 0.9309576837416481,
        "f1-score": 0.9247787610619469,
        "support": 449.0
    },
    "gun_shot": {
        "precision": 1.0,
        "recall": 0.5081699346405228,
        "f1-score": 0.6738894907908992,
        "support": 612.0
    },
    "jackhammer": {
        "precision": 0.19004524886877827,
        "recall": 0.0935412026726058,
        "f1-score": 0.1253731343283582,
        "support": 449.0
    },
    "police": {
        "precision": 0.8218029350104822,
        "recall": 0.8730512249443207,
        "f1-score": 0.8466522678185745,
        "support": 449.0
    },
    "street_music": {
        "precision": 0.6510263929618768,
        "recall": 0.49443207126948774,
        "f1-score": 0.5620253164556962,
        "support": 449.0
    },
    "traffic": {
        "precision": 0.9269406392694064,
        "recall": 0.9042316258351893,
        "f1-score": 0.915445321307779,
        "support": 449.0
    },
    "accuracy": 0.6550025479870902,
    "macro avg": {
        "precision": 0.6873798414290072,
        "recall": 0.6616333758676218,
        "f1-score": 0.6556040465839647,
        "support": 5887.0
    },
    "weighted avg": {
        "precision": 0.6938273080320437,
        "recall": 0.6550025479870902,
        "f1-score": 0.6534541372783487,
        "support": 5887.0
    }
}