{
    "air_conditioner": {
        "precision": 0.3983333333333333,
        "recall": 0.532293986636971,
        "f1-score": 0.45567206863679693,
        "support": 449.0
    },
    "ambulance": {
        "precision": 0.8284132841328413,
        "recall": 1.0,
        "f1-score": 0.9061553985872856,
        "support": 449.0
    },
    "car_horn": {
        "precision": 0.9472049689440993,
        "recall": 0.9077380952380952,
        "f1-score": 0.9270516717325228,
        "support": 336.0
    },
    "children_playing": {
        "precision": 0.8495370370370371,
        "recall": 0.8173719376391982,
        "f1-score": 0.8331441543700341,
        "support": 449.0
    },
    "dog_bark": {
        "precision": 0.9164619164619164,
        "recall": 0.8307349665924276,
        "f1-score": 0.8714953271028038,
        "support": 449.0
    },
    "drilling": {
        "precision": 0.8159340659340659,
        "recall": 0.6614699331848553,
        "f1-score": 0.7306273062730627,
        "support": 449.0
    },
    "engine_idling": {
        "precision": 0.3304195804195804,
        "recall": 0.4209354120267261,
        "f1-score": 0.3702252693437806,
        "support": 449.0
    },
    "firetruck": {
        "precision": 0.9798488664987406,
        "recall": 0.8663697104677061,
        "f1-score": 0.9196217494089834,
        "support": 449.0
    },
    "gun_shot": {
        "precision": 0.9786856127886323,
        "recall": 0.9981884057971014,
        "f1-score": 0.9883408071748879,
        "support": 552.0
    },
    "jackhammer": {
        "precision": 0.9759036144578314,
        "recall": 0.36080178173719374,
        "f1-score": 0.526829268292683,
        "support": 449.0
    },
    "police": {
        "precision": 1.0,
        "recall": 0.8953229398663697,
        "f1-score": 0.9447708578143361,
        "support": 449.0
    },
    "street_music": {
        "precision": 0.6486042692939245,
        "recall": 0.8797327394209354,
        "f1-score": 0.7466918714555766,
        "support": 449.0
    },
    "traffic": {
        "precision": 0.9689578713968958,
        "recall": 0.9732739420935412,
        "f1-score": 0.9711111111111111,
        "support": 449.0
    },
    "accuracy": 0.7817058520679595,
    "macro avg": {
        "precision": 0.8183311092845306,
        "recall": 0.7803256808231632,
        "f1-score": 0.7839797585618359,
        "support": 5827.0
    },
    "weighted avg": {
        "precision": 0.8186664049288401,
        "recall": 0.7817058520679595,
        "f1-score": 0.784817593093989,
        "support": 5827.0
    }
}