{
    "air_conditioner": {
        "precision": 0.5341365461847389,
        "recall": 0.2962138084632517,
        "f1-score": 0.38108882521489973,
        "support": 449.0
    },
    "ambulance": {
        "precision": 0.9516483516483516,
        "recall": 0.9643652561247216,
        "f1-score": 0.9579646017699115,
        "support": 449.0
    },
    "car_horn": {
        "precision": 0.8738170347003155,
        "recall": 0.6169265033407573,
        "f1-score": 0.7232375979112271,
        "support": 449.0
    },
    "children_playing": {
        "precision": 0.8438735177865613,
        "recall": 0.9510022271714922,
        "f1-score": 0.8942408376963351,
        "support": 449.0
    },
    "dog_bark": {
        "precision": 0.8683651804670913,
        "recall": 0.910913140311804,
        "f1-score": 0.8891304347826087,
        "support": 449.0
    },
    "drilling": {
        "precision": 0.9691011235955056,
        "recall": 0.7683741648106904,
        "f1-score": 0.8571428571428571,
        "support": 449.0
    },
    "engine_idling": {
        "precision": 0.3888213851761847,
        "recall": 0.7126948775055679,
        "f1-score": 0.5031446540880503,
        "support": 449.0
    },
    "firetruck": {
        "precision": 0.7185314685314685,
        "recall": 0.9153674832962138,
        "f1-score": 0.8050930460333007,
        "support": 449.0
    },
    "gun_shot": {
        "precision": 0.9178743961352657,
        "recall": 0.9047619047619048,
        "f1-score": 0.9112709832134293,
        "support": 420.0
    },
    "jackhammer": {
        "precision": 0.635593220338983,
        "recall": 0.33407572383073497,
        "f1-score": 0.43795620437956206,
        "support": 449.0
    },
    "police": {
        "precision": 0.9249448123620309,
        "recall": 0.933184855233853,
        "f1-score": 0.9290465631929047,
        "support": 449.0
    },
    "street_music": {
        "precision": 0.8662280701754386,
        "recall": 0.8797327394209354,
        "f1-score": 0.8729281767955801,
        "support": 449.0
    },
    "traffic": {
        "precision": 0.874,
        "recall": 0.9732739420935412,
        "f1-score": 0.9209694415173867,
        "support": 449.0
    },
    "accuracy": 0.78099173553719,
    "macro avg": {
        "precision": 0.7974565467001488,
        "recall": 0.7816066635665746,
        "f1-score": 0.7756318633644657,
        "support": 5808.0
    },
    "weighted avg": {
        "precision": 0.7968552867770053,
        "recall": 0.78099173553719,
        "f1-score": 0.7749546019189387,
        "support": 5808.0
    }
}