{
    "fold": 1,
    "best_epoch": 3,
    "train_loss": 0.168506030197263,
    "val_loss": 1.5452925980038446,
    "test_loss": 1.240931964511369,
    "train_accuracy": 95.22496121358387,
    "val_accuracy": 76.74418604651163,
    "test_accuracy": 78.29390433431186,
    "classification_report": {
        "air_conditioner": {
            "precision": 0.7022900763358778,
            "recall": 0.40979955456570155,
            "f1-score": 0.5175808720112518,
            "support": 449.0
        },
        "ambulance": {
            "precision": 0.9567430025445293,
            "recall": 0.8374164810690423,
            "f1-score": 0.8931116389548693,
            "support": 449.0
        },
        "car_horn": {
            "precision": 0.9664804469273743,
            "recall": 0.8009259259259259,
            "f1-score": 0.8759493670886076,
            "support": 432.0
        },
        "children_playing": {
            "precision": 0.5979020979020979,
            "recall": 0.7616926503340757,
            "f1-score": 0.6699314397649363,
            "support": 449.0
        },
        "dog_bark": {
            "precision": 0.7201492537313433,
            "recall": 0.8596881959910914,
            "f1-score": 0.783756345177665,
            "support": 449.0
        },
        "drilling": {
            "precision": 0.606516290726817,
            "recall": 0.5389755011135857,
            "f1-score": 0.5707547169811321,
            "support": 449.0
        },
        "engine_idling": {
            "precision": 0.8990536277602523,
            "recall": 0.6347438752783965,
            "f1-score": 0.7441253263707572,
            "support": 449.0
        },
        "firetruck": {
            "precision": 0.8265107212475633,
            "recall": 0.9443207126948775,
            "f1-score": 0.8814968814968815,
            "support": 449.0
        },
        "gun_shot": {
            "precision": 0.8910891089108911,
            "recall": 0.8571428571428571,
            "f1-score": 0.8737864077669902,
            "support": 420.0
        },
        "jackhammer": {
            "precision": 0.7811244979919679,
            "recall": 0.8663697104677061,
            "f1-score": 0.8215417106652587,
            "support": 449.0
        },
        "police": {
            "precision": 0.9096638655462185,
            "recall": 0.9643652561247216,
            "f1-score": 0.9362162162162162,
            "support": 449.0
        },
        "street_music": {
            "precision": 0.5664556962025317,
            "recall": 0.7973273942093542,
            "f1-score": 0.6623496762257169,
            "support": 449.0
        },
        "traffic": {
            "precision": 0.9489559164733179,
            "recall": 0.910913140311804,
            "f1-score": 0.9295454545454546,
            "support": 449.0
        },
        "accuracy": 0.7829390433431186,
        "macro avg": {
            "precision": 0.7979180463308294,
            "recall": 0.7833600965560876,
            "f1-score": 0.7815496964050568,
            "support": 5791.0
        },
        "weighted avg": {
            "precision": 0.7969566369671678,
            "recall": 0.7829390433431186,
            "f1-score": 0.7808106774046912,
            "support": 5791.0
        }
    },
    "paths": {
        "best_model": "output/alexnet/fold_1/checkpoint_epoch_3.pth",
        "confusion_matrix": "output/alexnet/fold_1/plots/confusion_matrix.png",
        "roc_curves": "output/alexnet/fold_1/plots/roc_curves.png",
        "classification_report": "output/alexnet/fold_1/classification_report.json",
        "grad_cam_dir": "output/alexnet/fold_1/grad_cam"
    }
}