{
    "fold": 3,
    "best_epoch": 4,
    "train_loss": 0.15157234421461688,
    "val_loss": 1.4281623242979429,
    "test_loss": 1.772368885845267,
    "train_accuracy": 95.83279325988335,
    "val_accuracy": 76.82506887052341,
    "test_accuracy": 72.69759450171821,
    "classification_report": {
        "air_conditioner": {
            "precision": 0.8910256410256411,
            "recall": 0.30957683741648107,
            "f1-score": 0.45950413223140496,
            "support": 449.0
        },
        "ambulance": {
            "precision": 0.9234042553191489,
            "recall": 0.9665924276169265,
            "f1-score": 0.9445048966267682,
            "support": 449.0
        },
        "car_horn": {
            "precision": 0.8562874251497006,
            "recall": 0.6369710467706013,
            "f1-score": 0.7305236270753512,
            "support": 449.0
        },
        "children_playing": {
            "precision": 0.6946564885496184,
            "recall": 0.8106904231625836,
            "f1-score": 0.7482014388489209,
            "support": 449.0
        },
        "dog_bark": {
            "precision": 0.9243498817966903,
            "recall": 0.8708240534521158,
            "f1-score": 0.8967889908256881,
            "support": 449.0
        },
        "drilling": {
            "precision": 0.924901185770751,
            "recall": 0.5211581291759465,
            "f1-score": 0.6666666666666666,
            "support": 449.0
        },
        "engine_idling": {
            "precision": 0.35443037974683544,
            "recall": 0.49888641425389757,
            "f1-score": 0.4144310823311748,
            "support": 449.0
        },
        "firetruck": {
            "precision": 0.9662162162162162,
            "recall": 0.955456570155902,
            "f1-score": 0.9608062709966405,
            "support": 449.0
        },
        "gun_shot": {
            "precision": 0.9975786924939467,
            "recall": 0.9537037037037037,
            "f1-score": 0.9751479289940829,
            "support": 432.0
        },
        "jackhammer": {
            "precision": 0.4166666666666667,
            "recall": 0.3674832962138085,
            "f1-score": 0.3905325443786982,
            "support": 449.0
        },
        "police": {
            "precision": 0.9428571428571428,
            "recall": 0.955456570155902,
            "f1-score": 0.9491150442477876,
            "support": 449.0
        },
        "street_music": {
            "precision": 0.3377885783718105,
            "recall": 0.6191536748329621,
            "f1-score": 0.4371069182389937,
            "support": 449.0
        },
        "traffic": {
            "precision": 0.89738430583501,
            "recall": 0.9933184855233853,
            "f1-score": 0.9429175475687104,
            "support": 449.0
        },
        "accuracy": 0.7269759450171821,
        "macro avg": {
            "precision": 0.7790420661383983,
            "recall": 0.7276362794180167,
            "f1-score": 0.7320190068485298,
            "support": 5820.0
        },
        "weighted avg": {
            "precision": 0.7784037289136485,
            "recall": 0.7269759450171821,
            "f1-score": 0.731308836457383,
            "support": 5820.0
        }
    },
    "paths": {
        "best_model": "output/alexnet/fold_3/checkpoint_epoch_4.pth",
        "confusion_matrix": "output/alexnet/fold_3/plots/confusion_matrix.png",
        "roc_curves": "output/alexnet/fold_3/plots/roc_curves.png",
        "classification_report": "output/alexnet/fold_3/classification_report.json",
        "grad_cam_dir": "output/alexnet/fold_3/grad_cam"
    }
}