{
    "air_conditioner": {
        "precision": 1.0,
        "recall": 0.41648106904231624,
        "f1-score": 0.5880503144654088,
        "support": 449.0
    },
    "ambulance": {
        "precision": 0.8856548856548857,
        "recall": 0.9487750556792873,
        "f1-score": 0.9161290322580645,
        "support": 449.0
    },
    "car_horn": {
        "precision": 0.5532994923857868,
        "recall": 0.24276169265033407,
        "f1-score": 0.33746130030959753,
        "support": 449.0
    },
    "children_playing": {
        "precision": 0.7577639751552795,
        "recall": 0.8151447661469933,
        "f1-score": 0.7854077253218884,
        "support": 449.0
    },
    "dog_bark": {
        "precision": 0.7958412098298677,
        "recall": 0.9376391982182628,
        "f1-score": 0.8609406952965235,
        "support": 449.0
    },
    "drilling": {
        "precision": 0.9295454545454546,
        "recall": 0.910913140311804,
        "f1-score": 0.9201349831271091,
        "support": 449.0
    },
    "engine_idling": {
        "precision": 0.6204379562043796,
        "recall": 0.5679287305122495,
        "f1-score": 0.5930232558139535,
        "support": 449.0
    },
    "firetruck": {
        "precision": 0.9368191721132898,
        "recall": 0.9576837416481069,
        "f1-score": 0.947136563876652,
        "support": 449.0
    },
    "gun_shot": {
        "precision": 0.9542743538767395,
        "recall": 1.0,
        "f1-score": 0.9766022380467956,
        "support": 480.0
    },
    "jackhammer": {
        "precision": 0.6899488926746167,
        "recall": 0.9020044543429844,
        "f1-score": 0.7818532818532818,
        "support": 449.0
    },
    "police": {
        "precision": 1.0,
        "recall": 0.9265033407572383,
        "f1-score": 0.9618497109826589,
        "support": 449.0
    },
    "street_music": {
        "precision": 0.5340909090909091,
        "recall": 0.8374164810690423,
        "f1-score": 0.6522116218560278,
        "support": 449.0
    },
    "traffic": {
        "precision": 0.9532908704883227,
        "recall": 1.0,
        "f1-score": 0.9760869565217392,
        "support": 449.0
    },
    "accuracy": 0.8058963871847308,
    "macro avg": {
        "precision": 0.8162282440015023,
        "recall": 0.8048655131060476,
        "f1-score": 0.7920682830561308,
        "support": 5868.0
    },
    "weighted avg": {
        "precision": 0.8169575264497184,
        "recall": 0.8058963871847308,
        "f1-score": 0.7930431556881539,
        "support": 5868.0
    }
}