{
    "fold": 7,
    "best_epoch": 1,
    "train_loss": 0.5720534302768945,
    "val_loss": 1.0372376784115382,
    "test_loss": 0.8932929521669513,
    "train_accuracy": 82.42792831789455,
    "val_accuracy": 70.55088381671528,
    "test_accuracy": 70.05265839986411,
    "classification_report": {
        "air_conditioner": {
            "precision": 0.3669527896995708,
            "recall": 0.7616926503340757,
            "f1-score": 0.4952932657494569,
            "support": 449.0
        },
        "ambulance": {
            "precision": 0.7889344262295082,
            "recall": 0.8574610244988864,
            "f1-score": 0.8217716115261473,
            "support": 449.0
        },
        "car_horn": {
            "precision": 0.9117647058823529,
            "recall": 0.7380952380952381,
            "f1-score": 0.8157894736842105,
            "support": 336.0
        },
        "children_playing": {
            "precision": 0.6956521739130435,
            "recall": 0.6057906458797327,
            "f1-score": 0.6476190476190476,
            "support": 449.0
        },
        "dog_bark": {
            "precision": 0.8508771929824561,
            "recall": 0.8641425389755011,
            "f1-score": 0.8574585635359117,
            "support": 449.0
        },
        "drilling": {
            "precision": 0.7263427109974424,
            "recall": 0.6325167037861915,
            "f1-score": 0.6761904761904762,
            "support": 449.0
        },
        "engine_idling": {
            "precision": 0.478125,
            "recall": 0.34075723830734966,
            "f1-score": 0.39791937581274384,
            "support": 449.0
        },
        "firetruck": {
            "precision": 0.6896551724137931,
            "recall": 0.8017817371937639,
            "f1-score": 0.741503604531411,
            "support": 449.0
        },
        "gun_shot": {
            "precision": 0.9763313609467456,
            "recall": 0.8088235294117647,
            "f1-score": 0.8847184986595175,
            "support": 612.0
        },
        "jackhammer": {
            "precision": 0.2669902912621359,
            "recall": 0.12249443207126949,
            "f1-score": 0.16793893129770993,
            "support": 449.0
        },
        "police": {
            "precision": 0.9068627450980392,
            "recall": 0.8240534521158129,
            "f1-score": 0.8634772462077013,
            "support": 449.0
        },
        "street_music": {
            "precision": 0.7119266055045872,
            "recall": 0.8641425389755011,
            "f1-score": 0.7806841046277666,
            "support": 449.0
        },
        "traffic": {
            "precision": 0.8552338530066815,
            "recall": 0.8552338530066815,
            "f1-score": 0.8552338530066815,
            "support": 449.0
        },
        "accuracy": 0.7005265839986411,
        "macro avg": {
            "precision": 0.7096653098412583,
            "recall": 0.6982296602039822,
            "f1-score": 0.6927383117268294,
            "support": 5887.0
        },
        "weighted avg": {
            "precision": 0.7131695283867909,
            "recall": 0.7005265839986411,
            "f1-score": 0.6956919365219447,
            "support": 5887.0
        }
    },
    "paths": {
        "best_model": "output/resnet18/fold_7/checkpoint_epoch_1.pth",
        "confusion_matrix": "output/resnet18/fold_7/plots/confusion_matrix.png",
        "roc_curves": "output/resnet18/fold_7/plots/roc_curves.png",
        "classification_report": "output/resnet18/fold_7/classification_report.json",
        "grad_cam_dir": "output/resnet18/fold_7/grad_cam"
    }
}