{
    "air_conditioner": {
        "precision": 0.6451612903225806,
        "recall": 0.6681514476614699,
        "f1-score": 0.6564551422319475,
        "support": 449.0
    },
    "ambulance": {
        "precision": 1.0,
        "recall": 0.9910913140311804,
        "f1-score": 0.9955257270693513,
        "support": 449.0
    },
    "car_horn": {
        "precision": 0.9624413145539906,
        "recall": 0.9490740740740741,
        "f1-score": 0.9557109557109557,
        "support": 432.0
    },
    "children_playing": {
        "precision": 1.0,
        "recall": 0.38752783964365256,
        "f1-score": 0.5585874799357945,
        "support": 449.0
    },
    "dog_bark": {
        "precision": 0.6920529801324503,
        "recall": 0.9309576837416481,
        "f1-score": 0.7939221272554606,
        "support": 449.0
    },
    "drilling": {
        "precision": 0.7438524590163934,
        "recall": 0.8084632516703786,
        "f1-score": 0.7748132337246532,
        "support": 449.0
    },
    "engine_idling": {
        "precision": 0.5318352059925093,
        "recall": 0.6325167037861915,
        "f1-score": 0.5778229908443541,
        "support": 449.0
    },
    "firetruck": {
        "precision": 0.9933628318584071,
        "recall": 1.0,
        "f1-score": 0.9966703662597114,
        "support": 449.0
    },
    "gun_shot": {
        "precision": 0.9518987341772152,
        "recall": 0.8952380952380953,
        "f1-score": 0.9226993865030675,
        "support": 420.0
    },
    "jackhammer": {
        "precision": 0.685,
        "recall": 0.3051224944320713,
        "f1-score": 0.4221879815100154,
        "support": 449.0
    },
    "police": {
        "precision": 0.9955555555555555,
        "recall": 0.9977728285077951,
        "f1-score": 0.996662958843159,
        "support": 449.0
    },
    "street_music": {
        "precision": 0.638205499276411,
        "recall": 0.9821826280623608,
        "f1-score": 0.7736842105263158,
        "support": 449.0
    },
    "traffic": {
        "precision": 0.961456102783726,
        "recall": 1.0,
        "f1-score": 0.980349344978166,
        "support": 449.0
    },
    "accuracy": 0.8105681229494043,
    "macro avg": {
        "precision": 0.8308324595130183,
        "recall": 0.8113921816037629,
        "f1-score": 0.800391685030227,
        "support": 5791.0
    },
    "weighted avg": {
        "precision": 0.8298398377722209,
        "recall": 0.8105681229494043,
        "f1-score": 0.7993232424565291,
        "support": 5791.0
    }
}