{
    "air_conditioner": {
        "precision": 0.05303030303030303,
        "recall": 0.031180400890868598,
        "f1-score": 0.03927068723702665,
        "support": 449.0
    },
    "ambulance": {
        "precision": 0.8731501057082452,
        "recall": 0.9198218262806236,
        "f1-score": 0.89587852494577,
        "support": 449.0
    },
    "car_horn": {
        "precision": 0.8957219251336899,
        "recall": 0.9305555555555556,
        "f1-score": 0.9128065395095368,
        "support": 360.0
    },
    "children_playing": {
        "precision": 0.5663716814159292,
        "recall": 0.7126948775055679,
        "f1-score": 0.631163708086785,
        "support": 449.0
    },
    "dog_bark": {
        "precision": 0.9228723404255319,
        "recall": 0.7728285077951003,
        "f1-score": 0.8412121212121212,
        "support": 449.0
    },
    "drilling": {
        "precision": 0.5405405405405406,
        "recall": 0.534521158129176,
        "f1-score": 0.5375139977603584,
        "support": 449.0
    },
    "engine_idling": {
        "precision": 0.13857677902621723,
        "recall": 0.16481069042316257,
        "f1-score": 0.150559511698881,
        "support": 449.0
    },
    "firetruck": {
        "precision": 0.7951807228915663,
        "recall": 0.8819599109131403,
        "f1-score": 0.8363252375923971,
        "support": 449.0
    },
    "gun_shot": {
        "precision": 0.5812807881773399,
        "recall": 0.9833333333333333,
        "f1-score": 0.7306501547987616,
        "support": 360.0
    },
    "jackhammer": {
        "precision": 0.3984375,
        "recall": 0.22717149220489977,
        "f1-score": 0.28936170212765955,
        "support": 449.0
    },
    "police": {
        "precision": 0.9324324324324325,
        "recall": 0.9220489977728286,
        "f1-score": 0.9272116461366181,
        "support": 449.0
    },
    "street_music": {
        "precision": 0.6043360433604336,
        "recall": 0.49665924276169265,
        "f1-score": 0.5452322738386308,
        "support": 449.0
    },
    "traffic": {
        "precision": 0.9801324503311258,
        "recall": 0.9888641425389755,
        "f1-score": 0.9844789356984479,
        "support": 449.0
    },
    "accuracy": 0.649584732284856,
    "macro avg": {
        "precision": 0.6370818163441042,
        "recall": 0.6589577027773019,
        "f1-score": 0.6401280800494611,
        "support": 5659.0
    },
    "weighted avg": {
        "precision": 0.6338917336129801,
        "recall": 0.649584732284856,
        "f1-score": 0.6344159670357423,
        "support": 5659.0
    }
}