{
    "fold": 8,
    "best_epoch": 1,
    "train_loss": 0.1833451612165262,
    "val_loss": 1.4348572036715843,
    "test_loss": 1.364272098362276,
    "train_accuracy": 94.27240576209782,
    "val_accuracy": 69.81484627144556,
    "test_accuracy": 69.02279554691641,
    "classification_report": {
        "air_conditioner": {
            "precision": 0.13494809688581316,
            "recall": 0.08685968819599109,
            "f1-score": 0.10569105691056911,
            "support": 449.0
        },
        "ambulance": {
            "precision": 0.8914027149321267,
            "recall": 0.8775055679287305,
            "f1-score": 0.8843995510662177,
            "support": 449.0
        },
        "car_horn": {
            "precision": 0.8766066838046273,
            "recall": 0.9472222222222222,
            "f1-score": 0.910547396528705,
            "support": 360.0
        },
        "children_playing": {
            "precision": 0.9251968503937008,
            "recall": 0.5233853006681515,
            "f1-score": 0.6685633001422475,
            "support": 449.0
        },
        "dog_bark": {
            "precision": 0.740990990990991,
            "recall": 0.732739420935412,
            "f1-score": 0.7368421052631579,
            "support": 449.0
        },
        "drilling": {
            "precision": 0.5688622754491018,
            "recall": 0.6347438752783965,
            "f1-score": 0.6,
            "support": 449.0
        },
        "engine_idling": {
            "precision": 0.33246753246753247,
            "recall": 0.28507795100222716,
            "f1-score": 0.3069544364508393,
            "support": 449.0
        },
        "firetruck": {
            "precision": 0.7609841827768014,
            "recall": 0.9643652561247216,
            "f1-score": 0.8506876227897839,
            "support": 449.0
        },
        "gun_shot": {
            "precision": 0.7331975560081466,
            "recall": 1.0,
            "f1-score": 0.8460634547591069,
            "support": 360.0
        },
        "jackhammer": {
            "precision": 0.6129707112970711,
            "recall": 0.6525612472160356,
            "f1-score": 0.6321467098166127,
            "support": 449.0
        },
        "police": {
            "precision": 0.9576059850374065,
            "recall": 0.8552338530066815,
            "f1-score": 0.9035294117647059,
            "support": 449.0
        },
        "street_music": {
            "precision": 0.43448275862068964,
            "recall": 0.5612472160356348,
            "f1-score": 0.4897959183673469,
            "support": 449.0
        },
        "traffic": {
            "precision": 0.9931192660550459,
            "recall": 0.9643652561247216,
            "f1-score": 0.9785310734463277,
            "support": 449.0
        },
        "accuracy": 0.6902279554691642,
        "macro avg": {
            "precision": 0.6894488926706964,
            "recall": 0.6988697580568406,
            "f1-score": 0.6856732336388939,
            "support": 5659.0
        },
        "weighted avg": {
            "precision": 0.685817389852539,
            "recall": 0.6902279554691642,
            "f1-score": 0.679614118923062,
            "support": 5659.0
        }
    },
    "paths": {
        "best_model": "output/vgg16/fold_8/checkpoint_epoch_1.pth",
        "confusion_matrix": "output/vgg16/fold_8/plots/confusion_matrix.png",
        "roc_curves": "output/vgg16/fold_8/plots/roc_curves.png",
        "classification_report": "output/vgg16/fold_8/classification_report.json",
        "grad_cam_dir": "output/vgg16/fold_8/grad_cam"
    }
}