{
    "fold": 3,
    "best_epoch": 3,
    "train_loss": 0.03943046682322664,
    "val_loss": 0.6262513156098966,
    "test_loss": 0.9133528970252662,
    "train_accuracy": 98.77079282782458,
    "val_accuracy": 84.6935261707989,
    "test_accuracy": 78.83161512027492,
    "classification_report": {
        "air_conditioner": {
            "precision": 0.4362244897959184,
            "recall": 0.38084632516703787,
            "f1-score": 0.40665873959571935,
            "support": 449.0
        },
        "ambulance": {
            "precision": 1.0,
            "recall": 0.9933184855233853,
            "f1-score": 0.9966480446927374,
            "support": 449.0
        },
        "car_horn": {
            "precision": 0.9773242630385488,
            "recall": 0.9599109131403119,
            "f1-score": 0.9685393258426966,
            "support": 449.0
        },
        "children_playing": {
            "precision": 0.794392523364486,
            "recall": 0.7572383073496659,
            "f1-score": 0.7753705815279361,
            "support": 449.0
        },
        "dog_bark": {
            "precision": 0.8744493392070485,
            "recall": 0.8841870824053452,
            "f1-score": 0.8792912513842747,
            "support": 449.0
        },
        "drilling": {
            "precision": 0.7763713080168776,
            "recall": 0.8195991091314031,
            "f1-score": 0.7973997833152763,
            "support": 449.0
        },
        "engine_idling": {
            "precision": 0.400990099009901,
            "recall": 0.36080178173719374,
            "f1-score": 0.3798358733880422,
            "support": 449.0
        },
        "firetruck": {
            "precision": 0.9977272727272727,
            "recall": 0.977728285077951,
            "f1-score": 0.9876265466816648,
            "support": 449.0
        },
        "gun_shot": {
            "precision": 0.9840546697038725,
            "recall": 1.0,
            "f1-score": 0.9919632606199771,
            "support": 432.0
        },
        "jackhammer": {
            "precision": 0.4338919925512104,
            "recall": 0.5189309576837416,
            "f1-score": 0.4726166328600406,
            "support": 449.0
        },
        "police": {
            "precision": 0.9931662870159453,
            "recall": 0.9710467706013363,
            "f1-score": 0.9819819819819819,
            "support": 449.0
        },
        "street_music": {
            "precision": 0.6089743589743589,
            "recall": 0.6347438752783965,
            "f1-score": 0.6215921483097055,
            "support": 449.0
        },
        "traffic": {
            "precision": 0.9781659388646288,
            "recall": 0.9977728285077951,
            "f1-score": 0.9878721058434399,
            "support": 449.0
        },
        "accuracy": 0.7883161512027491,
        "macro avg": {
            "precision": 0.7889025032515438,
            "recall": 0.7889326708925817,
            "f1-score": 0.7882612520033455,
            "support": 5820.0
        },
        "weighted avg": {
            "precision": 0.7883324711502224,
            "recall": 0.7883161512027491,
            "f1-score": 0.7876662461362524,
            "support": 5820.0
        }
    },
    "paths": {
        "best_model": "output/convnext/fold_3/checkpoint_epoch_3.pth",
        "confusion_matrix": "output/convnext/fold_3/plots/confusion_matrix.png",
        "roc_curves": "output/convnext/fold_3/plots/roc_curves.png",
        "classification_report": "output/convnext/fold_3/classification_report.json",
        "grad_cam_dir": "output/convnext/fold_3/grad_cam"
    }
}