{
    "fold": 8,
    "best_epoch": 4,
    "train_loss": 0.02597921491088747,
    "val_loss": 0.8087432317492842,
    "test_loss": 1.1942926200042698,
    "train_accuracy": 99.24954714051583,
    "val_accuracy": 84.69509087820622,
    "test_accuracy": 78.86552394415975,
    "classification_report": {
        "air_conditioner": {
            "precision": 0.4657534246575342,
            "recall": 0.0757238307349666,
            "f1-score": 0.13026819923371646,
            "support": 449.0
        },
        "ambulance": {
            "precision": 0.9543478260869566,
            "recall": 0.977728285077951,
            "f1-score": 0.9658965896589659,
            "support": 449.0
        },
        "car_horn": {
            "precision": 0.9544235924932976,
            "recall": 0.9888888888888889,
            "f1-score": 0.9713506139154161,
            "support": 360.0
        },
        "children_playing": {
            "precision": 0.8130563798219584,
            "recall": 0.6102449888641426,
            "f1-score": 0.6972010178117048,
            "support": 449.0
        },
        "dog_bark": {
            "precision": 0.6557659208261618,
            "recall": 0.8485523385300668,
            "f1-score": 0.7398058252427184,
            "support": 449.0
        },
        "drilling": {
            "precision": 0.7189054726368159,
            "recall": 0.643652561247216,
            "f1-score": 0.6792009400705052,
            "support": 449.0
        },
        "engine_idling": {
            "precision": 0.5991058122205664,
            "recall": 0.8953229398663697,
            "f1-score": 0.7178571428571429,
            "support": 449.0
        },
        "firetruck": {
            "precision": 0.9691629955947136,
            "recall": 0.9799554565701559,
            "f1-score": 0.9745293466223699,
            "support": 449.0
        },
        "gun_shot": {
            "precision": 0.816933638443936,
            "recall": 0.9916666666666667,
            "f1-score": 0.8958594730238394,
            "support": 360.0
        },
        "jackhammer": {
            "precision": 0.7226666666666667,
            "recall": 0.6035634743875279,
            "f1-score": 0.6577669902912622,
            "support": 449.0
        },
        "police": {
            "precision": 0.9952941176470588,
            "recall": 0.9420935412026726,
            "f1-score": 0.9679633867276888,
            "support": 449.0
        },
        "street_music": {
            "precision": 0.5902192242833052,
            "recall": 0.779510022271715,
            "f1-score": 0.6717850287907869,
            "support": 449.0
        },
        "traffic": {
            "precision": 0.9351464435146444,
            "recall": 0.9955456570155902,
            "f1-score": 0.9644012944983819,
            "support": 449.0
        },
        "accuracy": 0.7886552394415974,
        "macro avg": {
            "precision": 0.7839062703764321,
            "recall": 0.794803742409533,
            "f1-score": 0.771837372980346,
            "support": 5659.0
        },
        "weighted avg": {
            "precision": 0.7807050904106413,
            "recall": 0.7886552394415974,
            "f1-score": 0.7667490808179336,
            "support": 5659.0
        }
    },
    "paths": {
        "best_model": "output/resnet18/fold_8/checkpoint_epoch_4.pth",
        "confusion_matrix": "output/resnet18/fold_8/plots/confusion_matrix.png",
        "roc_curves": "output/resnet18/fold_8/plots/roc_curves.png",
        "classification_report": "output/resnet18/fold_8/classification_report.json",
        "grad_cam_dir": "output/resnet18/fold_8/grad_cam"
    }
}