{
    "fold": 4,
    "best_epoch": 3,
    "train_loss": 0.13560694705741286,
    "val_loss": 1.70456097897233,
    "test_loss": 1.3290406643478174,
    "train_accuracy": 95.5247113763134,
    "val_accuracy": 66.40893470790378,
    "test_accuracy": 66.854893908282,
    "classification_report": {
        "air_conditioner": {
            "precision": 0.3447332421340629,
            "recall": 0.5612472160356348,
            "f1-score": 0.4271186440677966,
            "support": 449.0
        },
        "ambulance": {
            "precision": 0.8098720292504571,
            "recall": 0.9866369710467706,
            "f1-score": 0.8895582329317269,
            "support": 449.0
        },
        "car_horn": {
            "precision": 0.8597560975609756,
            "recall": 0.6280623608017817,
            "f1-score": 0.7258687258687259,
            "support": 449.0
        },
        "children_playing": {
            "precision": 0.6135770234986945,
            "recall": 0.5233853006681515,
            "f1-score": 0.5649038461538461,
            "support": 449.0
        },
        "dog_bark": {
            "precision": 0.5932203389830508,
            "recall": 0.7015590200445434,
            "f1-score": 0.6428571428571429,
            "support": 449.0
        },
        "drilling": {
            "precision": 0.8304347826086956,
            "recall": 0.42538975501113585,
            "f1-score": 0.5625920471281296,
            "support": 449.0
        },
        "engine_idling": {
            "precision": 0.6641604010025063,
            "recall": 0.5902004454342984,
            "f1-score": 0.625,
            "support": 449.0
        },
        "firetruck": {
            "precision": 0.8785046728971962,
            "recall": 0.8374164810690423,
            "f1-score": 0.8574686431014823,
            "support": 449.0
        },
        "gun_shot": {
            "precision": 0.9878934624697336,
            "recall": 0.8947368421052632,
            "f1-score": 0.9390103567318757,
            "support": 456.0
        },
        "jackhammer": {
            "precision": 0.2335907335907336,
            "recall": 0.26948775055679286,
            "f1-score": 0.250258531540848,
            "support": 449.0
        },
        "police": {
            "precision": 0.9807692307692307,
            "recall": 0.9086859688195991,
            "f1-score": 0.9433526011560693,
            "support": 449.0
        },
        "street_music": {
            "precision": 0.4127906976744186,
            "recall": 0.47438752783964366,
            "f1-score": 0.44145077720207254,
            "support": 449.0
        },
        "traffic": {
            "precision": 0.9851485148514851,
            "recall": 0.8864142538975501,
            "f1-score": 0.9331770222743259,
            "support": 449.0
        },
        "accuracy": 0.66854893908282,
        "macro avg": {
            "precision": 0.7072654790224031,
            "recall": 0.6682776841023236,
            "f1-score": 0.6771243516164648,
            "support": 5844.0
        },
        "weighted avg": {
            "precision": 0.7076016179485036,
            "recall": 0.66854893908282,
            "f1-score": 0.6774380412187591,
            "support": 5844.0
        }
    },
    "paths": {
        "best_model": "output/convnext/fold_4/checkpoint_epoch_3.pth",
        "confusion_matrix": "output/convnext/fold_4/plots/confusion_matrix.png",
        "roc_curves": "output/convnext/fold_4/plots/roc_curves.png",
        "classification_report": "output/convnext/fold_4/classification_report.json",
        "grad_cam_dir": "output/convnext/fold_4/grad_cam"
    }
}