{
    "air_conditioner": {
        "precision": 0.8722044728434505,
        "recall": 0.6080178173719376,
        "f1-score": 0.7165354330708661,
        "support": 449.0
    },
    "ambulance": {
        "precision": 0.9347368421052632,
        "recall": 0.9888641425389755,
        "f1-score": 0.961038961038961,
        "support": 449.0
    },
    "car_horn": {
        "precision": 0.9140271493212669,
        "recall": 0.51010101010101,
        "f1-score": 0.6547811993517018,
        "support": 396.0
    },
    "children_playing": {
        "precision": 0.6607929515418502,
        "recall": 0.6681514476614699,
        "f1-score": 0.6644518272425249,
        "support": 449.0
    },
    "dog_bark": {
        "precision": 0.7853658536585366,
        "recall": 0.7171492204899778,
        "f1-score": 0.7497089639115251,
        "support": 449.0
    },
    "drilling": {
        "precision": 0.6477462437395659,
        "recall": 0.8641425389755011,
        "f1-score": 0.7404580152671756,
        "support": 449.0
    },
    "engine_idling": {
        "precision": 0.8727272727272727,
        "recall": 0.7483296213808464,
        "f1-score": 0.8057553956834532,
        "support": 449.0
    },
    "firetruck": {
        "precision": 0.9712389380530974,
        "recall": 0.977728285077951,
        "f1-score": 0.974472807991121,
        "support": 449.0
    },
    "gun_shot": {
        "precision": 0.987146529562982,
        "recall": 1.0,
        "f1-score": 0.9935316946959897,
        "support": 384.0
    },
    "jackhammer": {
        "precision": 0.7681564245810056,
        "recall": 0.6124721603563474,
        "f1-score": 0.6815365551425031,
        "support": 449.0
    },
    "police": {
        "precision": 0.9976359338061466,
        "recall": 0.9398663697104677,
        "f1-score": 0.9678899082568807,
        "support": 449.0
    },
    "street_music": {
        "precision": 0.4680306905370844,
        "recall": 0.8151447661469933,
        "f1-score": 0.59463850528026,
        "support": 449.0
    },
    "traffic": {
        "precision": 0.9781659388646288,
        "recall": 0.9977728285077951,
        "f1-score": 0.9878721058434399,
        "support": 449.0
    },
    "accuracy": 0.8041615667074663,
    "macro avg": {
        "precision": 0.835228864718627,
        "recall": 0.8036723237168671,
        "f1-score": 0.8071285671366463,
        "support": 5719.0
    },
    "weighted avg": {
        "precision": 0.8327719741260717,
        "recall": 0.8041615667074663,
        "f1-score": 0.806421836449681,
        "support": 5719.0
    }
}