{
    "fold": 10,
    "best_epoch": 0,
    "train_loss": 0.16869368115017264,
    "val_loss": 0.4508632553288101,
    "test_loss": 0.48901835378556924,
    "train_accuracy": 95.32298296920695,
    "val_accuracy": 90.72870939420544,
    "test_accuracy": 87.30547298478756,
    "classification_report": {
        "air_conditioner": {
            "precision": 0.8,
            "recall": 0.6414253897550112,
            "f1-score": 0.7119901112484549,
            "support": 449.0
        },
        "ambulance": {
            "precision": 0.9492600422832981,
            "recall": 1.0,
            "f1-score": 0.9739696312364425,
            "support": 449.0
        },
        "car_horn": {
            "precision": 0.9537037037037037,
            "recall": 0.5202020202020202,
            "f1-score": 0.673202614379085,
            "support": 396.0
        },
        "children_playing": {
            "precision": 0.7245409015025042,
            "recall": 0.9665924276169265,
            "f1-score": 0.8282442748091603,
            "support": 449.0
        },
        "dog_bark": {
            "precision": 0.7420718816067653,
            "recall": 0.7817371937639198,
            "f1-score": 0.7613882863340564,
            "support": 449.0
        },
        "drilling": {
            "precision": 0.9660574412532638,
            "recall": 0.8240534521158129,
            "f1-score": 0.8894230769230769,
            "support": 449.0
        },
        "engine_idling": {
            "precision": 0.8520084566596194,
            "recall": 0.8975501113585747,
            "f1-score": 0.8741865509761388,
            "support": 449.0
        },
        "firetruck": {
            "precision": 0.9954337899543378,
            "recall": 0.9710467706013363,
            "f1-score": 0.9830890642615558,
            "support": 449.0
        },
        "gun_shot": {
            "precision": 0.987146529562982,
            "recall": 1.0,
            "f1-score": 0.9935316946959897,
            "support": 384.0
        },
        "jackhammer": {
            "precision": 0.9576059850374065,
            "recall": 0.8552338530066815,
            "f1-score": 0.9035294117647059,
            "support": 449.0
        },
        "police": {
            "precision": 1.0,
            "recall": 0.9576837416481069,
            "f1-score": 0.9783845278725825,
            "support": 449.0
        },
        "street_music": {
            "precision": 0.6502384737678856,
            "recall": 0.910913140311804,
            "f1-score": 0.7588126159554731,
            "support": 449.0
        },
        "traffic": {
            "precision": 0.9868131868131869,
            "recall": 1.0,
            "f1-score": 0.9933628318584071,
            "support": 449.0
        },
        "accuracy": 0.8730547298478755,
        "macro avg": {
            "precision": 0.8896061840111502,
            "recall": 0.8712644692600151,
            "f1-score": 0.871008822485779,
            "support": 5719.0
        },
        "weighted avg": {
            "precision": 0.887903562747892,
            "recall": 0.8730547298478755,
            "f1-score": 0.8714494139066554,
            "support": 5719.0
        }
    },
    "paths": {
        "best_model": "output/convnext/fold_10/checkpoint_epoch_0.pth",
        "confusion_matrix": "output/convnext/fold_10/plots/confusion_matrix.png",
        "roc_curves": "output/convnext/fold_10/plots/roc_curves.png",
        "classification_report": "output/convnext/fold_10/classification_report.json",
        "grad_cam_dir": "output/convnext/fold_10/grad_cam"
    }
}