{
    "air_conditioner": {
        "precision": 0.6563146997929606,
        "recall": 0.7060133630289532,
        "f1-score": 0.6802575107296137,
        "support": 449.0
    },
    "ambulance": {
        "precision": 0.9236453201970444,
        "recall": 0.8351893095768375,
        "f1-score": 0.8771929824561403,
        "support": 449.0
    },
    "car_horn": {
        "precision": 1.0,
        "recall": 0.6369047619047619,
        "f1-score": 0.7781818181818182,
        "support": 336.0
    },
    "children_playing": {
        "precision": 0.6813996316758748,
        "recall": 0.8240534521158129,
        "f1-score": 0.7459677419354839,
        "support": 449.0
    },
    "dog_bark": {
        "precision": 0.7928118393234672,
        "recall": 0.8351893095768375,
        "f1-score": 0.8134490238611713,
        "support": 449.0
    },
    "drilling": {
        "precision": 0.6984126984126984,
        "recall": 0.39198218262806234,
        "f1-score": 0.5021398002853067,
        "support": 449.0
    },
    "engine_idling": {
        "precision": 0.6360544217687075,
        "recall": 0.41648106904231624,
        "f1-score": 0.5033647375504711,
        "support": 449.0
    },
    "firetruck": {
        "precision": 0.8675496688741722,
        "recall": 0.8752783964365256,
        "f1-score": 0.8713968957871396,
        "support": 449.0
    },
    "gun_shot": {
        "precision": 0.8789808917197452,
        "recall": 1.0,
        "f1-score": 0.9355932203389831,
        "support": 552.0
    },
    "jackhammer": {
        "precision": 0.474937343358396,
        "recall": 0.844097995545657,
        "f1-score": 0.6078588612670409,
        "support": 449.0
    },
    "police": {
        "precision": 0.8176470588235294,
        "recall": 0.9287305122494433,
        "f1-score": 0.8696558915537018,
        "support": 449.0
    },
    "street_music": {
        "precision": 0.8831168831168831,
        "recall": 0.6057906458797327,
        "f1-score": 0.7186261558784677,
        "support": 449.0
    },
    "traffic": {
        "precision": 0.9376344086021505,
        "recall": 0.9710467706013363,
        "f1-score": 0.9540481400437637,
        "support": 449.0
    },
    "accuracy": 0.7659172816200446,
    "macro avg": {
        "precision": 0.7883465281281254,
        "recall": 0.7592890591220213,
        "f1-score": 0.758287136913008,
        "support": 5827.0
    },
    "weighted avg": {
        "precision": 0.7858441250267721,
        "recall": 0.7659172816200446,
        "f1-score": 0.761035451244482,
        "support": 5827.0
    }
}