{
    "air_conditioner": {
        "precision": 0.5915915915915916,
        "recall": 0.43875278396436523,
        "f1-score": 0.5038363171355499,
        "support": 449.0
    },
    "ambulance": {
        "precision": 0.9010309278350516,
        "recall": 0.9732739420935412,
        "f1-score": 0.9357601713062098,
        "support": 449.0
    },
    "car_horn": {
        "precision": 0.9090909090909091,
        "recall": 0.9354120267260579,
        "f1-score": 0.9220636663007684,
        "support": 449.0
    },
    "children_playing": {
        "precision": 0.8046218487394958,
        "recall": 0.8530066815144766,
        "f1-score": 0.8281081081081081,
        "support": 449.0
    },
    "dog_bark": {
        "precision": 0.7108655616942909,
        "recall": 0.8596881959910914,
        "f1-score": 0.7782258064516129,
        "support": 449.0
    },
    "drilling": {
        "precision": 0.7034764826175869,
        "recall": 0.7661469933184856,
        "f1-score": 0.7334754797441365,
        "support": 449.0
    },
    "engine_idling": {
        "precision": 0.4561891515994437,
        "recall": 0.7305122494432071,
        "f1-score": 0.5616438356164384,
        "support": 449.0
    },
    "firetruck": {
        "precision": 0.9773242630385488,
        "recall": 0.9599109131403119,
        "f1-score": 0.9685393258426966,
        "support": 449.0
    },
    "gun_shot": {
        "precision": 0.9868995633187773,
        "recall": 0.9912280701754386,
        "f1-score": 0.9890590809628009,
        "support": 456.0
    },
    "jackhammer": {
        "precision": 0.8777777777777778,
        "recall": 0.3518930957683742,
        "f1-score": 0.5023847376788553,
        "support": 449.0
    },
    "police": {
        "precision": 1.0,
        "recall": 0.9242761692650334,
        "f1-score": 0.9606481481481481,
        "support": 449.0
    },
    "street_music": {
        "precision": 0.7844155844155845,
        "recall": 0.6726057906458798,
        "f1-score": 0.7242206235011991,
        "support": 449.0
    },
    "traffic": {
        "precision": 0.9606986899563319,
        "recall": 0.9799554565701559,
        "f1-score": 0.9702315325248071,
        "support": 449.0
    },
    "accuracy": 0.8030458590006845,
    "macro avg": {
        "precision": 0.8203063347442607,
        "recall": 0.802820182201263,
        "f1-score": 0.79832283333241,
        "support": 5844.0
    },
    "weighted avg": {
        "precision": 0.8205058817326287,
        "recall": 0.8030458590006845,
        "f1-score": 0.798551299063658,
        "support": 5844.0
    }
}