{
    "fold": 2,
    "best_epoch": 1,
    "train_loss": 0.13912348643212852,
    "val_loss": 0.7951717874250159,
    "test_loss": 1.326468104092343,
    "train_accuracy": 95.40361406766122,
    "val_accuracy": 76.75703678121222,
    "test_accuracy": 70.47176308539945,
    "classification_report": {
        "air_conditioner": {
            "precision": 0.8895705521472392,
            "recall": 0.32293986636971045,
            "f1-score": 0.4738562091503268,
            "support": 449.0
        },
        "ambulance": {
            "precision": 0.9238683127572016,
            "recall": 1.0,
            "f1-score": 0.960427807486631,
            "support": 449.0
        },
        "car_horn": {
            "precision": 0.8455598455598455,
            "recall": 0.48775055679287305,
            "f1-score": 0.6186440677966102,
            "support": 449.0
        },
        "children_playing": {
            "precision": 0.4699738903394256,
            "recall": 0.8017817371937639,
            "f1-score": 0.5925925925925926,
            "support": 449.0
        },
        "dog_bark": {
            "precision": 0.6683250414593698,
            "recall": 0.8975501113585747,
            "f1-score": 0.7661596958174905,
            "support": 449.0
        },
        "drilling": {
            "precision": 0.8673139158576052,
            "recall": 0.5968819599109132,
            "f1-score": 0.7071240105540897,
            "support": 449.0
        },
        "engine_idling": {
            "precision": 0.4227129337539432,
            "recall": 0.5968819599109132,
            "f1-score": 0.494921514312096,
            "support": 449.0
        },
        "firetruck": {
            "precision": 0.9627039627039627,
            "recall": 0.9198218262806236,
            "f1-score": 0.9407744874715261,
            "support": 449.0
        },
        "gun_shot": {
            "precision": 0.9901315789473685,
            "recall": 0.7166666666666667,
            "f1-score": 0.8314917127071824,
            "support": 420.0
        },
        "jackhammer": {
            "precision": 0.3271889400921659,
            "recall": 0.15812917594654788,
            "f1-score": 0.2132132132132132,
            "support": 449.0
        },
        "police": {
            "precision": 0.9977011494252873,
            "recall": 0.9665924276169265,
            "f1-score": 0.9819004524886877,
            "support": 449.0
        },
        "street_music": {
            "precision": 0.4187582562747688,
            "recall": 0.7060133630289532,
            "f1-score": 0.5257048092868989,
            "support": 449.0
        },
        "traffic": {
            "precision": 0.9977578475336323,
            "recall": 0.9910913140311804,
            "f1-score": 0.994413407821229,
            "support": 449.0
        },
        "accuracy": 0.7047176308539945,
        "macro avg": {
            "precision": 0.7524281712962935,
            "recall": 0.7047769973159728,
            "f1-score": 0.7000941523614288,
            "support": 5808.0
        },
        "weighted avg": {
            "precision": 0.7512412913338483,
            "recall": 0.7047176308539945,
            "f1-score": 0.6994380695015756,
            "support": 5808.0
        }
    },
    "paths": {
        "best_model": "output/mobilenet/fold_2/checkpoint_epoch_1.pth",
        "confusion_matrix": "output/mobilenet/fold_2/plots/confusion_matrix.png",
        "roc_curves": "output/mobilenet/fold_2/plots/roc_curves.png",
        "classification_report": "output/mobilenet/fold_2/classification_report.json",
        "grad_cam_dir": "output/mobilenet/fold_2/grad_cam"
    }
}