{
    "air_conditioner": {
        "precision": 0.8393939393939394,
        "recall": 0.6169265033407573,
        "f1-score": 0.711168164313222,
        "support": 449.0
    },
    "ambulance": {
        "precision": 0.9511677282377919,
        "recall": 0.9977728285077951,
        "f1-score": 0.9739130434782609,
        "support": 449.0
    },
    "car_horn": {
        "precision": 0.9838709677419355,
        "recall": 0.6161616161616161,
        "f1-score": 0.7577639751552795,
        "support": 396.0
    },
    "children_playing": {
        "precision": 0.7298657718120806,
        "recall": 0.9688195991091314,
        "f1-score": 0.8325358851674641,
        "support": 449.0
    },
    "dog_bark": {
        "precision": 0.9398280802292264,
        "recall": 0.7305122494432071,
        "f1-score": 0.8220551378446115,
        "support": 449.0
    },
    "drilling": {
        "precision": 0.7814569536423841,
        "recall": 0.7884187082405345,
        "f1-score": 0.7849223946784922,
        "support": 449.0
    },
    "engine_idling": {
        "precision": 0.8106060606060606,
        "recall": 0.7149220489977728,
        "f1-score": 0.7597633136094675,
        "support": 449.0
    },
    "firetruck": {
        "precision": 0.9539473684210527,
        "recall": 0.9688195991091314,
        "f1-score": 0.9613259668508287,
        "support": 449.0
    },
    "gun_shot": {
        "precision": 0.9868766404199475,
        "recall": 0.9791666666666666,
        "f1-score": 0.9830065359477124,
        "support": 384.0
    },
    "jackhammer": {
        "precision": 0.9555555555555556,
        "recall": 0.6703786191536748,
        "f1-score": 0.7879581151832461,
        "support": 449.0
    },
    "police": {
        "precision": 0.9276595744680851,
        "recall": 0.9710467706013363,
        "f1-score": 0.9488574537540805,
        "support": 449.0
    },
    "street_music": {
        "precision": 0.5255930087390761,
        "recall": 0.9376391982182628,
        "f1-score": 0.6736,
        "support": 449.0
    },
    "traffic": {
        "precision": 0.9911699779249448,
        "recall": 1.0,
        "f1-score": 0.9955654101995566,
        "support": 449.0
    },
    "accuracy": 0.8436789648539954,
    "macro avg": {
        "precision": 0.8751532020916984,
        "recall": 0.8431218775038374,
        "f1-score": 0.8455719535524786,
        "support": 5719.0
    },
    "weighted avg": {
        "precision": 0.8728758695036939,
        "recall": 0.8436789648539954,
        "f1-score": 0.844823671510052,
        "support": 5719.0
    }
}