{
    "fold": 4,
    "best_epoch": 3,
    "train_loss": 0.442680186049737,
    "val_loss": 0.8380918430758046,
    "test_loss": 0.7213994785130996,
    "train_accuracy": 86.1741687205431,
    "val_accuracy": 74.14089347079037,
    "test_accuracy": 75.58179329226557,
    "classification_report": {
        "air_conditioner": {
            "precision": 0.5863746958637469,
            "recall": 0.5367483296213809,
            "f1-score": 0.5604651162790698,
            "support": 449.0
        },
        "ambulance": {
            "precision": 0.7414104882459313,
            "recall": 0.9131403118040089,
            "f1-score": 0.8183632734530938,
            "support": 449.0
        },
        "car_horn": {
            "precision": 0.6994949494949495,
            "recall": 0.6169265033407573,
            "f1-score": 0.6556213017751479,
            "support": 449.0
        },
        "children_playing": {
            "precision": 0.828009828009828,
            "recall": 0.7505567928730512,
            "f1-score": 0.7873831775700935,
            "support": 449.0
        },
        "dog_bark": {
            "precision": 0.6954022988505747,
            "recall": 0.8084632516703786,
            "f1-score": 0.7476828012358393,
            "support": 449.0
        },
        "drilling": {
            "precision": 0.654510556621881,
            "recall": 0.7594654788418709,
            "f1-score": 0.7030927835051546,
            "support": 449.0
        },
        "engine_idling": {
            "precision": 0.6475972540045767,
            "recall": 0.6302895322939867,
            "f1-score": 0.6388261851015802,
            "support": 449.0
        },
        "firetruck": {
            "precision": 0.7960954446854663,
            "recall": 0.8173719376391982,
            "f1-score": 0.8065934065934066,
            "support": 449.0
        },
        "gun_shot": {
            "precision": 0.9393258426966292,
            "recall": 0.9166666666666666,
            "f1-score": 0.9278579356270811,
            "support": 456.0
        },
        "jackhammer": {
            "precision": 0.6939655172413793,
            "recall": 0.7171492204899778,
            "f1-score": 0.7053669222343921,
            "support": 449.0
        },
        "police": {
            "precision": 0.8827586206896552,
            "recall": 0.8552338530066815,
            "f1-score": 0.8687782805429864,
            "support": 449.0
        },
        "street_music": {
            "precision": 0.8920634920634921,
            "recall": 0.6258351893095768,
            "f1-score": 0.7356020942408377,
            "support": 449.0
        },
        "traffic": {
            "precision": 0.8238993710691824,
            "recall": 0.8752783964365256,
            "f1-score": 0.8488120950323974,
            "support": 449.0
        },
        "accuracy": 0.7558179329226558,
        "macro avg": {
            "precision": 0.7600698738105611,
            "recall": 0.7556250356918509,
            "f1-score": 0.7541881056300832,
            "support": 5844.0
        },
        "weighted avg": {
            "precision": 0.7602845883523478,
            "recall": 0.7558179329226558,
            "f1-score": 0.754396129040415,
            "support": 5844.0
        }
    },
    "paths": {
        "best_model": "output/mobilenet/fold_4/checkpoint_epoch_3.pth",
        "confusion_matrix": "output/mobilenet/fold_4/plots/confusion_matrix.png",
        "roc_curves": "output/mobilenet/fold_4/plots/roc_curves.png",
        "classification_report": "output/mobilenet/fold_4/classification_report.json",
        "grad_cam_dir": "output/mobilenet/fold_4/grad_cam"
    }
}