{
    "air_conditioner": {
        "precision": 0.4610169491525424,
        "recall": 0.6057906458797327,
        "f1-score": 0.5235803657362849,
        "support": 449.0
    },
    "ambulance": {
        "precision": 0.8481781376518218,
        "recall": 0.933184855233853,
        "f1-score": 0.8886532343584306,
        "support": 449.0
    },
    "car_horn": {
        "precision": 0.9425981873111783,
        "recall": 0.9285714285714286,
        "f1-score": 0.9355322338830585,
        "support": 336.0
    },
    "children_playing": {
        "precision": 0.8282352941176471,
        "recall": 0.7839643652561247,
        "f1-score": 0.8054919908466819,
        "support": 449.0
    },
    "dog_bark": {
        "precision": 0.7802874743326489,
        "recall": 0.8463251670378619,
        "f1-score": 0.811965811965812,
        "support": 449.0
    },
    "drilling": {
        "precision": 0.5470430107526881,
        "recall": 0.9064587973273942,
        "f1-score": 0.6823134953897737,
        "support": 449.0
    },
    "engine_idling": {
        "precision": 0.6531049250535332,
        "recall": 0.6792873051224945,
        "f1-score": 0.665938864628821,
        "support": 449.0
    },
    "firetruck": {
        "precision": 0.9495192307692307,
        "recall": 0.8797327394209354,
        "f1-score": 0.9132947976878613,
        "support": 449.0
    },
    "gun_shot": {
        "precision": 0.9841269841269841,
        "recall": 0.9117647058823529,
        "f1-score": 0.9465648854961832,
        "support": 612.0
    },
    "jackhammer": {
        "precision": 0.44565217391304346,
        "recall": 0.09131403118040089,
        "f1-score": 0.15157116451016636,
        "support": 449.0
    },
    "police": {
        "precision": 0.9177777777777778,
        "recall": 0.9198218262806236,
        "f1-score": 0.9187986651835373,
        "support": 449.0
    },
    "street_music": {
        "precision": 0.9463806970509383,
        "recall": 0.7861915367483296,
        "f1-score": 0.8588807785888077,
        "support": 449.0
    },
    "traffic": {
        "precision": 0.975609756097561,
        "recall": 0.9799554565701559,
        "f1-score": 0.9777777777777777,
        "support": 449.0
    },
    "accuracy": 0.7893664005435705,
    "macro avg": {
        "precision": 0.7907331229313534,
        "recall": 0.7886432969624375,
        "f1-score": 0.7754126204656304,
        "support": 5887.0
    },
    "weighted avg": {
        "precision": 0.7931728115843121,
        "recall": 0.7893664005435705,
        "f1-score": 0.7770780362773869,
        "support": 5887.0
    }
}