{
    "fold": 7,
    "best_epoch": 2,
    "train_loss": 0.01535921220826401,
    "val_loss": 1.044059154860594,
    "test_loss": 0.9764683248512899,
    "train_accuracy": 99.50653623062938,
    "val_accuracy": 83.61077741547966,
    "test_accuracy": 83.5230168167148,
    "classification_report": {
        "air_conditioner": {
            "precision": 0.32475247524752476,
            "recall": 0.36525612472160357,
            "f1-score": 0.3438155136268344,
            "support": 449.0
        },
        "ambulance": {
            "precision": 0.9697624190064795,
            "recall": 1.0,
            "f1-score": 0.9846491228070176,
            "support": 449.0
        },
        "car_horn": {
            "precision": 0.9970149253731343,
            "recall": 0.9940476190476191,
            "f1-score": 0.9955290611028316,
            "support": 336.0
        },
        "children_playing": {
            "precision": 0.886,
            "recall": 0.9866369710467706,
            "f1-score": 0.9336143308746049,
            "support": 449.0
        },
        "dog_bark": {
            "precision": 0.8540856031128404,
            "recall": 0.977728285077951,
            "f1-score": 0.9117341640706127,
            "support": 449.0
        },
        "drilling": {
            "precision": 0.7006920415224913,
            "recall": 0.9020044543429844,
            "f1-score": 0.7887049659201558,
            "support": 449.0
        },
        "engine_idling": {
            "precision": 0.5925925925925926,
            "recall": 0.7126948775055679,
            "f1-score": 0.647118301314459,
            "support": 449.0
        },
        "firetruck": {
            "precision": 1.0,
            "recall": 0.9755011135857461,
            "f1-score": 0.9875986471251409,
            "support": 449.0
        },
        "gun_shot": {
            "precision": 1.0,
            "recall": 0.9967320261437909,
            "f1-score": 0.9983633387888707,
            "support": 612.0
        },
        "jackhammer": {
            "precision": 0.6881720430107527,
            "recall": 0.14253897550111358,
            "f1-score": 0.23616236162361623,
            "support": 449.0
        },
        "police": {
            "precision": 1.0,
            "recall": 0.9487750556792873,
            "f1-score": 0.9737142857142858,
            "support": 449.0
        },
        "street_music": {
            "precision": 0.8847058823529412,
            "recall": 0.8374164810690423,
            "f1-score": 0.8604118993135011,
            "support": 449.0
        },
        "traffic": {
            "precision": 0.9760869565217392,
            "recall": 1.0,
            "f1-score": 0.9878987898789879,
            "support": 449.0
        },
        "accuracy": 0.8352301681671479,
        "macro avg": {
            "precision": 0.8364511491338842,
            "recall": 0.833794767978575,
            "f1-score": 0.8191780601662246,
            "support": 5887.0
        },
        "weighted avg": {
            "precision": 0.8378975150207776,
            "recall": 0.8352301681671479,
            "f1-score": 0.820754336250759,
            "support": 5887.0
        }
    },
    "paths": {
        "best_model": "output/mobilenet/fold_7/checkpoint_epoch_2.pth",
        "confusion_matrix": "output/mobilenet/fold_7/plots/confusion_matrix.png",
        "roc_curves": "output/mobilenet/fold_7/plots/roc_curves.png",
        "classification_report": "output/mobilenet/fold_7/classification_report.json",
        "grad_cam_dir": "output/mobilenet/fold_7/grad_cam"
    }
}