{
    "fold": 10,
    "best_epoch": 4,
    "train_loss": 0.7762395542376307,
    "val_loss": 0.8452543378964569,
    "test_loss": 0.8332157813633482,
    "train_accuracy": 74.12910717357647,
    "val_accuracy": 71.3081650570676,
    "test_accuracy": 73.03724427347439,
    "classification_report": {
        "air_conditioner": {
            "precision": 0.6666666666666666,
            "recall": 0.44988864142538976,
            "f1-score": 0.5372340425531915,
            "support": 449.0
        },
        "ambulance": {
            "precision": 0.8611764705882353,
            "recall": 0.8151447661469933,
            "f1-score": 0.8375286041189931,
            "support": 449.0
        },
        "car_horn": {
            "precision": 0.815668202764977,
            "recall": 0.44696969696969696,
            "f1-score": 0.5774877650897227,
            "support": 396.0
        },
        "children_playing": {
            "precision": 0.5159944367176634,
            "recall": 0.8262806236080178,
            "f1-score": 0.6352739726027398,
            "support": 449.0
        },
        "dog_bark": {
            "precision": 0.8790322580645161,
            "recall": 0.48552338530066813,
            "f1-score": 0.6255380200860832,
            "support": 449.0
        },
        "drilling": {
            "precision": 0.7883211678832117,
            "recall": 0.7216035634743875,
            "f1-score": 0.7534883720930232,
            "support": 449.0
        },
        "engine_idling": {
            "precision": 0.600896860986547,
            "recall": 0.5968819599109132,
            "f1-score": 0.5988826815642458,
            "support": 449.0
        },
        "firetruck": {
            "precision": 0.6544,
            "recall": 0.910913140311804,
            "f1-score": 0.7616387337057728,
            "support": 449.0
        },
        "gun_shot": {
            "precision": 0.8619909502262444,
            "recall": 0.9921875,
            "f1-score": 0.9225181598062954,
            "support": 384.0
        },
        "jackhammer": {
            "precision": 0.7591397849462366,
            "recall": 0.7861915367483296,
            "f1-score": 0.7724288840262582,
            "support": 449.0
        },
        "police": {
            "precision": 0.927461139896373,
            "recall": 0.7973273942093542,
            "f1-score": 0.8574850299401198,
            "support": 449.0
        },
        "street_music": {
            "precision": 0.623046875,
            "recall": 0.7104677060133631,
            "f1-score": 0.663891779396462,
            "support": 449.0
        },
        "traffic": {
            "precision": 0.8288461538461539,
            "recall": 0.9599109131403119,
            "f1-score": 0.8895768833849329,
            "support": 449.0
        },
        "accuracy": 0.7303724427347439,
        "macro avg": {
            "precision": 0.752510843660525,
            "recall": 0.7307146790199408,
            "f1-score": 0.7256133021821416,
            "support": 5719.0
        },
        "weighted avg": {
            "precision": 0.7506812323719592,
            "recall": 0.7303724427347439,
            "f1-score": 0.7247480875852413,
            "support": 5719.0
        }
    },
    "paths": {
        "best_model": "output/inception/fold_10/checkpoint_epoch_4.pth",
        "confusion_matrix": "output/inception/fold_10/plots/confusion_matrix.png",
        "roc_curves": "output/inception/fold_10/plots/roc_curves.png",
        "classification_report": "output/inception/fold_10/classification_report.json",
        "grad_cam_dir": "output/inception/fold_10/grad_cam"
    }
}