{
    "air_conditioner": {
        "precision": 0.5840220385674931,
        "recall": 0.47216035634743875,
        "f1-score": 0.5221674876847291,
        "support": 449.0
    },
    "ambulance": {
        "precision": 0.8487229862475442,
        "recall": 0.9621380846325167,
        "f1-score": 0.9018789144050104,
        "support": 449.0
    },
    "car_horn": {
        "precision": 0.24770642201834864,
        "recall": 0.24053452115812918,
        "f1-score": 0.2440677966101695,
        "support": 449.0
    },
    "children_playing": {
        "precision": 0.8464730290456431,
        "recall": 0.9086859688195991,
        "f1-score": 0.8764769065520945,
        "support": 449.0
    },
    "dog_bark": {
        "precision": 0.9038461538461539,
        "recall": 0.8374164810690423,
        "f1-score": 0.869364161849711,
        "support": 449.0
    },
    "drilling": {
        "precision": 1.0,
        "recall": 0.6414253897550112,
        "f1-score": 0.7815468113975577,
        "support": 449.0
    },
    "engine_idling": {
        "precision": 0.7632398753894081,
        "recall": 0.5456570155902004,
        "f1-score": 0.6363636363636364,
        "support": 449.0
    },
    "firetruck": {
        "precision": 0.9878934624697336,
        "recall": 0.9086859688195991,
        "f1-score": 0.9466357308584686,
        "support": 449.0
    },
    "gun_shot": {
        "precision": 0.8775137111517367,
        "recall": 1.0,
        "f1-score": 0.934761441090555,
        "support": 480.0
    },
    "jackhammer": {
        "precision": 0.915625,
        "recall": 0.6525612472160356,
        "f1-score": 0.7620286085825748,
        "support": 449.0
    },
    "police": {
        "precision": 0.9775784753363229,
        "recall": 0.9710467706013363,
        "f1-score": 0.9743016759776536,
        "support": 449.0
    },
    "street_music": {
        "precision": 0.47542997542997545,
        "recall": 0.8619153674832962,
        "f1-score": 0.6128266033254157,
        "support": 449.0
    },
    "traffic": {
        "precision": 0.8752436647173489,
        "recall": 1.0,
        "f1-score": 0.9334719334719335,
        "support": 449.0
    },
    "accuracy": 0.7706203135650989,
    "macro avg": {
        "precision": 0.7925611380169006,
        "recall": 0.769402090114785,
        "f1-score": 0.7689147467822699,
        "support": 5868.0
    },
    "weighted avg": {
        "precision": 0.7930099331374154,
        "recall": 0.7706203135650989,
        "f1-score": 0.7697908966669933,
        "support": 5868.0
    }
}