{
    "fold": 2,
    "best_epoch": 3,
    "train_loss": 0.0717333826604325,
    "val_loss": 1.364074470732788,
    "test_loss": 1.9498109034248658,
    "train_accuracy": 97.73958850579676,
    "val_accuracy": 71.24848903470902,
    "test_accuracy": 70.35123966942149,
    "classification_report": {
        "air_conditioner": {
            "precision": 0.5228310502283106,
            "recall": 0.5100222717149221,
            "f1-score": 0.5163472378804961,
            "support": 449.0
        },
        "ambulance": {
            "precision": 0.9159663865546218,
            "recall": 0.9710467706013363,
            "f1-score": 0.9427027027027027,
            "support": 449.0
        },
        "car_horn": {
            "precision": 0.709349593495935,
            "recall": 0.77728285077951,
            "f1-score": 0.7417640807651434,
            "support": 449.0
        },
        "children_playing": {
            "precision": 0.5893719806763285,
            "recall": 0.5434298440979956,
            "f1-score": 0.5654692931633836,
            "support": 449.0
        },
        "dog_bark": {
            "precision": 0.8080357142857143,
            "recall": 0.8062360801781737,
            "f1-score": 0.8071348940914158,
            "support": 449.0
        },
        "drilling": {
            "precision": 0.8006872852233677,
            "recall": 0.5189309576837416,
            "f1-score": 0.6297297297297297,
            "support": 449.0
        },
        "engine_idling": {
            "precision": 0.36617647058823527,
            "recall": 0.5545657015590201,
            "f1-score": 0.44109831709477415,
            "support": 449.0
        },
        "firetruck": {
            "precision": 0.9004424778761062,
            "recall": 0.9064587973273942,
            "f1-score": 0.9034406215316315,
            "support": 449.0
        },
        "gun_shot": {
            "precision": 0.96,
            "recall": 0.9714285714285714,
            "f1-score": 0.9656804733727811,
            "support": 420.0
        },
        "jackhammer": {
            "precision": 0.4180327868852459,
            "recall": 0.11358574610244988,
            "f1-score": 0.1786339754816112,
            "support": 449.0
        },
        "police": {
            "precision": 0.9757869249394673,
            "recall": 0.8975501113585747,
            "f1-score": 0.9350348027842227,
            "support": 449.0
        },
        "street_music": {
            "precision": 0.38142857142857145,
            "recall": 0.5946547884187082,
            "f1-score": 0.46475195822454307,
            "support": 449.0
        },
        "traffic": {
            "precision": 0.9803063457330415,
            "recall": 0.9977728285077951,
            "f1-score": 0.9889624724061811,
            "support": 449.0
        },
        "accuracy": 0.7035123966942148,
        "macro avg": {
            "precision": 0.7175704298396112,
            "recall": 0.7048434861352456,
            "f1-score": 0.6985192737868167,
            "support": 5808.0
        },
        "weighted avg": {
            "precision": 0.716359951613948,
            "recall": 0.7035123966942148,
            "f1-score": 0.6971853077420521,
            "support": 5808.0
        }
    },
    "paths": {
        "best_model": "output/vgg16/fold_2/checkpoint_epoch_3.pth",
        "confusion_matrix": "output/vgg16/fold_2/plots/confusion_matrix.png",
        "roc_curves": "output/vgg16/fold_2/plots/roc_curves.png",
        "classification_report": "output/vgg16/fold_2/classification_report.json",
        "grad_cam_dir": "output/vgg16/fold_2/grad_cam"
    }
}