{
    "air_conditioner": {
        "precision": 0.42560553633217996,
        "recall": 0.2739420935412027,
        "f1-score": 0.3333333333333333,
        "support": 449.0
    },
    "ambulance": {
        "precision": 0.845841784989858,
        "recall": 0.9287305122494433,
        "f1-score": 0.8853503184713376,
        "support": 449.0
    },
    "car_horn": {
        "precision": 0.9849056603773585,
        "recall": 0.5812917594654788,
        "f1-score": 0.7310924369747899,
        "support": 449.0
    },
    "children_playing": {
        "precision": 0.6151761517615176,
        "recall": 0.5055679287305123,
        "f1-score": 0.5550122249388753,
        "support": 449.0
    },
    "dog_bark": {
        "precision": 0.7811059907834101,
        "recall": 0.755011135857461,
        "f1-score": 0.7678369195922989,
        "support": 449.0
    },
    "drilling": {
        "precision": 0.7598425196850394,
        "recall": 0.4298440979955457,
        "f1-score": 0.5490753911806543,
        "support": 449.0
    },
    "engine_idling": {
        "precision": 0.28651685393258425,
        "recall": 0.45434298440979953,
        "f1-score": 0.35142118863049093,
        "support": 449.0
    },
    "firetruck": {
        "precision": 0.9071274298056156,
        "recall": 0.9354120267260579,
        "f1-score": 0.9210526315789473,
        "support": 449.0
    },
    "gun_shot": {
        "precision": 0.9372197309417041,
        "recall": 0.9675925925925926,
        "f1-score": 0.9521640091116174,
        "support": 432.0
    },
    "jackhammer": {
        "precision": 0.6122448979591837,
        "recall": 0.6013363028953229,
        "f1-score": 0.6067415730337079,
        "support": 449.0
    },
    "police": {
        "precision": 0.9363636363636364,
        "recall": 0.9175946547884187,
        "f1-score": 0.9268841394825647,
        "support": 449.0
    },
    "street_music": {
        "precision": 0.4171270718232044,
        "recall": 0.6726057906458798,
        "f1-score": 0.514919011082694,
        "support": 449.0
    },
    "traffic": {
        "precision": 0.9,
        "recall": 0.9821826280623608,
        "f1-score": 0.939297124600639,
        "support": 449.0
    },
    "accuracy": 0.6919243986254295,
    "macro avg": {
        "precision": 0.7237751742119455,
        "recall": 0.6927272698430827,
        "f1-score": 0.6949369463086116,
        "support": 5820.0
    },
    "weighted avg": {
        "precision": 0.723151710730089,
        "recall": 0.6919243986254295,
        "f1-score": 0.6941855957815236,
        "support": 5820.0
    }
}