{
    "air_conditioner": {
        "precision": 0.9144144144144144,
        "recall": 0.4521158129175947,
        "f1-score": 0.6050670640834576,
        "support": 449.0
    },
    "ambulance": {
        "precision": 0.9910514541387024,
        "recall": 0.9866369710467706,
        "f1-score": 0.9888392857142857,
        "support": 449.0
    },
    "car_horn": {
        "precision": 0.8735632183908046,
        "recall": 0.16926503340757237,
        "f1-score": 0.2835820895522388,
        "support": 449.0
    },
    "children_playing": {
        "precision": 0.7709923664122137,
        "recall": 0.8997772828507795,
        "f1-score": 0.8304213771839671,
        "support": 449.0
    },
    "dog_bark": {
        "precision": 0.8592233009708737,
        "recall": 0.7884187082405345,
        "f1-score": 0.8222996515679443,
        "support": 449.0
    },
    "drilling": {
        "precision": 0.83984375,
        "recall": 0.9576837416481069,
        "f1-score": 0.894901144640999,
        "support": 449.0
    },
    "engine_idling": {
        "precision": 0.6133333333333333,
        "recall": 0.512249443207127,
        "f1-score": 0.558252427184466,
        "support": 449.0
    },
    "firetruck": {
        "precision": 0.995475113122172,
        "recall": 0.9799554565701559,
        "f1-score": 0.9876543209876543,
        "support": 449.0
    },
    "gun_shot": {
        "precision": 0.8135593220338984,
        "recall": 1.0,
        "f1-score": 0.897196261682243,
        "support": 480.0
    },
    "jackhammer": {
        "precision": 0.828125,
        "recall": 0.9443207126948775,
        "f1-score": 0.882414151925078,
        "support": 449.0
    },
    "police": {
        "precision": 0.9911111111111112,
        "recall": 0.9933184855233853,
        "f1-score": 0.9922135706340378,
        "support": 449.0
    },
    "street_music": {
        "precision": 0.5069832402234636,
        "recall": 0.8084632516703786,
        "f1-score": 0.623175965665236,
        "support": 449.0
    },
    "traffic": {
        "precision": 0.7737478411053541,
        "recall": 0.9977728285077951,
        "f1-score": 0.8715953307392996,
        "support": 449.0
    },
    "accuracy": 0.8079413769597819,
    "macro avg": {
        "precision": 0.8285710357889494,
        "recall": 0.8069213637142367,
        "f1-score": 0.7875086647354544,
        "support": 5868.0
    },
    "weighted avg": {
        "precision": 0.8284917305526837,
        "recall": 0.8079413769597819,
        "f1-score": 0.7880881322721537,
        "support": 5868.0
    }
}