{
    "air_conditioner": {
        "precision": 0.6341463414634146,
        "recall": 0.6369710467706013,
        "f1-score": 0.6355555555555555,
        "support": 449.0
    },
    "ambulance": {
        "precision": 0.9839816933638444,
        "recall": 0.9576837416481069,
        "f1-score": 0.9706546275395034,
        "support": 449.0
    },
    "car_horn": {
        "precision": 0.9112903225806451,
        "recall": 0.755011135857461,
        "f1-score": 0.8258221680876979,
        "support": 449.0
    },
    "children_playing": {
        "precision": 0.9559902200488998,
        "recall": 0.8708240534521158,
        "f1-score": 0.9114219114219114,
        "support": 449.0
    },
    "dog_bark": {
        "precision": 0.9164835164835164,
        "recall": 0.9287305122494433,
        "f1-score": 0.922566371681416,
        "support": 449.0
    },
    "drilling": {
        "precision": 0.72,
        "recall": 0.9220489977728286,
        "f1-score": 0.80859375,
        "support": 449.0
    },
    "engine_idling": {
        "precision": 0.5659340659340659,
        "recall": 0.9175946547884187,
        "f1-score": 0.7000849617672048,
        "support": 449.0
    },
    "firetruck": {
        "precision": 0.9521739130434783,
        "recall": 0.9755011135857461,
        "f1-score": 0.9636963696369637,
        "support": 449.0
    },
    "gun_shot": {
        "precision": 0.9506726457399103,
        "recall": 0.9298245614035088,
        "f1-score": 0.9401330376940134,
        "support": 456.0
    },
    "jackhammer": {
        "precision": 0.7068965517241379,
        "recall": 0.2739420935412027,
        "f1-score": 0.39486356340288925,
        "support": 449.0
    },
    "police": {
        "precision": 0.9751131221719457,
        "recall": 0.9599109131403119,
        "f1-score": 0.9674523007856342,
        "support": 449.0
    },
    "street_music": {
        "precision": 0.8838709677419355,
        "recall": 0.9153674832962138,
        "f1-score": 0.899343544857768,
        "support": 449.0
    },
    "traffic": {
        "precision": 0.9837209302325581,
        "recall": 0.9420935412026726,
        "f1-score": 0.962457337883959,
        "support": 449.0
    },
    "accuracy": 0.8451403148528405,
    "macro avg": {
        "precision": 0.8569441761944887,
        "recall": 0.8450387575929716,
        "f1-score": 0.838665038485732,
        "support": 5844.0
    },
    "weighted avg": {
        "precision": 0.8570564450662919,
        "recall": 0.8451403148528405,
        "f1-score": 0.8387865778413889,
        "support": 5844.0
    }
}