{
    "air_conditioner": {
        "precision": 0.6910569105691057,
        "recall": 0.18930957683741648,
        "f1-score": 0.2972027972027972,
        "support": 449.0
    },
    "ambulance": {
        "precision": 0.9725400457665904,
        "recall": 0.9465478841870824,
        "f1-score": 0.9593679458239278,
        "support": 449.0
    },
    "car_horn": {
        "precision": 0.901685393258427,
        "recall": 0.8359375,
        "f1-score": 0.8675675675675676,
        "support": 384.0
    },
    "children_playing": {
        "precision": 0.8026315789473685,
        "recall": 0.9510022271714922,
        "f1-score": 0.8705402650356778,
        "support": 449.0
    },
    "dog_bark": {
        "precision": 0.5962199312714777,
        "recall": 0.7728285077951003,
        "f1-score": 0.6731328806983511,
        "support": 449.0
    },
    "drilling": {
        "precision": 0.35453100158982515,
        "recall": 0.49665924276169265,
        "f1-score": 0.4137291280148423,
        "support": 449.0
    },
    "engine_idling": {
        "precision": 0.7655601659751037,
        "recall": 0.821826280623608,
        "f1-score": 0.7926960257787325,
        "support": 449.0
    },
    "firetruck": {
        "precision": 0.9585152838427947,
        "recall": 0.977728285077951,
        "f1-score": 0.9680264608599779,
        "support": 449.0
    },
    "gun_shot": {
        "precision": 0.8318840579710145,
        "recall": 0.771505376344086,
        "f1-score": 0.800557880055788,
        "support": 372.0
    },
    "jackhammer": {
        "precision": 0.5221238938053098,
        "recall": 0.26280623608017817,
        "f1-score": 0.3496296296296296,
        "support": 449.0
    },
    "police": {
        "precision": 0.9844789356984479,
        "recall": 0.9888641425389755,
        "f1-score": 0.9866666666666667,
        "support": 449.0
    },
    "street_music": {
        "precision": 0.6284329563812601,
        "recall": 0.8663697104677061,
        "f1-score": 0.7284644194756554,
        "support": 449.0
    },
    "traffic": {
        "precision": 0.9868131868131869,
        "recall": 1.0,
        "f1-score": 0.9933628318584071,
        "support": 449.0
    },
    "accuracy": 0.7590869183494293,
    "macro avg": {
        "precision": 0.7689594878376855,
        "recall": 0.7601065361450222,
        "f1-score": 0.7462264998975401,
        "support": 5695.0
    },
    "weighted avg": {
        "precision": 0.766593838012819,
        "recall": 0.7590869183494293,
        "f1-score": 0.7441069765137408,
        "support": 5695.0
    }
}