{
    "air_conditioner": {
        "precision": 0.6392156862745098,
        "recall": 0.36302895322939865,
        "f1-score": 0.4630681818181818,
        "support": 449.0
    },
    "ambulance": {
        "precision": 0.8864541832669323,
        "recall": 0.9910913140311804,
        "f1-score": 0.935856992639327,
        "support": 449.0
    },
    "car_horn": {
        "precision": 0.9345549738219895,
        "recall": 0.9916666666666667,
        "f1-score": 0.9622641509433962,
        "support": 360.0
    },
    "children_playing": {
        "precision": 0.8518518518518519,
        "recall": 0.7683741648106904,
        "f1-score": 0.8079625292740047,
        "support": 449.0
    },
    "dog_bark": {
        "precision": 0.8035363457760314,
        "recall": 0.910913140311804,
        "f1-score": 0.8538622129436325,
        "support": 449.0
    },
    "drilling": {
        "precision": 0.6775193798449612,
        "recall": 0.9732739420935412,
        "f1-score": 0.7989031078610603,
        "support": 449.0
    },
    "engine_idling": {
        "precision": 0.5027522935779817,
        "recall": 0.6102449888641426,
        "f1-score": 0.5513078470824949,
        "support": 449.0
    },
    "firetruck": {
        "precision": 0.995049504950495,
        "recall": 0.8953229398663697,
        "f1-score": 0.9425556858147714,
        "support": 449.0
    },
    "gun_shot": {
        "precision": 0.9523809523809523,
        "recall": 1.0,
        "f1-score": 0.975609756097561,
        "support": 360.0
    },
    "jackhammer": {
        "precision": 0.6506550218340611,
        "recall": 0.33184855233853006,
        "f1-score": 0.43952802359882004,
        "support": 449.0
    },
    "police": {
        "precision": 0.9908256880733946,
        "recall": 0.9621380846325167,
        "f1-score": 0.976271186440678,
        "support": 449.0
    },
    "street_music": {
        "precision": 0.6608527131782945,
        "recall": 0.7594654788418709,
        "f1-score": 0.7067357512953368,
        "support": 449.0
    },
    "traffic": {
        "precision": 0.9889624724061811,
        "recall": 0.9977728285077951,
        "f1-score": 0.9933481152993349,
        "support": 449.0
    },
    "accuracy": 0.8061494963774518,
    "macro avg": {
        "precision": 0.8103546974798181,
        "recall": 0.8119339272457313,
        "f1-score": 0.8005595031622001,
        "support": 5659.0
    },
    "weighted avg": {
        "precision": 0.8061677101533198,
        "recall": 0.8061494963774518,
        "f1-score": 0.7952633048650144,
        "support": 5659.0
    }
}