{
    "air_conditioner": {
        "precision": 0.36790123456790125,
        "recall": 0.33184855233853006,
        "f1-score": 0.34894613583138173,
        "support": 449.0
    },
    "ambulance": {
        "precision": 0.793036750483559,
        "recall": 0.9131403118040089,
        "f1-score": 0.8488612836438924,
        "support": 449.0
    },
    "car_horn": {
        "precision": 0.6372549019607843,
        "recall": 0.5803571428571429,
        "f1-score": 0.6074766355140186,
        "support": 336.0
    },
    "children_playing": {
        "precision": 0.7174721189591078,
        "recall": 0.8596881959910914,
        "f1-score": 0.7821681864235056,
        "support": 449.0
    },
    "dog_bark": {
        "precision": 0.7866666666666666,
        "recall": 0.6570155902004454,
        "f1-score": 0.7160194174757282,
        "support": 449.0
    },
    "drilling": {
        "precision": 0.8123393316195373,
        "recall": 0.7037861915367484,
        "f1-score": 0.7541766109785203,
        "support": 449.0
    },
    "engine_idling": {
        "precision": 0.3225806451612903,
        "recall": 0.40089086859688194,
        "f1-score": 0.35749751737835156,
        "support": 449.0
    },
    "firetruck": {
        "precision": 0.8238866396761133,
        "recall": 0.9064587973273942,
        "f1-score": 0.8632025450689289,
        "support": 449.0
    },
    "gun_shot": {
        "precision": 0.8663522012578616,
        "recall": 0.9981884057971014,
        "f1-score": 0.9276094276094277,
        "support": 552.0
    },
    "jackhammer": {
        "precision": 0.3696969696969697,
        "recall": 0.2717149220489978,
        "f1-score": 0.31322207958921694,
        "support": 449.0
    },
    "police": {
        "precision": 0.9059633027522935,
        "recall": 0.8797327394209354,
        "f1-score": 0.8926553672316384,
        "support": 449.0
    },
    "street_music": {
        "precision": 0.8279569892473119,
        "recall": 0.6859688195991092,
        "f1-score": 0.7503045066991474,
        "support": 449.0
    },
    "traffic": {
        "precision": 0.881104033970276,
        "recall": 0.9242761692650334,
        "f1-score": 0.9021739130434783,
        "support": 449.0
    },
    "accuracy": 0.7085979062982667,
    "macro avg": {
        "precision": 0.7009393681553594,
        "recall": 0.7010051312910323,
        "f1-score": 0.697254894345172,
        "support": 5827.0
    },
    "weighted avg": {
        "precision": 0.7050982606368329,
        "recall": 0.7085979062982667,
        "f1-score": 0.7030677414661843,
        "support": 5827.0
    }
}