{
    "air_conditioner": {
        "precision": 0.9814814814814815,
        "recall": 0.7082405345211581,
        "f1-score": 0.8227684346701164,
        "support": 449.0
    },
    "ambulance": {
        "precision": 0.9931506849315068,
        "recall": 0.9688195991091314,
        "f1-score": 0.9808342728297632,
        "support": 449.0
    },
    "car_horn": {
        "precision": 0.8934426229508197,
        "recall": 0.24276169265033407,
        "f1-score": 0.38178633975481613,
        "support": 449.0
    },
    "children_playing": {
        "precision": 0.854122621564482,
        "recall": 0.8997772828507795,
        "f1-score": 0.8763557483731019,
        "support": 449.0
    },
    "dog_bark": {
        "precision": 0.946078431372549,
        "recall": 0.8596881959910914,
        "f1-score": 0.9008168028004667,
        "support": 449.0
    },
    "drilling": {
        "precision": 0.9567099567099567,
        "recall": 0.9844097995545658,
        "f1-score": 0.9703622392974753,
        "support": 449.0
    },
    "engine_idling": {
        "precision": 0.7410881801125704,
        "recall": 0.8797327394209354,
        "f1-score": 0.8044806517311609,
        "support": 449.0
    },
    "firetruck": {
        "precision": 0.9842696629213483,
        "recall": 0.9755011135857461,
        "f1-score": 0.9798657718120806,
        "support": 449.0
    },
    "gun_shot": {
        "precision": 0.9876543209876543,
        "recall": 1.0,
        "f1-score": 0.9937888198757764,
        "support": 480.0
    },
    "jackhammer": {
        "precision": 0.9693654266958425,
        "recall": 0.9866369710467706,
        "f1-score": 0.977924944812362,
        "support": 449.0
    },
    "police": {
        "precision": 1.0,
        "recall": 0.9710467706013363,
        "f1-score": 0.9853107344632769,
        "support": 449.0
    },
    "street_music": {
        "precision": 0.543640897755611,
        "recall": 0.9710467706013363,
        "f1-score": 0.6970423661071143,
        "support": 449.0
    },
    "traffic": {
        "precision": 0.9294605809128631,
        "recall": 0.9977728285077951,
        "f1-score": 0.9624060150375939,
        "support": 449.0
    },
    "accuracy": 0.8810497614178596,
    "macro avg": {
        "precision": 0.9061896052612834,
        "recall": 0.8804180229569986,
        "f1-score": 0.8718263955050081,
        "support": 5868.0
    },
    "weighted avg": {
        "precision": 0.9066199744138939,
        "recall": 0.8810497614178596,
        "f1-score": 0.872470709607853,
        "support": 5868.0
    }
}