{
    "air_conditioner": {
        "precision": 0.8044354838709677,
        "recall": 0.888641425389755,
        "f1-score": 0.8444444444444444,
        "support": 449.0
    },
    "ambulance": {
        "precision": 0.9148471615720524,
        "recall": 0.933184855233853,
        "f1-score": 0.9239250275633958,
        "support": 449.0
    },
    "car_horn": {
        "precision": 0.8596491228070176,
        "recall": 0.2182628062360802,
        "f1-score": 0.3481349911190053,
        "support": 449.0
    },
    "children_playing": {
        "precision": 0.8266033254156769,
        "recall": 0.7750556792873051,
        "f1-score": 0.8,
        "support": 449.0
    },
    "dog_bark": {
        "precision": 0.7304347826086957,
        "recall": 0.7483296213808464,
        "f1-score": 0.7392739273927392,
        "support": 449.0
    },
    "drilling": {
        "precision": 0.835820895522388,
        "recall": 0.623608017817372,
        "f1-score": 0.7142857142857143,
        "support": 449.0
    },
    "engine_idling": {
        "precision": 0.830238726790451,
        "recall": 0.6971046770601337,
        "f1-score": 0.7578692493946732,
        "support": 449.0
    },
    "firetruck": {
        "precision": 0.9432624113475178,
        "recall": 0.888641425389755,
        "f1-score": 0.9151376146788991,
        "support": 449.0
    },
    "gun_shot": {
        "precision": 0.9410609037328095,
        "recall": 0.9979166666666667,
        "f1-score": 0.9686552072800809,
        "support": 480.0
    },
    "jackhammer": {
        "precision": 0.9248291571753986,
        "recall": 0.9042316258351893,
        "f1-score": 0.9144144144144144,
        "support": 449.0
    },
    "police": {
        "precision": 0.9667458432304038,
        "recall": 0.9064587973273942,
        "f1-score": 0.9356321839080459,
        "support": 449.0
    },
    "street_music": {
        "precision": 0.4988584474885845,
        "recall": 0.9732739420935412,
        "f1-score": 0.659622641509434,
        "support": 449.0
    },
    "traffic": {
        "precision": 0.8311688311688312,
        "recall": 0.9977728285077951,
        "f1-score": 0.9068825910931174,
        "support": 449.0
    },
    "accuracy": 0.8127130197682345,
    "macro avg": {
        "precision": 0.8390734686715997,
        "recall": 0.8117294129404375,
        "f1-score": 0.8021752313141511,
        "support": 5868.0
    },
    "weighted avg": {
        "precision": 0.8396122570981327,
        "recall": 0.8127130197682345,
        "f1-score": 0.8030547267563706,
        "support": 5868.0
    }
}