{
    "fold": 5,
    "best_epoch": 3,
    "train_loss": 0.0707534476645872,
    "val_loss": 2.0935480070851473,
    "test_loss": 2.717016377969794,
    "train_accuracy": 97.79682292342986,
    "val_accuracy": 63.68925393566051,
    "test_accuracy": 68.5412406271302,
    "classification_report": {
        "air_conditioner": {
            "precision": 0.47393364928909953,
            "recall": 0.22271714922049,
            "f1-score": 0.30303030303030304,
            "support": 449.0
        },
        "ambulance": {
            "precision": 0.9602649006622517,
            "recall": 0.9688195991091314,
            "f1-score": 0.9645232815964523,
            "support": 449.0
        },
        "car_horn": {
            "precision": 0.7163120567375887,
            "recall": 0.22494432071269488,
            "f1-score": 0.3423728813559322,
            "support": 449.0
        },
        "children_playing": {
            "precision": 0.4006069802731411,
            "recall": 0.5879732739420935,
            "f1-score": 0.47653429602888087,
            "support": 449.0
        },
        "dog_bark": {
            "precision": 0.6157556270096463,
            "recall": 0.8530066815144766,
            "f1-score": 0.715219421101774,
            "support": 449.0
        },
        "drilling": {
            "precision": 0.5581395348837209,
            "recall": 0.6948775055679287,
            "f1-score": 0.6190476190476191,
            "support": 449.0
        },
        "engine_idling": {
            "precision": 0.41514726507713884,
            "recall": 0.6592427616926503,
            "f1-score": 0.5094664371772806,
            "support": 449.0
        },
        "firetruck": {
            "precision": 0.9702517162471396,
            "recall": 0.9443207126948775,
            "f1-score": 0.9571106094808126,
            "support": 449.0
        },
        "gun_shot": {
            "precision": 0.9142857142857143,
            "recall": 0.9333333333333333,
            "f1-score": 0.9237113402061856,
            "support": 480.0
        },
        "jackhammer": {
            "precision": 0.5172413793103449,
            "recall": 0.20044543429844097,
            "f1-score": 0.28892455858747995,
            "support": 449.0
        },
        "police": {
            "precision": 0.9330453563714903,
            "recall": 0.9621380846325167,
            "f1-score": 0.9473684210526315,
            "support": 449.0
        },
        "street_music": {
            "precision": 0.6591422121896162,
            "recall": 0.6503340757238307,
            "f1-score": 0.6547085201793722,
            "support": 449.0
        },
        "traffic": {
            "precision": 0.8846918489065606,
            "recall": 0.9910913140311804,
            "f1-score": 0.9348739495798319,
            "support": 449.0
        },
        "accuracy": 0.685412406271302,
        "macro avg": {
            "precision": 0.6937552493264195,
            "recall": 0.6840957112672034,
            "f1-score": 0.664376279878812,
            "support": 5868.0
        },
        "weighted avg": {
            "precision": 0.6949202875700693,
            "recall": 0.685412406271302,
            "f1-score": 0.6657463185410731,
            "support": 5868.0
        }
    },
    "paths": {
        "best_model": "output/vgg16/fold_5/checkpoint_epoch_3.pth",
        "confusion_matrix": "output/vgg16/fold_5/plots/confusion_matrix.png",
        "roc_curves": "output/vgg16/fold_5/plots/roc_curves.png",
        "classification_report": "output/vgg16/fold_5/classification_report.json",
        "grad_cam_dir": "output/vgg16/fold_5/grad_cam"
    }
}