{
    "fold": 7,
    "best_epoch": 2,
    "train_loss": 0.028002711017967998,
    "val_loss": 1.0474760866102018,
    "test_loss": 0.9033272753016837,
    "train_accuracy": 99.06285170115142,
    "val_accuracy": 82.52960356958984,
    "test_accuracy": 80.5333786308816,
    "classification_report": {
        "air_conditioner": {
            "precision": 0.38054607508532423,
            "recall": 0.49665924276169265,
            "f1-score": 0.43091787439613527,
            "support": 449.0
        },
        "ambulance": {
            "precision": 0.9539473684210527,
            "recall": 0.9688195991091314,
            "f1-score": 0.9613259668508287,
            "support": 449.0
        },
        "car_horn": {
            "precision": 0.9748201438848921,
            "recall": 0.8065476190476191,
            "f1-score": 0.8827361563517915,
            "support": 336.0
        },
        "children_playing": {
            "precision": 0.8671171171171171,
            "recall": 0.8574610244988864,
            "f1-score": 0.8622620380739082,
            "support": 449.0
        },
        "dog_bark": {
            "precision": 0.7430167597765364,
            "recall": 0.888641425389755,
            "f1-score": 0.8093306288032455,
            "support": 449.0
        },
        "drilling": {
            "precision": 0.6143057503506312,
            "recall": 0.9755011135857461,
            "f1-score": 0.7538726333907056,
            "support": 449.0
        },
        "engine_idling": {
            "precision": 0.8084112149532711,
            "recall": 0.7706013363028953,
            "f1-score": 0.7890535917901939,
            "support": 449.0
        },
        "firetruck": {
            "precision": 0.9865771812080537,
            "recall": 0.9821826280623608,
            "f1-score": 0.984375,
            "support": 449.0
        },
        "gun_shot": {
            "precision": 1.0,
            "recall": 0.7565359477124183,
            "f1-score": 0.8613953488372093,
            "support": 612.0
        },
        "jackhammer": {
            "precision": 0.5407407407407407,
            "recall": 0.16258351893095768,
            "f1-score": 0.25,
            "support": 449.0
        },
        "police": {
            "precision": 0.976905311778291,
            "recall": 0.9420935412026726,
            "f1-score": 0.9591836734693877,
            "support": 449.0
        },
        "street_music": {
            "precision": 0.8212058212058212,
            "recall": 0.8797327394209354,
            "f1-score": 0.8494623655913979,
            "support": 449.0
        },
        "traffic": {
            "precision": 0.9238683127572016,
            "recall": 1.0,
            "f1-score": 0.960427807486631,
            "support": 449.0
        },
        "accuracy": 0.805333786308816,
        "macro avg": {
            "precision": 0.8147278305599179,
            "recall": 0.8067199796942361,
            "f1-score": 0.796487929618572,
            "support": 5887.0
        },
        "weighted avg": {
            "precision": 0.8167847240902408,
            "recall": 0.805333786308816,
            "f1-score": 0.796629573870616,
            "support": 5887.0
        }
    },
    "paths": {
        "best_model": "output/alexnet/fold_7/checkpoint_epoch_2.pth",
        "confusion_matrix": "output/alexnet/fold_7/plots/confusion_matrix.png",
        "roc_curves": "output/alexnet/fold_7/plots/roc_curves.png",
        "classification_report": "output/alexnet/fold_7/classification_report.json",
        "grad_cam_dir": "output/alexnet/fold_7/grad_cam"
    }
}