{
    "air_conditioner": {
        "precision": 0.5819672131147541,
        "recall": 0.31625835189309576,
        "f1-score": 0.4098124098124098,
        "support": 449.0
    },
    "ambulance": {
        "precision": 0.9689578713968958,
        "recall": 0.9732739420935412,
        "f1-score": 0.9711111111111111,
        "support": 449.0
    },
    "car_horn": {
        "precision": 0.9658119658119658,
        "recall": 0.755011135857461,
        "f1-score": 0.8475,
        "support": 449.0
    },
    "children_playing": {
        "precision": 0.9063444108761329,
        "recall": 0.6681514476614699,
        "f1-score": 0.7692307692307693,
        "support": 449.0
    },
    "dog_bark": {
        "precision": 0.6149253731343284,
        "recall": 0.9175946547884187,
        "f1-score": 0.7363717605004468,
        "support": 449.0
    },
    "drilling": {
        "precision": 0.4653333333333333,
        "recall": 0.77728285077951,
        "f1-score": 0.5821517931609674,
        "support": 449.0
    },
    "engine_idling": {
        "precision": 0.3900462962962963,
        "recall": 0.7505567928730512,
        "f1-score": 0.5133282559025133,
        "support": 449.0
    },
    "firetruck": {
        "precision": 0.9627192982456141,
        "recall": 0.977728285077951,
        "f1-score": 0.9701657458563536,
        "support": 449.0
    },
    "gun_shot": {
        "precision": 0.9933184855233853,
        "recall": 0.9780701754385965,
        "f1-score": 0.9856353591160221,
        "support": 456.0
    },
    "jackhammer": {
        "precision": 0.09174311926605505,
        "recall": 0.022271714922048998,
        "f1-score": 0.035842293906810034,
        "support": 449.0
    },
    "police": {
        "precision": 0.9886363636363636,
        "recall": 0.9688195991091314,
        "f1-score": 0.9786276715410573,
        "support": 449.0
    },
    "street_music": {
        "precision": 0.7535714285714286,
        "recall": 0.46993318485523383,
        "f1-score": 0.578875171467764,
        "support": 449.0
    },
    "traffic": {
        "precision": 0.9755011135857461,
        "recall": 0.9755011135857461,
        "f1-score": 0.9755011135857461,
        "support": 449.0
    },
    "accuracy": 0.7349418206707734,
    "macro avg": {
        "precision": 0.7429904825224847,
        "recall": 0.7346502499180966,
        "f1-score": 0.7195502657839979,
        "support": 5844.0
    },
    "weighted avg": {
        "precision": 0.7432903278375096,
        "recall": 0.7349418206707734,
        "f1-score": 0.7198689850949705,
        "support": 5844.0
    }
}