{
    "fold": 1,
    "best_epoch": 1,
    "train_loss": 0.2895115763000302,
    "val_loss": 1.4387083881083633,
    "test_loss": 1.0507316118364343,
    "train_accuracy": 90.63308050336148,
    "val_accuracy": 72.84490295506207,
    "test_accuracy": 79.20911759627008,
    "classification_report": {
        "air_conditioner": {
            "precision": 0.5259938837920489,
            "recall": 0.3830734966592428,
            "f1-score": 0.44329896907216493,
            "support": 449.0
        },
        "ambulance": {
            "precision": 0.908883826879271,
            "recall": 0.888641425389755,
            "f1-score": 0.8986486486486487,
            "support": 449.0
        },
        "car_horn": {
            "precision": 0.9568345323741008,
            "recall": 0.9236111111111112,
            "f1-score": 0.9399293286219081,
            "support": 432.0
        },
        "children_playing": {
            "precision": 0.6176961602671118,
            "recall": 0.8240534521158129,
            "f1-score": 0.7061068702290076,
            "support": 449.0
        },
        "dog_bark": {
            "precision": 0.6912028725314183,
            "recall": 0.8574610244988864,
            "f1-score": 0.7654075546719682,
            "support": 449.0
        },
        "drilling": {
            "precision": 0.7473404255319149,
            "recall": 0.6258351893095768,
            "f1-score": 0.6812121212121212,
            "support": 449.0
        },
        "engine_idling": {
            "precision": 0.8338983050847457,
            "recall": 0.5478841870824054,
            "f1-score": 0.6612903225806451,
            "support": 449.0
        },
        "firetruck": {
            "precision": 0.8598326359832636,
            "recall": 0.9153674832962138,
            "f1-score": 0.8867313915857605,
            "support": 449.0
        },
        "gun_shot": {
            "precision": 0.8442105263157895,
            "recall": 0.9547619047619048,
            "f1-score": 0.8960893854748604,
            "support": 420.0
        },
        "jackhammer": {
            "precision": 0.888283378746594,
            "recall": 0.7260579064587973,
            "f1-score": 0.7990196078431373,
            "support": 449.0
        },
        "police": {
            "precision": 0.9927536231884058,
            "recall": 0.9153674832962138,
            "f1-score": 0.9524913093858632,
            "support": 449.0
        },
        "street_music": {
            "precision": 0.6042780748663101,
            "recall": 0.755011135857461,
            "f1-score": 0.6712871287128713,
            "support": 449.0
        },
        "traffic": {
            "precision": 0.9197530864197531,
            "recall": 0.9955456570155902,
            "f1-score": 0.9561497326203209,
            "support": 449.0
        },
        "accuracy": 0.7920911759627007,
        "macro avg": {
            "precision": 0.7993047178446714,
            "recall": 0.793282419757921,
            "f1-score": 0.7890509515891752,
            "support": 5791.0
        },
        "weighted avg": {
            "precision": 0.7986173969514468,
            "recall": 0.7920911759627007,
            "f1-score": 0.7880720106476725,
            "support": 5791.0
        }
    },
    "paths": {
        "best_model": "output/alexnet/fold_1/checkpoint_epoch_1.pth",
        "confusion_matrix": "output/alexnet/fold_1/plots/confusion_matrix.png",
        "roc_curves": "output/alexnet/fold_1/plots/roc_curves.png",
        "classification_report": "output/alexnet/fold_1/classification_report.json",
        "grad_cam_dir": "output/alexnet/fold_1/grad_cam"
    }
}