{
    "fold": 6,
    "best_epoch": 3,
    "train_loss": 0.772724224859913,
    "val_loss": 1.0044797038578468,
    "test_loss": 1.0287734491993552,
    "train_accuracy": 74.4196612076239,
    "val_accuracy": 68.47307430129516,
    "test_accuracy": 67.18723185172473,
    "classification_report": {
        "air_conditioner": {
            "precision": 0.3467153284671533,
            "recall": 0.42316258351893093,
            "f1-score": 0.3811434302908726,
            "support": 449.0
        },
        "ambulance": {
            "precision": 0.7368421052631579,
            "recall": 0.8730512249443207,
            "f1-score": 0.799184505606524,
            "support": 449.0
        },
        "car_horn": {
            "precision": 0.7530864197530864,
            "recall": 0.5446428571428571,
            "f1-score": 0.6321243523316062,
            "support": 336.0
        },
        "children_playing": {
            "precision": 0.7458033573141487,
            "recall": 0.6926503340757239,
            "f1-score": 0.7182448036951501,
            "support": 449.0
        },
        "dog_bark": {
            "precision": 0.7981927710843374,
            "recall": 0.5902004454342984,
            "f1-score": 0.678617157490397,
            "support": 449.0
        },
        "drilling": {
            "precision": 0.6122448979591837,
            "recall": 0.6013363028953229,
            "f1-score": 0.6067415730337079,
            "support": 449.0
        },
        "engine_idling": {
            "precision": 0.4421052631578947,
            "recall": 0.3741648106904232,
            "f1-score": 0.40530759951749096,
            "support": 449.0
        },
        "firetruck": {
            "precision": 0.7605042016806722,
            "recall": 0.8062360801781737,
            "f1-score": 0.7827027027027027,
            "support": 449.0
        },
        "gun_shot": {
            "precision": 0.8998302207130731,
            "recall": 0.9601449275362319,
            "f1-score": 0.9290096406660824,
            "support": 552.0
        },
        "jackhammer": {
            "precision": 0.2874015748031496,
            "recall": 0.32516703786191536,
            "f1-score": 0.3051201671891327,
            "support": 449.0
        },
        "police": {
            "precision": 0.9615384615384616,
            "recall": 0.779510022271715,
            "f1-score": 0.8610086100861009,
            "support": 449.0
        },
        "street_music": {
            "precision": 0.6384180790960452,
            "recall": 0.755011135857461,
            "f1-score": 0.6918367346938775,
            "support": 449.0
        },
        "traffic": {
            "precision": 0.8776824034334764,
            "recall": 0.910913140311804,
            "f1-score": 0.8939890710382513,
            "support": 449.0
        },
        "accuracy": 0.6718723185172473,
        "macro avg": {
            "precision": 0.6815665449433723,
            "recall": 0.6643223771322445,
            "f1-score": 0.6680792575647613,
            "support": 5827.0
        },
        "weighted avg": {
            "precision": 0.6840376986675496,
            "recall": 0.6718723185172473,
            "f1-score": 0.6733888051451254,
            "support": 5827.0
        }
    },
    "paths": {
        "best_model": "output/inception/fold_6/checkpoint_epoch_3.pth",
        "confusion_matrix": "output/inception/fold_6/plots/confusion_matrix.png",
        "roc_curves": "output/inception/fold_6/plots/roc_curves.png",
        "classification_report": "output/inception/fold_6/classification_report.json",
        "grad_cam_dir": "output/inception/fold_6/grad_cam"
    }
}