{
    "fold": 1,
    "best_epoch": 4,
    "train_loss": 0.2682154044283159,
    "val_loss": 0.5946057750216116,
    "test_loss": 0.5560512449259737,
    "train_accuracy": 91.89148422685744,
    "val_accuracy": 81.91991606924287,
    "test_accuracy": 80.03798998445865,
    "classification_report": {
        "air_conditioner": {
            "precision": 0.4910941475826972,
            "recall": 0.4298440979955457,
            "f1-score": 0.4584323040380047,
            "support": 449.0
        },
        "ambulance": {
            "precision": 0.9151785714285714,
            "recall": 0.9131403118040089,
            "f1-score": 0.9141583054626533,
            "support": 449.0
        },
        "car_horn": {
            "precision": 0.9359605911330049,
            "recall": 0.8796296296296297,
            "f1-score": 0.9069212410501193,
            "support": 432.0
        },
        "children_playing": {
            "precision": 0.8259958071278826,
            "recall": 0.8775055679287305,
            "f1-score": 0.8509719222462203,
            "support": 449.0
        },
        "dog_bark": {
            "precision": 0.6368159203980099,
            "recall": 0.8552338530066815,
            "f1-score": 0.7300380228136882,
            "support": 449.0
        },
        "drilling": {
            "precision": 0.5513196480938416,
            "recall": 0.41870824053452116,
            "f1-score": 0.4759493670886076,
            "support": 449.0
        },
        "engine_idling": {
            "precision": 0.5155642023346303,
            "recall": 0.5902004454342984,
            "f1-score": 0.5503634475597092,
            "support": 449.0
        },
        "firetruck": {
            "precision": 0.9407407407407408,
            "recall": 0.8485523385300668,
            "f1-score": 0.892271662763466,
            "support": 449.0
        },
        "gun_shot": {
            "precision": 0.9315068493150684,
            "recall": 0.9714285714285714,
            "f1-score": 0.951048951048951,
            "support": 420.0
        },
        "jackhammer": {
            "precision": 0.9472295514511874,
            "recall": 0.799554565701559,
            "f1-score": 0.8671497584541062,
            "support": 449.0
        },
        "police": {
            "precision": 0.9008264462809917,
            "recall": 0.9710467706013363,
            "f1-score": 0.9346195069667739,
            "support": 449.0
        },
        "street_music": {
            "precision": 0.9041095890410958,
            "recall": 0.8819599109131403,
            "f1-score": 0.8928974069898534,
            "support": 449.0
        },
        "traffic": {
            "precision": 0.9483870967741935,
            "recall": 0.9821826280623608,
            "f1-score": 0.9649890590809628,
            "support": 449.0
        },
        "accuracy": 0.8003798998445865,
        "macro avg": {
            "precision": 0.8034407047463011,
            "recall": 0.801460533197727,
            "f1-score": 0.7992162273510088,
            "support": 5791.0
        },
        "weighted avg": {
            "precision": 0.802410354847999,
            "recall": 0.8003798998445865,
            "f1-score": 0.7981397061594833,
            "support": 5791.0
        }
    },
    "paths": {
        "best_model": "output/convnext/fold_1/checkpoint_epoch_4.pth",
        "confusion_matrix": "output/convnext/fold_1/plots/confusion_matrix.png",
        "roc_curves": "output/convnext/fold_1/plots/roc_curves.png",
        "classification_report": "output/convnext/fold_1/classification_report.json",
        "grad_cam_dir": "output/convnext/fold_1/grad_cam"
    }
}