{
    "air_conditioner": {
        "precision": 0.6359832635983264,
        "recall": 0.33853006681514475,
        "f1-score": 0.4418604651162791,
        "support": 449.0
    },
    "ambulance": {
        "precision": 0.9098360655737705,
        "recall": 0.9888641425389755,
        "f1-score": 0.9477054429028815,
        "support": 449.0
    },
    "car_horn": {
        "precision": 1.0,
        "recall": 0.975,
        "f1-score": 0.9873417721518988,
        "support": 360.0
    },
    "children_playing": {
        "precision": 0.7388663967611336,
        "recall": 0.8129175946547884,
        "f1-score": 0.7741251325556734,
        "support": 449.0
    },
    "dog_bark": {
        "precision": 0.7509433962264151,
        "recall": 0.8864142538975501,
        "f1-score": 0.8130745658835546,
        "support": 449.0
    },
    "drilling": {
        "precision": 0.49586776859504134,
        "recall": 0.9354120267260579,
        "f1-score": 0.6481481481481481,
        "support": 449.0
    },
    "engine_idling": {
        "precision": 0.6904761904761905,
        "recall": 0.8396436525612472,
        "f1-score": 0.7577889447236181,
        "support": 449.0
    },
    "firetruck": {
        "precision": 0.9919786096256684,
        "recall": 0.8262806236080178,
        "f1-score": 0.9015795868772782,
        "support": 449.0
    },
    "gun_shot": {
        "precision": 0.9090909090909091,
        "recall": 1.0,
        "f1-score": 0.9523809523809523,
        "support": 360.0
    },
    "jackhammer": {
        "precision": 0.7619047619047619,
        "recall": 0.10690423162583519,
        "f1-score": 0.1875,
        "support": 449.0
    },
    "police": {
        "precision": 0.8861283643892339,
        "recall": 0.9532293986636972,
        "f1-score": 0.9184549356223176,
        "support": 449.0
    },
    "street_music": {
        "precision": 0.8413098236775819,
        "recall": 0.7438752783964365,
        "f1-score": 0.789598108747045,
        "support": 449.0
    },
    "traffic": {
        "precision": 0.991130820399113,
        "recall": 0.9955456570155902,
        "f1-score": 0.9933333333333333,
        "support": 449.0
    },
    "accuracy": 0.7943099487541968,
    "macro avg": {
        "precision": 0.815655105409088,
        "recall": 0.8002013020387184,
        "f1-score": 0.7779147221879217,
        "support": 5659.0
    },
    "weighted avg": {
        "precision": 0.8112864038458663,
        "recall": 0.7943099487541968,
        "f1-score": 0.7718771710421406,
        "support": 5659.0
    }
}