{
    "air_conditioner": {
        "precision": 0.6101190476190477,
        "recall": 0.45657015590200445,
        "f1-score": 0.5222929936305732,
        "support": 449.0
    },
    "ambulance": {
        "precision": 0.9546436285097192,
        "recall": 0.9844097995545658,
        "f1-score": 0.9692982456140351,
        "support": 449.0
    },
    "car_horn": {
        "precision": 0.8218884120171673,
        "recall": 0.8530066815144766,
        "f1-score": 0.8371584699453551,
        "support": 449.0
    },
    "children_playing": {
        "precision": 0.899343544857768,
        "recall": 0.9153674832962138,
        "f1-score": 0.9072847682119205,
        "support": 449.0
    },
    "dog_bark": {
        "precision": 0.7619047619047619,
        "recall": 0.9977728285077951,
        "f1-score": 0.8640308582449373,
        "support": 449.0
    },
    "drilling": {
        "precision": 0.9235668789808917,
        "recall": 0.6458797327394209,
        "f1-score": 0.7601572739187418,
        "support": 449.0
    },
    "engine_idling": {
        "precision": 0.4108983799705449,
        "recall": 0.621380846325167,
        "f1-score": 0.4946808510638298,
        "support": 449.0
    },
    "firetruck": {
        "precision": 0.9930232558139535,
        "recall": 0.9510022271714922,
        "f1-score": 0.9715585893060296,
        "support": 449.0
    },
    "gun_shot": {
        "precision": 0.9808153477218226,
        "recall": 0.9738095238095238,
        "f1-score": 0.977299880525687,
        "support": 420.0
    },
    "jackhammer": {
        "precision": 0.6551724137931034,
        "recall": 0.2962138084632517,
        "f1-score": 0.40797546012269936,
        "support": 449.0
    },
    "police": {
        "precision": 0.9845814977973568,
        "recall": 0.9955456570155902,
        "f1-score": 0.9900332225913622,
        "support": 449.0
    },
    "street_music": {
        "precision": 0.7934782608695652,
        "recall": 0.9755011135857461,
        "f1-score": 0.8751248751248751,
        "support": 449.0
    },
    "traffic": {
        "precision": 1.0,
        "recall": 1.0,
        "f1-score": 1.0,
        "support": 449.0
    },
    "accuracy": 0.8197314049586777,
    "macro avg": {
        "precision": 0.8299565715273617,
        "recall": 0.820496912145019,
        "f1-score": 0.8136073452538497,
        "support": 5808.0
    },
    "weighted avg": {
        "precision": 0.8292033166186772,
        "recall": 0.8197314049586777,
        "f1-score": 0.8127900099365488,
        "support": 5808.0
    }
}