{
    "fold": 1,
    "best_epoch": 2,
    "train_loss": 0.047321708752530285,
    "val_loss": 0.6513274594131669,
    "test_loss": 1.132569487908388,
    "train_accuracy": 98.5498189967247,
    "val_accuracy": 84.28046861339395,
    "test_accuracy": 79.57174926610257,
    "classification_report": {
        "air_conditioner": {
            "precision": 0.5351473922902494,
            "recall": 0.5256124721603563,
            "f1-score": 0.5303370786516854,
            "support": 449.0
        },
        "ambulance": {
            "precision": 0.990990990990991,
            "recall": 0.9799554565701559,
            "f1-score": 0.9854423292273237,
            "support": 449.0
        },
        "car_horn": {
            "precision": 0.9181034482758621,
            "recall": 0.9861111111111112,
            "f1-score": 0.9508928571428571,
            "support": 432.0
        },
        "children_playing": {
            "precision": 0.9839357429718876,
            "recall": 0.5456570155902004,
            "f1-score": 0.7020057306590258,
            "support": 449.0
        },
        "dog_bark": {
            "precision": 0.6639741518578353,
            "recall": 0.9153674832962138,
            "f1-score": 0.7696629213483146,
            "support": 449.0
        },
        "drilling": {
            "precision": 0.9064327485380117,
            "recall": 0.6904231625835189,
            "f1-score": 0.7838179519595448,
            "support": 449.0
        },
        "engine_idling": {
            "precision": 0.3548387096774194,
            "recall": 0.6124721603563474,
            "f1-score": 0.4493464052287582,
            "support": 449.0
        },
        "firetruck": {
            "precision": 0.9954954954954955,
            "recall": 0.9844097995545658,
            "f1-score": 0.9899216125419933,
            "support": 449.0
        },
        "gun_shot": {
            "precision": 0.9813829787234043,
            "recall": 0.8785714285714286,
            "f1-score": 0.9271356783919598,
            "support": 420.0
        },
        "jackhammer": {
            "precision": 1.0,
            "recall": 0.26948775055679286,
            "f1-score": 0.4245614035087719,
            "support": 449.0
        },
        "police": {
            "precision": 0.9802631578947368,
            "recall": 0.9955456570155902,
            "f1-score": 0.9878453038674033,
            "support": 449.0
        },
        "street_music": {
            "precision": 0.7419354838709677,
            "recall": 0.9732739420935412,
            "f1-score": 0.8420038535645472,
            "support": 449.0
        },
        "traffic": {
            "precision": 0.9532908704883227,
            "recall": 1.0,
            "f1-score": 0.9760869565217392,
            "support": 449.0
        },
        "accuracy": 0.7957174926610258,
        "macro avg": {
            "precision": 0.8465993208519371,
            "recall": 0.7966836491892171,
            "f1-score": 0.7937738525087633,
            "support": 5791.0
        },
        "weighted avg": {
            "precision": 0.8457144484215314,
            "recall": 0.7957174926610258,
            "f1-score": 0.7926447701344942,
            "support": 5791.0
        }
    },
    "paths": {
        "best_model": "output/convnext/fold_1/checkpoint_epoch_2.pth",
        "confusion_matrix": "output/convnext/fold_1/plots/confusion_matrix.png",
        "roc_curves": "output/convnext/fold_1/plots/roc_curves.png",
        "classification_report": "output/convnext/fold_1/classification_report.json",
        "grad_cam_dir": "output/convnext/fold_1/grad_cam"
    }
}