{
    "fold": 8,
    "best_epoch": 2,
    "train_loss": 0.03453857788129645,
    "val_loss": 0.5826660641637516,
    "test_loss": 0.8742978636848543,
    "train_accuracy": 98.93038902786164,
    "val_accuracy": 89.53626634958383,
    "test_accuracy": 81.1274076691995,
    "classification_report": {
        "air_conditioner": {
            "precision": 0.5586206896551724,
            "recall": 0.36080178173719374,
            "f1-score": 0.43843031123139375,
            "support": 449.0
        },
        "ambulance": {
            "precision": 0.9748283752860412,
            "recall": 0.9487750556792873,
            "f1-score": 0.9616252821670429,
            "support": 449.0
        },
        "car_horn": {
            "precision": 0.9308510638297872,
            "recall": 0.9722222222222222,
            "f1-score": 0.9510869565217391,
            "support": 360.0
        },
        "children_playing": {
            "precision": 0.688,
            "recall": 0.7661469933184856,
            "f1-score": 0.7249736564805058,
            "support": 449.0
        },
        "dog_bark": {
            "precision": 0.7881188118811882,
            "recall": 0.8864142538975501,
            "f1-score": 0.8343815513626834,
            "support": 449.0
        },
        "drilling": {
            "precision": 0.6142857142857143,
            "recall": 0.9576837416481069,
            "f1-score": 0.7484769364664926,
            "support": 449.0
        },
        "engine_idling": {
            "precision": 0.6297117516629712,
            "recall": 0.6325167037861915,
            "f1-score": 0.6311111111111111,
            "support": 449.0
        },
        "firetruck": {
            "precision": 0.9313929313929314,
            "recall": 0.9977728285077951,
            "f1-score": 0.9634408602150538,
            "support": 449.0
        },
        "gun_shot": {
            "precision": 0.9836065573770492,
            "recall": 1.0,
            "f1-score": 0.9917355371900827,
            "support": 360.0
        },
        "jackhammer": {
            "precision": 0.7215189873417721,
            "recall": 0.38084632516703787,
            "f1-score": 0.49854227405247814,
            "support": 449.0
        },
        "police": {
            "precision": 0.9811764705882353,
            "recall": 0.9287305122494433,
            "f1-score": 0.954233409610984,
            "support": 449.0
        },
        "street_music": {
            "precision": 0.8400954653937948,
            "recall": 0.7839643652561247,
            "f1-score": 0.8110599078341014,
            "support": 449.0
        },
        "traffic": {
            "precision": 0.951271186440678,
            "recall": 1.0,
            "f1-score": 0.9750271444082519,
            "support": 449.0
        },
        "accuracy": 0.811274076691995,
        "macro avg": {
            "precision": 0.8148829234719488,
            "recall": 0.8166057525745722,
            "f1-score": 0.8064711491270707,
            "support": 5659.0
        },
        "weighted avg": {
            "precision": 0.8104055303089517,
            "recall": 0.811274076691995,
            "f1-score": 0.8012830704213395,
            "support": 5659.0
        }
    },
    "paths": {
        "best_model": "output/mobilenet/fold_8/checkpoint_epoch_2.pth",
        "confusion_matrix": "output/mobilenet/fold_8/plots/confusion_matrix.png",
        "roc_curves": "output/mobilenet/fold_8/plots/roc_curves.png",
        "classification_report": "output/mobilenet/fold_8/classification_report.json",
        "grad_cam_dir": "output/mobilenet/fold_8/grad_cam"
    }
}