{
    "air_conditioner": {
        "precision": 0.6726190476190477,
        "recall": 0.2516703786191537,
        "f1-score": 0.36628849270664504,
        "support": 449.0
    },
    "ambulance": {
        "precision": 0.894,
        "recall": 0.9955456570155902,
        "f1-score": 0.9420442571127503,
        "support": 449.0
    },
    "car_horn": {
        "precision": 0.9577464788732394,
        "recall": 0.6057906458797327,
        "f1-score": 0.7421555252387448,
        "support": 449.0
    },
    "children_playing": {
        "precision": 0.9214092140921409,
        "recall": 0.7572383073496659,
        "f1-score": 0.8312958435207825,
        "support": 449.0
    },
    "dog_bark": {
        "precision": 0.7953736654804271,
        "recall": 0.9955456570155902,
        "f1-score": 0.884272997032641,
        "support": 449.0
    },
    "drilling": {
        "precision": 0.8367875647668394,
        "recall": 0.7193763919821826,
        "f1-score": 0.7736526946107785,
        "support": 449.0
    },
    "engine_idling": {
        "precision": 0.480719794344473,
        "recall": 0.8329621380846325,
        "f1-score": 0.6096169519152405,
        "support": 449.0
    },
    "firetruck": {
        "precision": 0.9974424552429667,
        "recall": 0.8685968819599109,
        "f1-score": 0.9285714285714286,
        "support": 449.0
    },
    "gun_shot": {
        "precision": 0.9943502824858758,
        "recall": 0.8380952380952381,
        "f1-score": 0.9095607235142119,
        "support": 420.0
    },
    "jackhammer": {
        "precision": 0.5014492753623189,
        "recall": 0.38530066815144765,
        "f1-score": 0.4357682619647355,
        "support": 449.0
    },
    "police": {
        "precision": 0.9626373626373627,
        "recall": 0.9755011135857461,
        "f1-score": 0.9690265486725663,
        "support": 449.0
    },
    "street_music": {
        "precision": 0.5516339869281046,
        "recall": 0.9398663697104677,
        "f1-score": 0.6952224052718287,
        "support": 449.0
    },
    "traffic": {
        "precision": 0.9955654101995566,
        "recall": 1.0,
        "f1-score": 0.9977777777777778,
        "support": 449.0
    },
    "accuracy": 0.7816804407713499,
    "macro avg": {
        "precision": 0.812441118310181,
        "recall": 0.7819607267268736,
        "f1-score": 0.775788762146933,
        "support": 5808.0
    },
    "weighted avg": {
        "precision": 0.8115328253072375,
        "recall": 0.7816804407713499,
        "f1-score": 0.7751208236345964,
        "support": 5808.0
    }
}