{
    "air_conditioner": {
        "precision": 0.7591973244147158,
        "recall": 0.5055679287305123,
        "f1-score": 0.606951871657754,
        "support": 449.0
    },
    "ambulance": {
        "precision": 0.9422222222222222,
        "recall": 0.9443207126948775,
        "f1-score": 0.9432703003337041,
        "support": 449.0
    },
    "car_horn": {
        "precision": 0.8287153652392947,
        "recall": 0.8567708333333334,
        "f1-score": 0.8425096030729834,
        "support": 384.0
    },
    "children_playing": {
        "precision": 0.5648312611012434,
        "recall": 0.7082405345211581,
        "f1-score": 0.6284584980237155,
        "support": 449.0
    },
    "dog_bark": {
        "precision": 0.8920454545454546,
        "recall": 0.6993318485523385,
        "f1-score": 0.784019975031211,
        "support": 449.0
    },
    "drilling": {
        "precision": 0.47124824684431976,
        "recall": 0.7483296213808464,
        "f1-score": 0.5783132530120482,
        "support": 449.0
    },
    "engine_idling": {
        "precision": 0.7009345794392523,
        "recall": 0.5011135857461024,
        "f1-score": 0.5844155844155844,
        "support": 449.0
    },
    "firetruck": {
        "precision": 0.93058568329718,
        "recall": 0.955456570155902,
        "f1-score": 0.9428571428571428,
        "support": 449.0
    },
    "gun_shot": {
        "precision": 1.0,
        "recall": 0.956989247311828,
        "f1-score": 0.978021978021978,
        "support": 372.0
    },
    "jackhammer": {
        "precision": 0.40468227424749165,
        "recall": 0.26948775055679286,
        "f1-score": 0.3235294117647059,
        "support": 449.0
    },
    "police": {
        "precision": 0.9681093394077449,
        "recall": 0.9465478841870824,
        "f1-score": 0.9572072072072072,
        "support": 449.0
    },
    "street_music": {
        "precision": 0.62751677852349,
        "recall": 0.8329621380846325,
        "f1-score": 0.7157894736842105,
        "support": 449.0
    },
    "traffic": {
        "precision": 0.9955456570155902,
        "recall": 0.9955456570155902,
        "f1-score": 0.9955456570155902,
        "support": 449.0
    },
    "accuracy": 0.7594381035996488,
    "macro avg": {
        "precision": 0.7758180143306153,
        "recall": 0.7631280240208458,
        "f1-score": 0.7600684581613719,
        "support": 5695.0
    },
    "weighted avg": {
        "precision": 0.7721831871654518,
        "recall": 0.7594381035996488,
        "f1-score": 0.7561806450887607,
        "support": 5695.0
    }
}