{
    "fold": 9,
    "best_epoch": 4,
    "train_loss": 0.006811020299447581,
    "val_loss": 1.781333695912862,
    "test_loss": 1.6906395199994784,
    "train_accuracy": 99.77879907224465,
    "val_accuracy": 72.36260823467043,
    "test_accuracy": 76.15452151009657,
    "classification_report": {
        "air_conditioner": {
            "precision": 0.6515151515151515,
            "recall": 0.1915367483296214,
            "f1-score": 0.29604130808950085,
            "support": 449.0
        },
        "ambulance": {
            "precision": 0.9641255605381166,
            "recall": 0.9576837416481069,
            "f1-score": 0.9608938547486033,
            "support": 449.0
        },
        "car_horn": {
            "precision": 0.9814241486068112,
            "recall": 0.8255208333333334,
            "f1-score": 0.8967468175388967,
            "support": 384.0
        },
        "children_playing": {
            "precision": 0.5471698113207547,
            "recall": 0.5167037861915368,
            "f1-score": 0.5315005727376861,
            "support": 449.0
        },
        "dog_bark": {
            "precision": 0.7237354085603113,
            "recall": 0.8285077951002228,
            "f1-score": 0.7725856697819314,
            "support": 449.0
        },
        "drilling": {
            "precision": 0.6956521739130435,
            "recall": 0.6414253897550112,
            "f1-score": 0.6674391657010429,
            "support": 449.0
        },
        "engine_idling": {
            "precision": 0.760593220338983,
            "recall": 0.799554565701559,
            "f1-score": 0.7795874049945711,
            "support": 449.0
        },
        "firetruck": {
            "precision": 0.9139784946236559,
            "recall": 0.9465478841870824,
            "f1-score": 0.9299781181619255,
            "support": 449.0
        },
        "gun_shot": {
            "precision": 0.8184281842818428,
            "recall": 0.8118279569892473,
            "f1-score": 0.815114709851552,
            "support": 372.0
        },
        "jackhammer": {
            "precision": 0.5366726296958855,
            "recall": 0.6681514476614699,
            "f1-score": 0.5952380952380952,
            "support": 449.0
        },
        "police": {
            "precision": 0.9632829373650108,
            "recall": 0.9933184855233853,
            "f1-score": 0.9780701754385965,
            "support": 449.0
        },
        "street_music": {
            "precision": 0.502262443438914,
            "recall": 0.7416481069042317,
            "f1-score": 0.5989208633093526,
            "support": 449.0
        },
        "traffic": {
            "precision": 0.991130820399113,
            "recall": 0.9955456570155902,
            "f1-score": 0.9933333333333333,
            "support": 449.0
        },
        "accuracy": 0.7615452151009657,
        "macro avg": {
            "precision": 0.7730746911228917,
            "recall": 0.7629209537184921,
            "f1-score": 0.7550346222250067,
            "support": 5695.0
        },
        "weighted avg": {
            "precision": 0.7700834823942364,
            "recall": 0.7615452151009657,
            "f1-score": 0.7526048663966228,
            "support": 5695.0
        }
    },
    "paths": {
        "best_model": "output/vgg16/fold_9/checkpoint_epoch_4.pth",
        "confusion_matrix": "output/vgg16/fold_9/plots/confusion_matrix.png",
        "roc_curves": "output/vgg16/fold_9/plots/roc_curves.png",
        "classification_report": "output/vgg16/fold_9/classification_report.json",
        "grad_cam_dir": "output/vgg16/fold_9/grad_cam"
    }
}