{
    "fold": 1,
    "best_epoch": 2,
    "train_loss": 0.0840814375878535,
    "val_loss": 1.5900834437190157,
    "test_loss": 1.24938458914183,
    "train_accuracy": 97.44009653508016,
    "val_accuracy": 72.44273474383634,
    "test_accuracy": 72.26731134519082,
    "classification_report": {
        "air_conditioner": {
            "precision": 0.3482142857142857,
            "recall": 0.34743875278396436,
            "f1-score": 0.34782608695652173,
            "support": 449.0
        },
        "ambulance": {
            "precision": 0.9472527472527472,
            "recall": 0.9599109131403119,
            "f1-score": 0.9535398230088495,
            "support": 449.0
        },
        "car_horn": {
            "precision": 0.7866666666666666,
            "recall": 0.8194444444444444,
            "f1-score": 0.8027210884353742,
            "support": 432.0
        },
        "children_playing": {
            "precision": 0.4609120521172638,
            "recall": 0.6302895322939867,
            "f1-score": 0.5324553151458138,
            "support": 449.0
        },
        "dog_bark": {
            "precision": 0.7275280898876404,
            "recall": 0.576837416481069,
            "f1-score": 0.6434782608695652,
            "support": 449.0
        },
        "drilling": {
            "precision": 0.9851851851851852,
            "recall": 0.5924276169265034,
            "f1-score": 0.7399165507649513,
            "support": 449.0
        },
        "engine_idling": {
            "precision": 0.4892367906066536,
            "recall": 0.5567928730512249,
            "f1-score": 0.5208333333333334,
            "support": 449.0
        },
        "firetruck": {
            "precision": 0.9788235294117648,
            "recall": 0.9265033407572383,
            "f1-score": 0.9519450800915332,
            "support": 449.0
        },
        "gun_shot": {
            "precision": 0.6701388888888888,
            "recall": 0.919047619047619,
            "f1-score": 0.7751004016064257,
            "support": 420.0
        },
        "jackhammer": {
            "precision": 0.8396624472573839,
            "recall": 0.44320712694877507,
            "f1-score": 0.5801749271137027,
            "support": 449.0
        },
        "police": {
            "precision": 0.9466666666666667,
            "recall": 0.9487750556792873,
            "f1-score": 0.9477196885428254,
            "support": 449.0
        },
        "street_music": {
            "precision": 0.6110019646365422,
            "recall": 0.6926503340757239,
            "f1-score": 0.6492693110647182,
            "support": 449.0
        },
        "traffic": {
            "precision": 0.9142857142857143,
            "recall": 0.9977728285077951,
            "f1-score": 0.9542066027689031,
            "support": 449.0
        },
        "accuracy": 0.7226731134519081,
        "macro avg": {
            "precision": 0.7465826945059543,
            "recall": 0.7239306041644572,
            "f1-score": 0.7230143438232706,
            "support": 5791.0
        },
        "weighted avg": {
            "precision": 0.7468478374581493,
            "recall": 0.7226731134519081,
            "f1-score": 0.7225195224911835,
            "support": 5791.0
        }
    },
    "paths": {
        "best_model": "output/vgg16/fold_1/checkpoint_epoch_2.pth",
        "confusion_matrix": "output/vgg16/fold_1/plots/confusion_matrix.png",
        "roc_curves": "output/vgg16/fold_1/plots/roc_curves.png",
        "classification_report": "output/vgg16/fold_1/classification_report.json",
        "grad_cam_dir": "output/vgg16/fold_1/grad_cam"
    }
}