{
    "air_conditioner": {
        "precision": 0.5972222222222222,
        "recall": 0.2873051224944321,
        "f1-score": 0.3879699248120301,
        "support": 449.0
    },
    "ambulance": {
        "precision": 0.8206185567010309,
        "recall": 0.8864142538975501,
        "f1-score": 0.8522483940042827,
        "support": 449.0
    },
    "car_horn": {
        "precision": 0.823394495412844,
        "recall": 0.9348958333333334,
        "f1-score": 0.875609756097561,
        "support": 384.0
    },
    "children_playing": {
        "precision": 0.7062043795620438,
        "recall": 0.8619153674832962,
        "f1-score": 0.7763289869608826,
        "support": 449.0
    },
    "dog_bark": {
        "precision": 0.6277533039647577,
        "recall": 0.6347438752783965,
        "f1-score": 0.6312292358803987,
        "support": 449.0
    },
    "drilling": {
        "precision": 0.7484008528784648,
        "recall": 0.7817371937639198,
        "f1-score": 0.7647058823529411,
        "support": 449.0
    },
    "engine_idling": {
        "precision": 0.591337099811676,
        "recall": 0.6993318485523385,
        "f1-score": 0.6408163265306123,
        "support": 449.0
    },
    "firetruck": {
        "precision": 0.8289473684210527,
        "recall": 0.7015590200445434,
        "f1-score": 0.7599517490952955,
        "support": 449.0
    },
    "gun_shot": {
        "precision": 0.9342465753424658,
        "recall": 0.9166666666666666,
        "f1-score": 0.9253731343283582,
        "support": 372.0
    },
    "jackhammer": {
        "precision": 0.6757322175732218,
        "recall": 0.7193763919821826,
        "f1-score": 0.6968716289104638,
        "support": 449.0
    },
    "police": {
        "precision": 0.9228915662650602,
        "recall": 0.8530066815144766,
        "f1-score": 0.8865740740740741,
        "support": 449.0
    },
    "street_music": {
        "precision": 0.865979381443299,
        "recall": 0.7483296213808464,
        "f1-score": 0.8028673835125448,
        "support": 449.0
    },
    "traffic": {
        "precision": 0.8188679245283019,
        "recall": 0.9665924276169265,
        "f1-score": 0.8866189989785496,
        "support": 449.0
    },
    "accuracy": 0.7647058823529411,
    "macro avg": {
        "precision": 0.7662766110866494,
        "recall": 0.7686057156929931,
        "f1-score": 0.7605511904259996,
        "support": 5695.0
    },
    "weighted avg": {
        "precision": 0.7633536348392567,
        "recall": 0.7647058823529411,
        "f1-score": 0.7570094702417796,
        "support": 5695.0
    }
}