{
    "air_conditioner": {
        "precision": 0.72264631043257,
        "recall": 0.6325167037861915,
        "f1-score": 0.6745843230403801,
        "support": 449.0
    },
    "ambulance": {
        "precision": 0.8307692307692308,
        "recall": 0.9621380846325167,
        "f1-score": 0.891640866873065,
        "support": 449.0
    },
    "car_horn": {
        "precision": 0.9390243902439024,
        "recall": 0.3888888888888889,
        "f1-score": 0.55,
        "support": 396.0
    },
    "children_playing": {
        "precision": 0.48522727272727273,
        "recall": 0.9510022271714922,
        "f1-score": 0.6425884123401053,
        "support": 449.0
    },
    "dog_bark": {
        "precision": 0.7819025522041764,
        "recall": 0.7505567928730512,
        "f1-score": 0.7659090909090909,
        "support": 449.0
    },
    "drilling": {
        "precision": 0.7266811279826464,
        "recall": 0.7461024498886414,
        "f1-score": 0.7362637362637363,
        "support": 449.0
    },
    "engine_idling": {
        "precision": 0.5607476635514018,
        "recall": 0.534521158129176,
        "f1-score": 0.5473204104903079,
        "support": 449.0
    },
    "firetruck": {
        "precision": 0.8526077097505669,
        "recall": 0.8374164810690423,
        "f1-score": 0.8449438202247191,
        "support": 449.0
    },
    "gun_shot": {
        "precision": 0.9667590027700831,
        "recall": 0.9088541666666666,
        "f1-score": 0.9369127516778524,
        "support": 384.0
    },
    "jackhammer": {
        "precision": 0.9775641025641025,
        "recall": 0.6792873051224945,
        "f1-score": 0.8015768725361366,
        "support": 449.0
    },
    "police": {
        "precision": 0.9448275862068966,
        "recall": 0.9153674832962138,
        "f1-score": 0.9298642533936652,
        "support": 449.0
    },
    "street_music": {
        "precision": 0.7359413202933985,
        "recall": 0.6703786191536748,
        "f1-score": 0.7016317016317016,
        "support": 449.0
    },
    "traffic": {
        "precision": 0.9235537190082644,
        "recall": 0.9955456570155902,
        "f1-score": 0.9581993569131833,
        "support": 449.0
    },
    "accuracy": 0.769015562161217,
    "macro avg": {
        "precision": 0.8037116914234242,
        "recall": 0.7671212321302802,
        "f1-score": 0.7678027381764572,
        "support": 5719.0
    },
    "weighted avg": {
        "precision": 0.8006045663534785,
        "recall": 0.769015562161217,
        "f1-score": 0.7678991526275433,
        "support": 5719.0
    }
}