{
    "air_conditioner": {
        "precision": 0.30835734870317005,
        "recall": 0.2383073496659243,
        "f1-score": 0.26884422110552764,
        "support": 449.0
    },
    "ambulance": {
        "precision": 0.8906560636182903,
        "recall": 0.9977728285077951,
        "f1-score": 0.9411764705882353,
        "support": 449.0
    },
    "car_horn": {
        "precision": 0.9784615384615385,
        "recall": 0.9464285714285714,
        "f1-score": 0.962178517397882,
        "support": 336.0
    },
    "children_playing": {
        "precision": 0.6062407132243685,
        "recall": 0.9086859688195991,
        "f1-score": 0.7272727272727273,
        "support": 449.0
    },
    "dog_bark": {
        "precision": 0.8033826638477801,
        "recall": 0.8463251670378619,
        "f1-score": 0.824295010845987,
        "support": 449.0
    },
    "drilling": {
        "precision": 0.7894736842105263,
        "recall": 0.8351893095768375,
        "f1-score": 0.8116883116883117,
        "support": 449.0
    },
    "engine_idling": {
        "precision": 0.37057220708446864,
        "recall": 0.6057906458797327,
        "f1-score": 0.45984784446322907,
        "support": 449.0
    },
    "firetruck": {
        "precision": 0.9782082324455206,
        "recall": 0.8997772828507795,
        "f1-score": 0.9373549883990719,
        "support": 449.0
    },
    "gun_shot": {
        "precision": 0.9630931458699473,
        "recall": 0.9927536231884058,
        "f1-score": 0.9776984834968778,
        "support": 552.0
    },
    "jackhammer": {
        "precision": 0.7560975609756098,
        "recall": 0.06904231625835189,
        "f1-score": 0.12653061224489795,
        "support": 449.0
    },
    "police": {
        "precision": 0.9840182648401826,
        "recall": 0.9599109131403119,
        "f1-score": 0.971815107102593,
        "support": 449.0
    },
    "street_music": {
        "precision": 0.8825065274151436,
        "recall": 0.7527839643652561,
        "f1-score": 0.8125,
        "support": 449.0
    },
    "traffic": {
        "precision": 0.9646799116997793,
        "recall": 0.9732739420935412,
        "f1-score": 0.9689578713968958,
        "support": 449.0
    },
    "accuracy": 0.7717521880899262,
    "macro avg": {
        "precision": 0.7904421432612558,
        "recall": 0.771233990985613,
        "f1-score": 0.7530892435386337,
        "support": 5827.0
    },
    "weighted avg": {
        "precision": 0.7898478171262057,
        "recall": 0.7717521880899262,
        "f1-score": 0.753004751307572,
        "support": 5827.0
    }
}