{
    "air_conditioner": {
        "precision": 0.4645308924485126,
        "recall": 0.4521158129175947,
        "f1-score": 0.4582392776523702,
        "support": 449.0
    },
    "ambulance": {
        "precision": 0.8983050847457628,
        "recall": 0.9443207126948775,
        "f1-score": 0.9207383279044516,
        "support": 449.0
    },
    "car_horn": {
        "precision": 0.9674418604651163,
        "recall": 0.6190476190476191,
        "f1-score": 0.7549909255898367,
        "support": 336.0
    },
    "children_playing": {
        "precision": 0.8535564853556485,
        "recall": 0.9086859688195991,
        "f1-score": 0.8802588996763754,
        "support": 449.0
    },
    "dog_bark": {
        "precision": 0.9156976744186046,
        "recall": 0.7015590200445434,
        "f1-score": 0.7944514501891551,
        "support": 449.0
    },
    "drilling": {
        "precision": 0.8768844221105527,
        "recall": 0.77728285077951,
        "f1-score": 0.8240850059031877,
        "support": 449.0
    },
    "engine_idling": {
        "precision": 0.3465491923641703,
        "recall": 0.5256124721603563,
        "f1-score": 0.4176991150442478,
        "support": 449.0
    },
    "firetruck": {
        "precision": 0.9453681710213777,
        "recall": 0.8864142538975501,
        "f1-score": 0.9149425287356322,
        "support": 449.0
    },
    "gun_shot": {
        "precision": 0.9566724436741768,
        "recall": 1.0,
        "f1-score": 0.9778565101860053,
        "support": 552.0
    },
    "jackhammer": {
        "precision": 0.5032894736842105,
        "recall": 0.34075723830734966,
        "f1-score": 0.4063745019920319,
        "support": 449.0
    },
    "police": {
        "precision": 0.9092920353982301,
        "recall": 0.9153674832962138,
        "f1-score": 0.9123196448390677,
        "support": 449.0
    },
    "street_music": {
        "precision": 0.6759868421052632,
        "recall": 0.9153674832962138,
        "f1-score": 0.7776726584673604,
        "support": 449.0
    },
    "traffic": {
        "precision": 0.975,
        "recall": 0.955456570155902,
        "f1-score": 0.9651293588301463,
        "support": 449.0
    },
    "accuracy": 0.7717521880899262,
    "macro avg": {
        "precision": 0.7914288136762789,
        "recall": 0.7647682681090254,
        "f1-score": 0.7695967850007592,
        "support": 5827.0
    },
    "weighted avg": {
        "precision": 0.7909363852573059,
        "recall": 0.7717521880899262,
        "f1-score": 0.7735612974098057,
        "support": 5827.0
    }
}