{
    "fold": 10,
    "best_epoch": 3,
    "train_loss": 0.2997223449540433,
    "val_loss": 0.5457031701572417,
    "test_loss": 0.6125948961578414,
    "train_accuracy": 90.92336143127473,
    "val_accuracy": 84.21422300263389,
    "test_accuracy": 81.86745934603952,
    "classification_report": {
        "air_conditioner": {
            "precision": 0.7559241706161137,
            "recall": 0.7104677060133631,
            "f1-score": 0.7324913892078071,
            "support": 449.0
        },
        "ambulance": {
            "precision": 0.8537074148296593,
            "recall": 0.9487750556792873,
            "f1-score": 0.8987341772151899,
            "support": 449.0
        },
        "car_horn": {
            "precision": 0.9441624365482234,
            "recall": 0.4696969696969697,
            "f1-score": 0.627318718381113,
            "support": 396.0
        },
        "children_playing": {
            "precision": 0.7479674796747967,
            "recall": 0.8195991091314031,
            "f1-score": 0.7821466524973433,
            "support": 449.0
        },
        "dog_bark": {
            "precision": 0.7814070351758794,
            "recall": 0.6926503340757239,
            "f1-score": 0.7343565525383707,
            "support": 449.0
        },
        "drilling": {
            "precision": 0.8183856502242153,
            "recall": 0.8129175946547884,
            "f1-score": 0.8156424581005587,
            "support": 449.0
        },
        "engine_idling": {
            "precision": 0.7829099307159353,
            "recall": 0.755011135857461,
            "f1-score": 0.7687074829931972,
            "support": 449.0
        },
        "firetruck": {
            "precision": 0.9266503667481663,
            "recall": 0.844097995545657,
            "f1-score": 0.8834498834498834,
            "support": 449.0
        },
        "gun_shot": {
            "precision": 0.9353233830845771,
            "recall": 0.9791666666666666,
            "f1-score": 0.9567430025445293,
            "support": 384.0
        },
        "jackhammer": {
            "precision": 0.8200836820083682,
            "recall": 0.8730512249443207,
            "f1-score": 0.8457389428263214,
            "support": 449.0
        },
        "police": {
            "precision": 0.8848614072494669,
            "recall": 0.9242761692650334,
            "f1-score": 0.9041394335511983,
            "support": 449.0
        },
        "street_music": {
            "precision": 0.5944170771756979,
            "recall": 0.8062360801781737,
            "f1-score": 0.6843100189035917,
            "support": 449.0
        },
        "traffic": {
            "precision": 0.9548387096774194,
            "recall": 0.9888641425389755,
            "f1-score": 0.9715536105032823,
            "support": 449.0
        },
        "accuracy": 0.8186745934603952,
        "macro avg": {
            "precision": 0.8308183649021939,
            "recall": 0.8172930910959865,
            "f1-score": 0.8157947940547989,
            "support": 5719.0
        },
        "weighted avg": {
            "precision": 0.8285802005414499,
            "recall": 0.8186745934603952,
            "f1-score": 0.8159395043990675,
            "support": 5719.0
        }
    },
    "paths": {
        "best_model": "output/convnext/fold_10/checkpoint_epoch_3.pth",
        "confusion_matrix": "output/convnext/fold_10/plots/confusion_matrix.png",
        "roc_curves": "output/convnext/fold_10/plots/roc_curves.png",
        "classification_report": "output/convnext/fold_10/classification_report.json",
        "grad_cam_dir": "output/convnext/fold_10/grad_cam"
    }
}