{
    "fold": 10,
    "best_epoch": 4,
    "train_loss": 0.11819372421397636,
    "val_loss": 1.524570663704856,
    "test_loss": 1.5390008372650632,
    "train_accuracy": 96.41106141407191,
    "val_accuracy": 74.89025460930641,
    "test_accuracy": 72.00559538380836,
    "classification_report": {
        "air_conditioner": {
            "precision": 0.7044334975369458,
            "recall": 0.6369710467706013,
            "f1-score": 0.6690058479532164,
            "support": 449.0
        },
        "ambulance": {
            "precision": 0.9110169491525424,
            "recall": 0.9576837416481069,
            "f1-score": 0.9337676438653637,
            "support": 449.0
        },
        "car_horn": {
            "precision": 0.904,
            "recall": 0.28535353535353536,
            "f1-score": 0.43378119001919385,
            "support": 396.0
        },
        "children_playing": {
            "precision": 0.5340050377833753,
            "recall": 0.47216035634743875,
            "f1-score": 0.5011820330969267,
            "support": 449.0
        },
        "dog_bark": {
            "precision": 0.7813852813852814,
            "recall": 0.8040089086859689,
            "f1-score": 0.7925356750823271,
            "support": 449.0
        },
        "drilling": {
            "precision": 0.5221518987341772,
            "recall": 0.3674832962138085,
            "f1-score": 0.43137254901960786,
            "support": 449.0
        },
        "engine_idling": {
            "precision": 0.6892950391644909,
            "recall": 0.5879732739420935,
            "f1-score": 0.6346153846153846,
            "support": 449.0
        },
        "firetruck": {
            "precision": 0.8737270875763747,
            "recall": 0.955456570155902,
            "f1-score": 0.9127659574468086,
            "support": 449.0
        },
        "gun_shot": {
            "precision": 0.9695431472081218,
            "recall": 0.9947916666666666,
            "f1-score": 0.9820051413881749,
            "support": 384.0
        },
        "jackhammer": {
            "precision": 0.5567685589519651,
            "recall": 0.5679287305122495,
            "f1-score": 0.5622932745314223,
            "support": 449.0
        },
        "police": {
            "precision": 0.9342403628117913,
            "recall": 0.9175946547884187,
            "f1-score": 0.9258426966292135,
            "support": 449.0
        },
        "street_music": {
            "precision": 0.40155728587319245,
            "recall": 0.8040089086859689,
            "f1-score": 0.5356083086053413,
            "support": 449.0
        },
        "traffic": {
            "precision": 0.9431578947368421,
            "recall": 0.9977728285077951,
            "f1-score": 0.9696969696969697,
            "support": 449.0
        },
        "accuracy": 0.7200559538380836,
        "macro avg": {
            "precision": 0.7480986185319308,
            "recall": 0.7191682706368118,
            "f1-score": 0.7141902055346114,
            "support": 5719.0
        },
        "weighted avg": {
            "precision": 0.744136970065108,
            "recall": 0.7200559538380836,
            "f1-score": 0.7137449715761984,
            "support": 5719.0
        }
    },
    "paths": {
        "best_model": "output/alexnet/fold_10/checkpoint_epoch_4.pth",
        "confusion_matrix": "output/alexnet/fold_10/plots/confusion_matrix.png",
        "roc_curves": "output/alexnet/fold_10/plots/roc_curves.png",
        "classification_report": "output/alexnet/fold_10/classification_report.json",
        "grad_cam_dir": "output/alexnet/fold_10/grad_cam"
    }
}