{
    "fold": 10,
    "best_epoch": 3,
    "train_loss": 0.010397170209670832,
    "val_loss": 1.5256001737978735,
    "test_loss": 1.4623046714897308,
    "train_accuracy": 99.65379322208842,
    "val_accuracy": 79.01668129938543,
    "test_accuracy": 76.41196013289037,
    "classification_report": {
        "air_conditioner": {
            "precision": 0.5875706214689266,
            "recall": 0.9265033407572383,
            "f1-score": 0.7191011235955056,
            "support": 449.0
        },
        "ambulance": {
            "precision": 0.8551859099804305,
            "recall": 0.9732739420935412,
            "f1-score": 0.9104166666666667,
            "support": 449.0
        },
        "car_horn": {
            "precision": 0.9907834101382489,
            "recall": 0.5429292929292929,
            "f1-score": 0.7014681892332789,
            "support": 396.0
        },
        "children_playing": {
            "precision": 0.6908212560386473,
            "recall": 0.6369710467706013,
            "f1-score": 0.6628041714947857,
            "support": 449.0
        },
        "dog_bark": {
            "precision": 0.7608200455580866,
            "recall": 0.7438752783964365,
            "f1-score": 0.7522522522522522,
            "support": 449.0
        },
        "drilling": {
            "precision": 0.584070796460177,
            "recall": 0.734966592427617,
            "f1-score": 0.650887573964497,
            "support": 449.0
        },
        "engine_idling": {
            "precision": 0.6505376344086021,
            "recall": 0.26948775055679286,
            "f1-score": 0.38110236220472443,
            "support": 449.0
        },
        "firetruck": {
            "precision": 0.8429752066115702,
            "recall": 0.9086859688195991,
            "f1-score": 0.8745980707395499,
            "support": 449.0
        },
        "gun_shot": {
            "precision": 0.8152866242038217,
            "recall": 1.0,
            "f1-score": 0.8982456140350877,
            "support": 384.0
        },
        "jackhammer": {
            "precision": 0.875886524822695,
            "recall": 0.5501113585746102,
            "f1-score": 0.6757865937072504,
            "support": 449.0
        },
        "police": {
            "precision": 0.9902676399026764,
            "recall": 0.9064587973273942,
            "f1-score": 0.9465116279069767,
            "support": 449.0
        },
        "street_music": {
            "precision": 0.5909090909090909,
            "recall": 0.7527839643652561,
            "f1-score": 0.6620959843290891,
            "support": 449.0
        },
        "traffic": {
            "precision": 0.9738562091503268,
            "recall": 0.9955456570155902,
            "f1-score": 0.9845814977973568,
            "support": 449.0
        },
        "accuracy": 0.7641196013289037,
        "macro avg": {
            "precision": 0.7853054592041,
            "recall": 0.7647379223103055,
            "f1-score": 0.7553732098405401,
            "support": 5719.0
        },
        "weighted avg": {
            "precision": 0.7830604675754077,
            "recall": 0.7641196013289037,
            "f1-score": 0.7542489328374872,
            "support": 5719.0
        }
    },
    "paths": {
        "best_model": "output/vgg16/fold_10/checkpoint_epoch_3.pth",
        "confusion_matrix": "output/vgg16/fold_10/plots/confusion_matrix.png",
        "roc_curves": "output/vgg16/fold_10/plots/roc_curves.png",
        "classification_report": "output/vgg16/fold_10/classification_report.json",
        "grad_cam_dir": "output/vgg16/fold_10/grad_cam"
    }
}