{
    "air_conditioner": {
        "precision": 0.2167689161554192,
        "recall": 0.23608017817371937,
        "f1-score": 0.2260127931769723,
        "support": 449.0
    },
    "ambulance": {
        "precision": 0.9130434782608695,
        "recall": 0.9821826280623608,
        "f1-score": 0.9463519313304721,
        "support": 449.0
    },
    "car_horn": {
        "precision": 1.0,
        "recall": 0.7839643652561247,
        "f1-score": 0.8789013732833958,
        "support": 449.0
    },
    "children_playing": {
        "precision": 0.679144385026738,
        "recall": 0.5657015590200446,
        "f1-score": 0.6172539489671932,
        "support": 449.0
    },
    "dog_bark": {
        "precision": 0.6890909090909091,
        "recall": 0.844097995545657,
        "f1-score": 0.7587587587587588,
        "support": 449.0
    },
    "drilling": {
        "precision": 0.5754560530679934,
        "recall": 0.7728285077951003,
        "f1-score": 0.6596958174904943,
        "support": 449.0
    },
    "engine_idling": {
        "precision": 0.27104722792607805,
        "recall": 0.29398663697104677,
        "f1-score": 0.28205128205128205,
        "support": 449.0
    },
    "firetruck": {
        "precision": 0.976905311778291,
        "recall": 0.9420935412026726,
        "f1-score": 0.9591836734693877,
        "support": 449.0
    },
    "gun_shot": {
        "precision": 0.9910313901345291,
        "recall": 0.9692982456140351,
        "f1-score": 0.9800443458980045,
        "support": 456.0
    },
    "jackhammer": {
        "precision": 0.47280334728033474,
        "recall": 0.2516703786191537,
        "f1-score": 0.32848837209302323,
        "support": 449.0
    },
    "police": {
        "precision": 0.9930394431554525,
        "recall": 0.9532293986636972,
        "f1-score": 0.9727272727272728,
        "support": 449.0
    },
    "street_music": {
        "precision": 0.5579567779960707,
        "recall": 0.6325167037861915,
        "f1-score": 0.592901878914405,
        "support": 449.0
    },
    "traffic": {
        "precision": 0.9776785714285714,
        "recall": 0.9755011135857461,
        "f1-score": 0.9765886287625418,
        "support": 449.0
    },
    "accuracy": 0.7082477754962354,
    "macro avg": {
        "precision": 0.7164589085616352,
        "recall": 0.7079347117150423,
        "f1-score": 0.7060738520710157,
        "support": 5844.0
    },
    "weighted avg": {
        "precision": 0.7167877941487347,
        "recall": 0.7082477754962354,
        "f1-score": 0.7064020165913423,
        "support": 5844.0
    }
}