{
    "air_conditioner": {
        "precision": 0.5807860262008734,
        "recall": 0.2962138084632517,
        "f1-score": 0.39233038348082594,
        "support": 449.0
    },
    "ambulance": {
        "precision": 0.9586056644880174,
        "recall": 0.9799554565701559,
        "f1-score": 0.9691629955947136,
        "support": 449.0
    },
    "car_horn": {
        "precision": 0.7775377969762419,
        "recall": 1.0,
        "f1-score": 0.8748481166464156,
        "support": 360.0
    },
    "children_playing": {
        "precision": 0.8838526912181303,
        "recall": 0.6948775055679287,
        "f1-score": 0.7780548628428927,
        "support": 449.0
    },
    "dog_bark": {
        "precision": 0.7804428044280443,
        "recall": 0.9420935412026726,
        "f1-score": 0.8536831483350151,
        "support": 449.0
    },
    "drilling": {
        "precision": 0.5106382978723404,
        "recall": 0.9086859688195991,
        "f1-score": 0.6538461538461539,
        "support": 449.0
    },
    "engine_idling": {
        "precision": 0.6996587030716723,
        "recall": 0.45657015590200445,
        "f1-score": 0.5525606469002695,
        "support": 449.0
    },
    "firetruck": {
        "precision": 0.9817767653758542,
        "recall": 0.9599109131403119,
        "f1-score": 0.9707207207207207,
        "support": 449.0
    },
    "gun_shot": {
        "precision": 0.9703504043126685,
        "recall": 1.0,
        "f1-score": 0.9849521203830369,
        "support": 360.0
    },
    "jackhammer": {
        "precision": 0.48325358851674644,
        "recall": 0.22494432071269488,
        "f1-score": 0.3069908814589666,
        "support": 449.0
    },
    "police": {
        "precision": 0.9513274336283186,
        "recall": 0.9576837416481069,
        "f1-score": 0.9544950055493896,
        "support": 449.0
    },
    "street_music": {
        "precision": 0.5923460898502496,
        "recall": 0.7928730512249443,
        "f1-score": 0.6780952380952381,
        "support": 449.0
    },
    "traffic": {
        "precision": 0.9955456570155902,
        "recall": 0.9955456570155902,
        "f1-score": 0.9955456570155902,
        "support": 449.0
    },
    "accuracy": 0.7785827884785298,
    "macro avg": {
        "precision": 0.7820093786888267,
        "recall": 0.7853349323282509,
        "f1-score": 0.76656045622071,
        "support": 5659.0
    },
    "weighted avg": {
        "precision": 0.7791176344746367,
        "recall": 0.7785827884785298,
        "f1-score": 0.7614227181241671,
        "support": 5659.0
    }
}