{
    "air_conditioner": {
        "precision": 0.47619047619047616,
        "recall": 0.24498886414253898,
        "f1-score": 0.3235294117647059,
        "support": 449.0
    },
    "ambulance": {
        "precision": 0.8728606356968215,
        "recall": 0.7951002227171492,
        "f1-score": 0.8321678321678322,
        "support": 449.0
    },
    "car_horn": {
        "precision": 0.9052631578947369,
        "recall": 0.9555555555555556,
        "f1-score": 0.9297297297297298,
        "support": 360.0
    },
    "children_playing": {
        "precision": 0.7039337474120083,
        "recall": 0.7572383073496659,
        "f1-score": 0.7296137339055794,
        "support": 449.0
    },
    "dog_bark": {
        "precision": 0.8447058823529412,
        "recall": 0.799554565701559,
        "f1-score": 0.8215102974828375,
        "support": 449.0
    },
    "drilling": {
        "precision": 0.6311030741410488,
        "recall": 0.77728285077951,
        "f1-score": 0.6966067864271457,
        "support": 449.0
    },
    "engine_idling": {
        "precision": 0.5145985401459854,
        "recall": 0.6280623608017817,
        "f1-score": 0.5656970912738215,
        "support": 449.0
    },
    "firetruck": {
        "precision": 0.779245283018868,
        "recall": 0.9198218262806236,
        "f1-score": 0.8437180796731358,
        "support": 449.0
    },
    "gun_shot": {
        "precision": 0.8560975609756097,
        "recall": 0.975,
        "f1-score": 0.9116883116883117,
        "support": 360.0
    },
    "jackhammer": {
        "precision": 0.6351351351351351,
        "recall": 0.41870824053452116,
        "f1-score": 0.5046979865771812,
        "support": 449.0
    },
    "police": {
        "precision": 0.9066059225512528,
        "recall": 0.8864142538975501,
        "f1-score": 0.8963963963963963,
        "support": 449.0
    },
    "street_music": {
        "precision": 0.6567460317460317,
        "recall": 0.7371937639198218,
        "f1-score": 0.6946484784889821,
        "support": 449.0
    },
    "traffic": {
        "precision": 0.9645232815964523,
        "recall": 0.9688195991091314,
        "f1-score": 0.9666666666666667,
        "support": 449.0
    },
    "accuracy": 0.7522530482417388,
    "macro avg": {
        "precision": 0.7497699022197976,
        "recall": 0.758749262368416,
        "f1-score": 0.747436215557102,
        "support": 5659.0
    },
    "weighted avg": {
        "precision": 0.7456522027350234,
        "recall": 0.7522530482417388,
        "f1-score": 0.7419860372010247,
        "support": 5659.0
    }
}