{
    "air_conditioner": {
        "precision": 0.6418918918918919,
        "recall": 0.21158129175946547,
        "f1-score": 0.31825795644891125,
        "support": 449.0
    },
    "ambulance": {
        "precision": 0.9780701754385965,
        "recall": 0.9933184855233853,
        "f1-score": 0.9856353591160221,
        "support": 449.0
    },
    "car_horn": {
        "precision": 0.9276807980049875,
        "recall": 0.96875,
        "f1-score": 0.9477707006369427,
        "support": 384.0
    },
    "children_playing": {
        "precision": 0.7354409317803661,
        "recall": 0.9844097995545658,
        "f1-score": 0.8419047619047619,
        "support": 449.0
    },
    "dog_bark": {
        "precision": 0.7743732590529248,
        "recall": 0.6191536748329621,
        "f1-score": 0.6881188118811881,
        "support": 449.0
    },
    "drilling": {
        "precision": 0.8133047210300429,
        "recall": 0.844097995545657,
        "f1-score": 0.8284153005464481,
        "support": 449.0
    },
    "engine_idling": {
        "precision": 0.7526315789473684,
        "recall": 0.955456570155902,
        "f1-score": 0.8420019627085378,
        "support": 449.0
    },
    "firetruck": {
        "precision": 0.9911504424778761,
        "recall": 0.9977728285077951,
        "f1-score": 0.9944506104328524,
        "support": 449.0
    },
    "gun_shot": {
        "precision": 0.9782016348773842,
        "recall": 0.9650537634408602,
        "f1-score": 0.9715832205683356,
        "support": 372.0
    },
    "jackhammer": {
        "precision": 0.8263598326359832,
        "recall": 0.8797327394209354,
        "f1-score": 0.8522114347357066,
        "support": 449.0
    },
    "police": {
        "precision": 0.9977116704805492,
        "recall": 0.9710467706013363,
        "f1-score": 0.9841986455981941,
        "support": 449.0
    },
    "street_music": {
        "precision": 0.7390438247011952,
        "recall": 0.8262806236080178,
        "f1-score": 0.7802313354363828,
        "support": 449.0
    },
    "traffic": {
        "precision": 0.980349344978166,
        "recall": 1.0,
        "f1-score": 0.9900771775082691,
        "support": 449.0
    },
    "accuracy": 0.8602282704126427,
    "macro avg": {
        "precision": 0.8566315466382564,
        "recall": 0.862819580226991,
        "f1-score": 0.8480659444248118,
        "support": 5695.0
    },
    "weighted avg": {
        "precision": 0.854176920100372,
        "recall": 0.8602282704126427,
        "f1-score": 0.8452579304798002,
        "support": 5695.0
    }
}