{
    "fold": 7,
    "best_epoch": 3,
    "train_loss": 0.05645167665922733,
    "val_loss": 1.239055047522035,
    "test_loss": 1.4603621979622008,
    "train_accuracy": 98.22093325253225,
    "val_accuracy": 78.06761626909216,
    "test_accuracy": 72.6346186512655,
    "classification_report": {
        "air_conditioner": {
            "precision": 0.28431372549019607,
            "recall": 0.32293986636971045,
            "f1-score": 0.3023983315954119,
            "support": 449.0
        },
        "ambulance": {
            "precision": 0.91875,
            "recall": 0.9821826280623608,
            "f1-score": 0.9494079655543596,
            "support": 449.0
        },
        "car_horn": {
            "precision": 0.9690721649484536,
            "recall": 0.8392857142857143,
            "f1-score": 0.8995215311004785,
            "support": 336.0
        },
        "children_playing": {
            "precision": 0.7511111111111111,
            "recall": 0.7527839643652561,
            "f1-score": 0.7519466073414905,
            "support": 449.0
        },
        "dog_bark": {
            "precision": 0.5788005578800558,
            "recall": 0.9242761692650334,
            "f1-score": 0.7118353344768439,
            "support": 449.0
        },
        "drilling": {
            "precision": 0.5479651162790697,
            "recall": 0.8396436525612472,
            "f1-score": 0.6631486367634125,
            "support": 449.0
        },
        "engine_idling": {
            "precision": 0.4386317907444668,
            "recall": 0.48552338530066813,
            "f1-score": 0.4608879492600423,
            "support": 449.0
        },
        "firetruck": {
            "precision": 0.9794520547945206,
            "recall": 0.955456570155902,
            "f1-score": 0.9673055242390078,
            "support": 449.0
        },
        "gun_shot": {
            "precision": 1.0,
            "recall": 0.6519607843137255,
            "f1-score": 0.7893175074183977,
            "support": 612.0
        },
        "jackhammer": {
            "precision": 0.4573643410852713,
            "recall": 0.13140311804008908,
            "f1-score": 0.2041522491349481,
            "support": 449.0
        },
        "police": {
            "precision": 0.9880952380952381,
            "recall": 0.9242761692650334,
            "f1-score": 0.9551208285385501,
            "support": 449.0
        },
        "street_music": {
            "precision": 0.7786069651741293,
            "recall": 0.6971046770601337,
            "f1-score": 0.7356051703877791,
            "support": 449.0
        },
        "traffic": {
            "precision": 0.9549356223175965,
            "recall": 0.9910913140311804,
            "f1-score": 0.9726775956284153,
            "support": 449.0
        },
        "accuracy": 0.726346186512655,
        "macro avg": {
            "precision": 0.742084514455393,
            "recall": 0.7306098471596966,
            "f1-score": 0.7202557870337797,
            "support": 5887.0
        },
        "weighted avg": {
            "precision": 0.7448687202712678,
            "recall": 0.726346186512655,
            "f1-score": 0.718727000103791,
            "support": 5887.0
        }
    },
    "paths": {
        "best_model": "output/alexnet/fold_7/checkpoint_epoch_3.pth",
        "confusion_matrix": "output/alexnet/fold_7/plots/confusion_matrix.png",
        "roc_curves": "output/alexnet/fold_7/plots/roc_curves.png",
        "classification_report": "output/alexnet/fold_7/classification_report.json",
        "grad_cam_dir": "output/alexnet/fold_7/grad_cam"
    }
}