{
    "air_conditioner": {
        "precision": 0.7037037037037037,
        "recall": 0.888641425389755,
        "f1-score": 0.7854330708661418,
        "support": 449.0
    },
    "ambulance": {
        "precision": 0.9430379746835443,
        "recall": 0.9955456570155902,
        "f1-score": 0.9685807150595883,
        "support": 449.0
    },
    "car_horn": {
        "precision": 0.9466019417475728,
        "recall": 0.49242424242424243,
        "f1-score": 0.6478405315614618,
        "support": 396.0
    },
    "children_playing": {
        "precision": 0.7203579418344519,
        "recall": 0.7171492204899778,
        "f1-score": 0.71875,
        "support": 449.0
    },
    "dog_bark": {
        "precision": 0.9688581314878892,
        "recall": 0.623608017817372,
        "f1-score": 0.7588075880758808,
        "support": 449.0
    },
    "drilling": {
        "precision": 0.7521551724137931,
        "recall": 0.77728285077951,
        "f1-score": 0.764512595837897,
        "support": 449.0
    },
    "engine_idling": {
        "precision": 0.7642436149312377,
        "recall": 0.8663697104677061,
        "f1-score": 0.8121085594989561,
        "support": 449.0
    },
    "firetruck": {
        "precision": 0.9908883826879271,
        "recall": 0.9688195991091314,
        "f1-score": 0.9797297297297297,
        "support": 449.0
    },
    "gun_shot": {
        "precision": 0.9142857142857143,
        "recall": 1.0,
        "f1-score": 0.9552238805970149,
        "support": 384.0
    },
    "jackhammer": {
        "precision": 0.8680738786279684,
        "recall": 0.732739420935412,
        "f1-score": 0.7946859903381642,
        "support": 449.0
    },
    "police": {
        "precision": 0.9977064220183486,
        "recall": 0.9688195991091314,
        "f1-score": 0.9830508474576272,
        "support": 449.0
    },
    "street_music": {
        "precision": 0.6177847113884556,
        "recall": 0.8819599109131403,
        "f1-score": 0.726605504587156,
        "support": 449.0
    },
    "traffic": {
        "precision": 1.0,
        "recall": 0.9977728285077951,
        "f1-score": 0.9988851727982163,
        "support": 449.0
    },
    "accuracy": 0.8407064172058052,
    "macro avg": {
        "precision": 0.8605921222931237,
        "recall": 0.8393178833045204,
        "f1-score": 0.8380164758775257,
        "support": 5719.0
    },
    "weighted avg": {
        "precision": 0.8591847776680835,
        "recall": 0.8407064172058052,
        "f1-score": 0.8384467685409257,
        "support": 5719.0
    }
}