{
    "fold": 9,
    "best_epoch": 2,
    "train_loss": 0.03140743264481029,
    "val_loss": 0.8853193553441241,
    "test_loss": 0.764199263056661,
    "train_accuracy": 99.01211236148097,
    "val_accuracy": 81.5868528008482,
    "test_accuracy": 83.23090430201931,
    "classification_report": {
        "air_conditioner": {
            "precision": 0.4945054945054945,
            "recall": 0.20044543429844097,
            "f1-score": 0.28526148969889065,
            "support": 449.0
        },
        "ambulance": {
            "precision": 0.9929411764705882,
            "recall": 0.9398663697104677,
            "f1-score": 0.965675057208238,
            "support": 449.0
        },
        "car_horn": {
            "precision": 0.9193548387096774,
            "recall": 0.890625,
            "f1-score": 0.9047619047619048,
            "support": 384.0
        },
        "children_playing": {
            "precision": 0.8676470588235294,
            "recall": 0.9198218262806236,
            "f1-score": 0.892972972972973,
            "support": 449.0
        },
        "dog_bark": {
            "precision": 0.5842293906810035,
            "recall": 0.7260579064587973,
            "f1-score": 0.64746772591857,
            "support": 449.0
        },
        "drilling": {
            "precision": 0.7418546365914787,
            "recall": 0.6592427616926503,
            "f1-score": 0.6981132075471698,
            "support": 449.0
        },
        "engine_idling": {
            "precision": 0.725328947368421,
            "recall": 0.9821826280623608,
            "f1-score": 0.8344370860927153,
            "support": 449.0
        },
        "firetruck": {
            "precision": 0.986784140969163,
            "recall": 0.9977728285077951,
            "f1-score": 0.9922480620155039,
            "support": 449.0
        },
        "gun_shot": {
            "precision": 1.0,
            "recall": 0.8064516129032258,
            "f1-score": 0.8928571428571429,
            "support": 372.0
        },
        "jackhammer": {
            "precision": 0.7522603978300181,
            "recall": 0.9265033407572383,
            "f1-score": 0.8303393213572854,
            "support": 449.0
        },
        "police": {
            "precision": 0.9632034632034632,
            "recall": 0.9910913140311804,
            "f1-score": 0.9769484083424808,
            "support": 449.0
        },
        "street_music": {
            "precision": 0.8110599078341014,
            "recall": 0.7839643652561247,
            "f1-score": 0.797281993204983,
            "support": 449.0
        },
        "traffic": {
            "precision": 0.951271186440678,
            "recall": 1.0,
            "f1-score": 0.9750271444082519,
            "support": 449.0
        },
        "accuracy": 0.8323090430201932,
        "macro avg": {
            "precision": 0.8300338953405859,
            "recall": 0.8326173375353003,
            "f1-score": 0.8225685781835469,
            "support": 5695.0
        },
        "weighted avg": {
            "precision": 0.8267163797343057,
            "recall": 0.8323090430201932,
            "f1-score": 0.8206801171286812,
            "support": 5695.0
        }
    },
    "paths": {
        "best_model": "output/efficientnet/fold_9/checkpoint_epoch_2.pth",
        "confusion_matrix": "output/efficientnet/fold_9/plots/confusion_matrix.png",
        "roc_curves": "output/efficientnet/fold_9/plots/roc_curves.png",
        "classification_report": "output/efficientnet/fold_9/classification_report.json",
        "grad_cam_dir": "output/efficientnet/fold_9/grad_cam"
    }
}