{
    "fold": 5,
    "best_epoch": 0,
    "train_loss": 0.6270169797675926,
    "val_loss": 1.171144570211966,
    "test_loss": 1.0617998573822967,
    "train_accuracy": 83.96528589360689,
    "val_accuracy": 71.64613278576317,
    "test_accuracy": 69.35923653715065,
    "classification_report": {
        "air_conditioner": {
            "precision": 0.550351288056206,
            "recall": 0.5233853006681515,
            "f1-score": 0.5365296803652968,
            "support": 449.0
        },
        "ambulance": {
            "precision": 0.9246119733924612,
            "recall": 0.9287305122494433,
            "f1-score": 0.9266666666666666,
            "support": 449.0
        },
        "car_horn": {
            "precision": 0.6037037037037037,
            "recall": 0.36302895322939865,
            "f1-score": 0.4534075104311544,
            "support": 449.0
        },
        "children_playing": {
            "precision": 0.6302325581395349,
            "recall": 0.6035634743875279,
            "f1-score": 0.6166097838452788,
            "support": 449.0
        },
        "dog_bark": {
            "precision": 0.9518072289156626,
            "recall": 0.5278396436525612,
            "f1-score": 0.6790830945558739,
            "support": 449.0
        },
        "drilling": {
            "precision": 0.4099009900990099,
            "recall": 0.4610244988864143,
            "f1-score": 0.4339622641509434,
            "support": 449.0
        },
        "engine_idling": {
            "precision": 0.5355029585798816,
            "recall": 0.40311804008908686,
            "f1-score": 0.4599745870393901,
            "support": 449.0
        },
        "firetruck": {
            "precision": 0.9433106575963719,
            "recall": 0.9265033407572383,
            "f1-score": 0.9348314606741573,
            "support": 449.0
        },
        "gun_shot": {
            "precision": 0.8512544802867383,
            "recall": 0.9895833333333334,
            "f1-score": 0.9152215799614644,
            "support": 480.0
        },
        "jackhammer": {
            "precision": 0.6281512605042017,
            "recall": 0.6659242761692651,
            "f1-score": 0.6464864864864864,
            "support": 449.0
        },
        "police": {
            "precision": 1.0,
            "recall": 0.9131403118040089,
            "f1-score": 0.9545983701979045,
            "support": 449.0
        },
        "street_music": {
            "precision": 0.4108322324966975,
            "recall": 0.6926503340757239,
            "f1-score": 0.5157545605306799,
            "support": 449.0
        },
        "traffic": {
            "precision": 0.8057553956834532,
            "recall": 0.9977728285077951,
            "f1-score": 0.891542288557214,
            "support": 449.0
        },
        "accuracy": 0.6935923653715065,
        "macro avg": {
            "precision": 0.7111857482656863,
            "recall": 0.6920203729084574,
            "f1-score": 0.6895898718048084,
            "support": 5868.0
        },
        "weighted avg": {
            "precision": 0.7119257160047205,
            "recall": 0.6935923653715065,
            "f1-score": 0.69078185935642,
            "support": 5868.0
        }
    },
    "paths": {
        "best_model": "output/inception/fold_5/checkpoint_epoch_0.pth",
        "confusion_matrix": "output/inception/fold_5/plots/confusion_matrix.png",
        "roc_curves": "output/inception/fold_5/plots/roc_curves.png",
        "classification_report": "output/inception/fold_5/classification_report.json",
        "grad_cam_dir": "output/inception/fold_5/grad_cam"
    }
}