{
    "fold": 6,
    "best_epoch": 2,
    "train_loss": 0.01855009641162365,
    "val_loss": 0.9951133546500721,
    "test_loss": 1.3910345535305044,
    "train_accuracy": 99.5478441468533,
    "val_accuracy": 82.60054533060668,
    "test_accuracy": 80.96790801441566,
    "classification_report": {
        "air_conditioner": {
            "precision": 0.5373831775700935,
            "recall": 0.512249443207127,
            "f1-score": 0.5245153933865451,
            "support": 449.0
        },
        "ambulance": {
            "precision": 0.883629191321499,
            "recall": 0.9977728285077951,
            "f1-score": 0.9372384937238494,
            "support": 449.0
        },
        "car_horn": {
            "precision": 0.9714285714285714,
            "recall": 0.8095238095238095,
            "f1-score": 0.8831168831168831,
            "support": 336.0
        },
        "children_playing": {
            "precision": 0.7598566308243727,
            "recall": 0.9443207126948775,
            "f1-score": 0.8421052631578947,
            "support": 449.0
        },
        "dog_bark": {
            "precision": 0.91415313225058,
            "recall": 0.8775055679287305,
            "f1-score": 0.8954545454545455,
            "support": 449.0
        },
        "drilling": {
            "precision": 0.8526011560693642,
            "recall": 0.6570155902004454,
            "f1-score": 0.7421383647798742,
            "support": 449.0
        },
        "engine_idling": {
            "precision": 0.45962732919254656,
            "recall": 0.8240534521158129,
            "f1-score": 0.5901116427432217,
            "support": 449.0
        },
        "firetruck": {
            "precision": 0.9925925925925926,
            "recall": 0.8953229398663697,
            "f1-score": 0.9414519906323185,
            "support": 449.0
        },
        "gun_shot": {
            "precision": 0.8789808917197452,
            "recall": 1.0,
            "f1-score": 0.9355932203389831,
            "support": 552.0
        },
        "jackhammer": {
            "precision": 0.9202898550724637,
            "recall": 0.2828507795100223,
            "f1-score": 0.43270868824531517,
            "support": 449.0
        },
        "police": {
            "precision": 0.9441964285714286,
            "recall": 0.9420935412026726,
            "f1-score": 0.9431438127090301,
            "support": 449.0
        },
        "street_music": {
            "precision": 0.8289156626506025,
            "recall": 0.7661469933184856,
            "f1-score": 0.7962962962962963,
            "support": 449.0
        },
        "traffic": {
            "precision": 0.997716894977169,
            "recall": 0.9732739420935412,
            "f1-score": 0.9853438556933484,
            "support": 449.0
        },
        "accuracy": 0.8096790801441565,
        "macro avg": {
            "precision": 0.8416439626339253,
            "recall": 0.8063176615515146,
            "f1-score": 0.8037860346367771,
            "support": 5827.0
        },
        "weighted avg": {
            "precision": 0.8397870968199637,
            "recall": 0.8096790801441565,
            "f1-score": 0.8045774803634078,
            "support": 5827.0
        }
    },
    "paths": {
        "best_model": "output/inception/fold_6/checkpoint_epoch_2.pth",
        "confusion_matrix": "output/inception/fold_6/plots/confusion_matrix.png",
        "roc_curves": "output/inception/fold_6/plots/roc_curves.png",
        "classification_report": "output/inception/fold_6/classification_report.json",
        "grad_cam_dir": "output/inception/fold_6/grad_cam"
    }
}