{
    "air_conditioner": {
        "precision": 0.5133531157270029,
        "recall": 0.38530066815144765,
        "f1-score": 0.4402035623409669,
        "support": 449.0
    },
    "ambulance": {
        "precision": 0.8159509202453987,
        "recall": 0.888641425389755,
        "f1-score": 0.8507462686567164,
        "support": 449.0
    },
    "car_horn": {
        "precision": 0.816793893129771,
        "recall": 0.5404040404040404,
        "f1-score": 0.6504559270516718,
        "support": 396.0
    },
    "children_playing": {
        "precision": 0.6276803118908382,
        "recall": 0.7171492204899778,
        "f1-score": 0.6694386694386695,
        "support": 449.0
    },
    "dog_bark": {
        "precision": 0.9144736842105263,
        "recall": 0.6191536748329621,
        "f1-score": 0.7383798140770252,
        "support": 449.0
    },
    "drilling": {
        "precision": 0.8329238329238329,
        "recall": 0.755011135857461,
        "f1-score": 0.7920560747663551,
        "support": 449.0
    },
    "engine_idling": {
        "precision": 0.6666666666666666,
        "recall": 0.6904231625835189,
        "f1-score": 0.6783369803063457,
        "support": 449.0
    },
    "firetruck": {
        "precision": 0.7505070993914807,
        "recall": 0.8240534521158129,
        "f1-score": 0.7855626326963907,
        "support": 449.0
    },
    "gun_shot": {
        "precision": 0.9540816326530612,
        "recall": 0.9739583333333334,
        "f1-score": 0.9639175257731959,
        "support": 384.0
    },
    "jackhammer": {
        "precision": 0.6003824091778203,
        "recall": 0.6993318485523385,
        "f1-score": 0.6460905349794238,
        "support": 449.0
    },
    "police": {
        "precision": 0.8336980306345733,
        "recall": 0.8485523385300668,
        "f1-score": 0.8410596026490066,
        "support": 449.0
    },
    "street_music": {
        "precision": 0.6179001721170396,
        "recall": 0.799554565701559,
        "f1-score": 0.6970873786407767,
        "support": 449.0
    },
    "traffic": {
        "precision": 0.8770161290322581,
        "recall": 0.9688195991091314,
        "f1-score": 0.9206349206349206,
        "support": 449.0
    },
    "accuracy": 0.7462843154397621,
    "macro avg": {
        "precision": 0.7554944536769438,
        "recall": 0.7469502665424158,
        "f1-score": 0.7441515301547281,
        "support": 5719.0
    },
    "weighted avg": {
        "precision": 0.7526693029645032,
        "recall": 0.7462843154397621,
        "f1-score": 0.7425220629837649,
        "support": 5719.0
    }
}