{
    "fold": 10,
    "best_epoch": 1,
    "train_loss": 0.19835227424665733,
    "val_loss": 1.3755184050461047,
    "test_loss": 1.5531633782134218,
    "train_accuracy": 93.67581283330466,
    "val_accuracy": 72.85338015803336,
    "test_accuracy": 69.24287462843155,
    "classification_report": {
        "air_conditioner": {
            "precision": 0.6607142857142857,
            "recall": 0.576837416481069,
            "f1-score": 0.6159334126040428,
            "support": 449.0
        },
        "ambulance": {
            "precision": 0.8412017167381974,
            "recall": 0.8730512249443207,
            "f1-score": 0.8568306010928962,
            "support": 449.0
        },
        "car_horn": {
            "precision": 0.8592814371257484,
            "recall": 0.7247474747474747,
            "f1-score": 0.7863013698630137,
            "support": 396.0
        },
        "children_playing": {
            "precision": 0.4405144694533762,
            "recall": 0.6102449888641426,
            "f1-score": 0.5116713352007469,
            "support": 449.0
        },
        "dog_bark": {
            "precision": 0.7178082191780822,
            "recall": 0.5835189309576837,
            "f1-score": 0.6437346437346437,
            "support": 449.0
        },
        "drilling": {
            "precision": 0.40755467196819084,
            "recall": 0.45657015590200445,
            "f1-score": 0.43067226890756305,
            "support": 449.0
        },
        "engine_idling": {
            "precision": 0.7617021276595745,
            "recall": 0.3986636971046771,
            "f1-score": 0.5233918128654971,
            "support": 449.0
        },
        "firetruck": {
            "precision": 0.7509157509157509,
            "recall": 0.9131403118040089,
            "f1-score": 0.8241206030150754,
            "support": 449.0
        },
        "gun_shot": {
            "precision": 0.9714285714285714,
            "recall": 0.9739583333333334,
            "f1-score": 0.9726918075422627,
            "support": 384.0
        },
        "jackhammer": {
            "precision": 0.6559139784946236,
            "recall": 0.5434298440979956,
            "f1-score": 0.5943970767356882,
            "support": 449.0
        },
        "police": {
            "precision": 0.9307692307692308,
            "recall": 0.8084632516703786,
            "f1-score": 0.865315852205006,
            "support": 449.0
        },
        "street_music": {
            "precision": 0.40181268882175225,
            "recall": 0.5924276169265034,
            "f1-score": 0.47884788478847884,
            "support": 449.0
        },
        "traffic": {
            "precision": 0.9955257270693513,
            "recall": 0.9910913140311804,
            "f1-score": 0.9933035714285714,
            "support": 449.0
        },
        "accuracy": 0.6924287462843154,
        "macro avg": {
            "precision": 0.7227032981028259,
            "recall": 0.6958572739126747,
            "f1-score": 0.6997855569218066,
            "support": 5719.0
        },
        "weighted avg": {
            "precision": 0.718610662303842,
            "recall": 0.6924287462843154,
            "f1-score": 0.6958820345619162,
            "support": 5719.0
        }
    },
    "paths": {
        "best_model": "output/vgg16/fold_10/checkpoint_epoch_1.pth",
        "confusion_matrix": "output/vgg16/fold_10/plots/confusion_matrix.png",
        "roc_curves": "output/vgg16/fold_10/plots/roc_curves.png",
        "classification_report": "output/vgg16/fold_10/classification_report.json",
        "grad_cam_dir": "output/vgg16/fold_10/grad_cam"
    }
}