{
    "air_conditioner": {
        "precision": 0.2681992337164751,
        "recall": 0.155902004454343,
        "f1-score": 0.19718309859154928,
        "support": 449.0
    },
    "ambulance": {
        "precision": 0.8565965583173997,
        "recall": 0.9977728285077951,
        "f1-score": 0.9218106995884774,
        "support": 449.0
    },
    "car_horn": {
        "precision": 0.9011627906976745,
        "recall": 0.46130952380952384,
        "f1-score": 0.610236220472441,
        "support": 336.0
    },
    "children_playing": {
        "precision": 0.7262103505843072,
        "recall": 0.9688195991091314,
        "f1-score": 0.8301526717557252,
        "support": 449.0
    },
    "dog_bark": {
        "precision": 0.7930283224400871,
        "recall": 0.8106904231625836,
        "f1-score": 0.801762114537445,
        "support": 449.0
    },
    "drilling": {
        "precision": 0.6365795724465558,
        "recall": 0.5968819599109132,
        "f1-score": 0.6160919540229886,
        "support": 449.0
    },
    "engine_idling": {
        "precision": 0.3073639274279616,
        "recall": 0.6414253897550112,
        "f1-score": 0.4155844155844156,
        "support": 449.0
    },
    "firetruck": {
        "precision": 0.9480812641083521,
        "recall": 0.9354120267260579,
        "f1-score": 0.9417040358744395,
        "support": 449.0
    },
    "gun_shot": {
        "precision": 0.9565217391304348,
        "recall": 0.9565217391304348,
        "f1-score": 0.9565217391304348,
        "support": 552.0
    },
    "jackhammer": {
        "precision": 0.6708860759493671,
        "recall": 0.11804008908685969,
        "f1-score": 0.20075757575757575,
        "support": 449.0
    },
    "police": {
        "precision": 0.9692671394799054,
        "recall": 0.9131403118040089,
        "f1-score": 0.9403669724770642,
        "support": 449.0
    },
    "street_music": {
        "precision": 0.6046511627906976,
        "recall": 0.6948775055679287,
        "f1-score": 0.6466321243523316,
        "support": 449.0
    },
    "traffic": {
        "precision": 0.9796380090497737,
        "recall": 0.9643652561247216,
        "f1-score": 0.9719416386083053,
        "support": 449.0
    },
    "accuracy": 0.718036725587781,
    "macro avg": {
        "precision": 0.7398604727799225,
        "recall": 0.7088583582422547,
        "f1-score": 0.6962111739040917,
        "support": 5827.0
    },
    "weighted avg": {
        "precision": 0.7405621972538192,
        "recall": 0.718036725587781,
        "f1-score": 0.7024797783242205,
        "support": 5827.0
    }
}