{
    "air_conditioner": {
        "precision": 0.08403361344537816,
        "recall": 0.022271714922048998,
        "f1-score": 0.035211267605633804,
        "support": 449.0
    },
    "ambulance": {
        "precision": 0.9732739420935412,
        "recall": 0.9732739420935412,
        "f1-score": 0.9732739420935412,
        "support": 449.0
    },
    "car_horn": {
        "precision": 0.8492462311557789,
        "recall": 0.37639198218262804,
        "f1-score": 0.5216049382716049,
        "support": 449.0
    },
    "children_playing": {
        "precision": 0.8777506112469438,
        "recall": 0.799554565701559,
        "f1-score": 0.8368298368298368,
        "support": 449.0
    },
    "dog_bark": {
        "precision": 0.7828571428571428,
        "recall": 0.9153674832962138,
        "f1-score": 0.8439425051334702,
        "support": 449.0
    },
    "drilling": {
        "precision": 0.4786206896551724,
        "recall": 0.7728285077951003,
        "f1-score": 0.5911413969335605,
        "support": 449.0
    },
    "engine_idling": {
        "precision": 0.4324712643678161,
        "recall": 0.6703786191536748,
        "f1-score": 0.525764192139738,
        "support": 449.0
    },
    "firetruck": {
        "precision": 0.9440860215053763,
        "recall": 0.977728285077951,
        "f1-score": 0.9606126914660832,
        "support": 449.0
    },
    "gun_shot": {
        "precision": 0.9063745019920318,
        "recall": 0.9978070175438597,
        "f1-score": 0.9498956158663883,
        "support": 456.0
    },
    "jackhammer": {
        "precision": 0.5292096219931272,
        "recall": 0.3429844097995546,
        "f1-score": 0.41621621621621624,
        "support": 449.0
    },
    "police": {
        "precision": 0.9792147806004619,
        "recall": 0.9443207126948775,
        "f1-score": 0.9614512471655329,
        "support": 449.0
    },
    "street_music": {
        "precision": 0.6741379310344827,
        "recall": 0.8708240534521158,
        "f1-score": 0.7599611273080661,
        "support": 449.0
    },
    "traffic": {
        "precision": 0.9733924611973392,
        "recall": 0.977728285077951,
        "f1-score": 0.9755555555555555,
        "support": 449.0
    },
    "accuracy": 0.7419575633127995,
    "macro avg": {
        "precision": 0.7295899087034302,
        "recall": 0.7416507368300829,
        "f1-score": 0.7193431178911713,
        "support": 5844.0
    },
    "weighted avg": {
        "precision": 0.7298016630075063,
        "recall": 0.7419575633127995,
        "f1-score": 0.7196192759140713,
        "support": 5844.0
    }
}