{
    "air_conditioner": {
        "precision": 0.37446808510638296,
        "recall": 0.5879732739420935,
        "f1-score": 0.45753899480069327,
        "support": 449.0
    },
    "ambulance": {
        "precision": 0.9492600422832981,
        "recall": 1.0,
        "f1-score": 0.9739696312364425,
        "support": 449.0
    },
    "car_horn": {
        "precision": 1.0,
        "recall": 0.9761904761904762,
        "f1-score": 0.9879518072289156,
        "support": 336.0
    },
    "children_playing": {
        "precision": 0.9185185185185185,
        "recall": 0.8285077951002228,
        "f1-score": 0.8711943793911007,
        "support": 449.0
    },
    "dog_bark": {
        "precision": 0.9626865671641791,
        "recall": 0.8619153674832962,
        "f1-score": 0.9095182138660399,
        "support": 449.0
    },
    "drilling": {
        "precision": 0.7014925373134329,
        "recall": 0.8374164810690423,
        "f1-score": 0.7634517766497462,
        "support": 449.0
    },
    "engine_idling": {
        "precision": 0.5762004175365344,
        "recall": 0.6146993318485523,
        "f1-score": 0.5948275862068966,
        "support": 449.0
    },
    "firetruck": {
        "precision": 0.9976958525345622,
        "recall": 0.9643652561247216,
        "f1-score": 0.9807474518686297,
        "support": 449.0
    },
    "gun_shot": {
        "precision": 0.9858156028368794,
        "recall": 0.9084967320261438,
        "f1-score": 0.9455782312925171,
        "support": 612.0
    },
    "jackhammer": {
        "precision": 0.3240418118466899,
        "recall": 0.2071269487750557,
        "f1-score": 0.25271739130434784,
        "support": 449.0
    },
    "police": {
        "precision": 0.9976744186046511,
        "recall": 0.955456570155902,
        "f1-score": 0.9761092150170648,
        "support": 449.0
    },
    "street_music": {
        "precision": 0.9896373056994818,
        "recall": 0.8507795100222717,
        "f1-score": 0.9149700598802395,
        "support": 449.0
    },
    "traffic": {
        "precision": 0.9781659388646288,
        "recall": 0.9977728285077951,
        "f1-score": 0.9878721058434399,
        "support": 449.0
    },
    "accuracy": 0.814166808221505,
    "macro avg": {
        "precision": 0.8273582383314799,
        "recall": 0.814669274711198,
        "f1-score": 0.8166497572758519,
        "support": 5887.0
    },
    "weighted avg": {
        "precision": 0.8284317955500696,
        "recall": 0.814166808221505,
        "f1-score": 0.8169314303894954,
        "support": 5887.0
    }
}