{
    "air_conditioner": {
        "precision": 0.466796875,
        "recall": 0.532293986636971,
        "f1-score": 0.49739854318418314,
        "support": 449.0
    },
    "ambulance": {
        "precision": 0.9154013015184381,
        "recall": 0.9398663697104677,
        "f1-score": 0.9274725274725275,
        "support": 449.0
    },
    "car_horn": {
        "precision": 0.6475409836065574,
        "recall": 0.1759465478841871,
        "f1-score": 0.276707530647986,
        "support": 449.0
    },
    "children_playing": {
        "precision": 0.8599439775910365,
        "recall": 0.6837416481069042,
        "f1-score": 0.7617866004962779,
        "support": 449.0
    },
    "dog_bark": {
        "precision": 0.5877034358047016,
        "recall": 0.7238307349665924,
        "f1-score": 0.6487025948103793,
        "support": 449.0
    },
    "drilling": {
        "precision": 0.5761904761904761,
        "recall": 0.5389755011135857,
        "f1-score": 0.5569620253164557,
        "support": 449.0
    },
    "engine_idling": {
        "precision": 0.9213483146067416,
        "recall": 0.18262806236080179,
        "f1-score": 0.3048327137546468,
        "support": 449.0
    },
    "firetruck": {
        "precision": 0.944954128440367,
        "recall": 0.9175946547884187,
        "f1-score": 0.9310734463276836,
        "support": 449.0
    },
    "gun_shot": {
        "precision": 0.752755905511811,
        "recall": 0.9958333333333333,
        "f1-score": 0.8573991031390135,
        "support": 480.0
    },
    "jackhammer": {
        "precision": 0.7157360406091371,
        "recall": 0.9420935412026726,
        "f1-score": 0.8134615384615385,
        "support": 449.0
    },
    "police": {
        "precision": 0.9466357308584686,
        "recall": 0.9086859688195991,
        "f1-score": 0.9272727272727272,
        "support": 449.0
    },
    "street_music": {
        "precision": 0.47424042272126815,
        "recall": 0.799554565701559,
        "f1-score": 0.5953565505804311,
        "support": 449.0
    },
    "traffic": {
        "precision": 0.8849206349206349,
        "recall": 0.9933184855233853,
        "f1-score": 0.9359916054564533,
        "support": 449.0
    },
    "accuracy": 0.7194955691888207,
    "macro avg": {
        "precision": 0.7457052482599722,
        "recall": 0.7180279538575753,
        "f1-score": 0.6949551928400234,
        "support": 5868.0
    },
    "weighted avg": {
        "precision": 0.7457424961084396,
        "recall": 0.7194955691888207,
        "f1-score": 0.6958133661902737,
        "support": 5868.0
    }
}