{
    "fold": 8,
    "best_epoch": 1,
    "train_loss": 0.048277956786774226,
    "val_loss": 0.6348233112884887,
    "test_loss": 1.2041021886973622,
    "train_accuracy": 98.47106012248771,
    "val_accuracy": 88.8398165449295,
    "test_accuracy": 77.20445308358367,
    "classification_report": {
        "air_conditioner": {
            "precision": 0.5714285714285714,
            "recall": 0.29398663697104677,
            "f1-score": 0.38823529411764707,
            "support": 449.0
        },
        "ambulance": {
            "precision": 0.9102040816326531,
            "recall": 0.9933184855233853,
            "f1-score": 0.9499467518636848,
            "support": 449.0
        },
        "car_horn": {
            "precision": 0.970108695652174,
            "recall": 0.9916666666666667,
            "f1-score": 0.9807692307692307,
            "support": 360.0
        },
        "children_playing": {
            "precision": 0.714828897338403,
            "recall": 0.8374164810690423,
            "f1-score": 0.7712820512820513,
            "support": 449.0
        },
        "dog_bark": {
            "precision": 0.9166666666666666,
            "recall": 0.8819599109131403,
            "f1-score": 0.8989784335981839,
            "support": 449.0
        },
        "drilling": {
            "precision": 0.4745945945945946,
            "recall": 0.977728285077951,
            "f1-score": 0.6390101892285298,
            "support": 449.0
        },
        "engine_idling": {
            "precision": 0.6754385964912281,
            "recall": 0.5144766146993318,
            "f1-score": 0.584070796460177,
            "support": 449.0
        },
        "firetruck": {
            "precision": 0.9137931034482759,
            "recall": 0.9443207126948775,
            "f1-score": 0.9288061336254108,
            "support": 449.0
        },
        "gun_shot": {
            "precision": 0.7809110629067245,
            "recall": 1.0,
            "f1-score": 0.876979293544458,
            "support": 360.0
        },
        "jackhammer": {
            "precision": 0.3673469387755102,
            "recall": 0.12026726057906459,
            "f1-score": 0.18120805369127516,
            "support": 449.0
        },
        "police": {
            "precision": 0.9858490566037735,
            "recall": 0.9309576837416481,
            "f1-score": 0.9576174112256587,
            "support": 449.0
        },
        "street_music": {
            "precision": 0.7378190255220418,
            "recall": 0.7082405345211581,
            "f1-score": 0.7227272727272728,
            "support": 449.0
        },
        "traffic": {
            "precision": 1.0,
            "recall": 0.9309576837416481,
            "f1-score": 0.9642445213379469,
            "support": 449.0
        },
        "accuracy": 0.7720445308358367,
        "macro avg": {
            "precision": 0.7706914839277398,
            "recall": 0.7788689966306891,
            "f1-score": 0.7572211871901176,
            "support": 5659.0
        },
        "weighted avg": {
            "precision": 0.7673944925206705,
            "recall": 0.7720445308358367,
            "f1-score": 0.7518219563464918,
            "support": 5659.0
        }
    },
    "paths": {
        "best_model": "output/convnext/fold_8/checkpoint_epoch_1.pth",
        "confusion_matrix": "output/convnext/fold_8/plots/confusion_matrix.png",
        "roc_curves": "output/convnext/fold_8/plots/roc_curves.png",
        "classification_report": "output/convnext/fold_8/classification_report.json",
        "grad_cam_dir": "output/convnext/fold_8/grad_cam"
    }
}