{
    "air_conditioner": {
        "precision": 0.6153846153846154,
        "recall": 0.1603563474387528,
        "f1-score": 0.254416961130742,
        "support": 449.0
    },
    "ambulance": {
        "precision": 0.9977477477477478,
        "recall": 0.9866369710467706,
        "f1-score": 0.9921612541993281,
        "support": 449.0
    },
    "car_horn": {
        "precision": 0.9269911504424779,
        "recall": 0.933184855233853,
        "f1-score": 0.93007769145394,
        "support": 449.0
    },
    "children_playing": {
        "precision": 0.6349809885931559,
        "recall": 0.7438752783964365,
        "f1-score": 0.6851282051282052,
        "support": 449.0
    },
    "dog_bark": {
        "precision": 0.8262626262626263,
        "recall": 0.910913140311804,
        "f1-score": 0.8665254237288136,
        "support": 449.0
    },
    "drilling": {
        "precision": 0.5443213296398892,
        "recall": 0.8752783964365256,
        "f1-score": 0.6712211784799317,
        "support": 449.0
    },
    "engine_idling": {
        "precision": 0.44732824427480916,
        "recall": 0.6525612472160356,
        "f1-score": 0.5307971014492754,
        "support": 449.0
    },
    "firetruck": {
        "precision": 0.9716157205240175,
        "recall": 0.9910913140311804,
        "f1-score": 0.9812568908489526,
        "support": 449.0
    },
    "gun_shot": {
        "precision": 0.9951100244498777,
        "recall": 0.9421296296296297,
        "f1-score": 0.9678953626634959,
        "support": 432.0
    },
    "jackhammer": {
        "precision": 0.6470588235294118,
        "recall": 0.19599109131403117,
        "f1-score": 0.30085470085470084,
        "support": 449.0
    },
    "police": {
        "precision": 0.9867549668874173,
        "recall": 0.9955456570155902,
        "f1-score": 0.991130820399113,
        "support": 449.0
    },
    "street_music": {
        "precision": 0.5570866141732284,
        "recall": 0.6302895322939867,
        "f1-score": 0.5914315569487983,
        "support": 449.0
    },
    "traffic": {
        "precision": 0.9977528089887641,
        "recall": 0.9888641425389755,
        "f1-score": 0.9932885906040269,
        "support": 449.0
    },
    "accuracy": 0.7692439862542956,
    "macro avg": {
        "precision": 0.7806458200690799,
        "recall": 0.7697475079156594,
        "f1-score": 0.7504758259914865,
        "support": 5820.0
    },
    "weighted avg": {
        "precision": 0.7800193782349778,
        "recall": 0.7692439862542956,
        "f1-score": 0.7498407517434755,
        "support": 5820.0
    }
}