{
    "air_conditioner": {
        "precision": 0.4444444444444444,
        "recall": 0.17817371937639198,
        "f1-score": 0.2543720190779014,
        "support": 449.0
    },
    "ambulance": {
        "precision": 0.8296943231441049,
        "recall": 0.8463251670378619,
        "f1-score": 0.8379272326350606,
        "support": 449.0
    },
    "car_horn": {
        "precision": 0.7245508982035929,
        "recall": 0.9453125,
        "f1-score": 0.8203389830508474,
        "support": 384.0
    },
    "children_playing": {
        "precision": 0.622356495468278,
        "recall": 0.9175946547884187,
        "f1-score": 0.7416741674167416,
        "support": 449.0
    },
    "dog_bark": {
        "precision": 0.5731225296442688,
        "recall": 0.6458797327394209,
        "f1-score": 0.6073298429319371,
        "support": 449.0
    },
    "drilling": {
        "precision": 0.7857142857142857,
        "recall": 0.6124721603563474,
        "f1-score": 0.688360450563204,
        "support": 449.0
    },
    "engine_idling": {
        "precision": 0.6855670103092784,
        "recall": 0.888641425389755,
        "f1-score": 0.7740058195926285,
        "support": 449.0
    },
    "firetruck": {
        "precision": 0.9187817258883249,
        "recall": 0.8062360801781737,
        "f1-score": 0.8588374851720048,
        "support": 449.0
    },
    "gun_shot": {
        "precision": 0.9530386740331491,
        "recall": 0.9274193548387096,
        "f1-score": 0.9400544959128065,
        "support": 372.0
    },
    "jackhammer": {
        "precision": 0.8028503562945368,
        "recall": 0.7527839643652561,
        "f1-score": 0.7770114942528735,
        "support": 449.0
    },
    "police": {
        "precision": 0.8326612903225806,
        "recall": 0.9198218262806236,
        "f1-score": 0.8740740740740741,
        "support": 449.0
    },
    "street_music": {
        "precision": 0.8963414634146342,
        "recall": 0.6547884187082406,
        "f1-score": 0.7567567567567568,
        "support": 449.0
    },
    "traffic": {
        "precision": 0.9428571428571428,
        "recall": 0.955456570155902,
        "f1-score": 0.9491150442477876,
        "support": 449.0
    },
    "accuracy": 0.7690956979806848,
    "macro avg": {
        "precision": 0.7701523569029708,
        "recall": 0.773146582631931,
        "f1-score": 0.7599890665911249,
        "support": 5695.0
    },
    "weighted avg": {
        "precision": 0.7682000914765327,
        "recall": 0.7690956979806848,
        "f1-score": 0.7568656631446541,
        "support": 5695.0
    }
}