{
    "air_conditioner": {
        "precision": 0.43676470588235294,
        "recall": 0.6614699331848553,
        "f1-score": 0.5261293179805138,
        "support": 449.0
    },
    "ambulance": {
        "precision": 0.9049586776859504,
        "recall": 0.9755011135857461,
        "f1-score": 0.9389067524115756,
        "support": 449.0
    },
    "car_horn": {
        "precision": 0.9970059880239521,
        "recall": 0.9910714285714286,
        "f1-score": 0.9940298507462687,
        "support": 336.0
    },
    "children_playing": {
        "precision": 0.8538622129436325,
        "recall": 0.910913140311804,
        "f1-score": 0.8814655172413793,
        "support": 449.0
    },
    "dog_bark": {
        "precision": 0.9666666666666667,
        "recall": 0.9042316258351893,
        "f1-score": 0.9344073647871116,
        "support": 449.0
    },
    "drilling": {
        "precision": 0.66270783847981,
        "recall": 0.621380846325167,
        "f1-score": 0.6413793103448275,
        "support": 449.0
    },
    "engine_idling": {
        "precision": 0.5975609756097561,
        "recall": 0.5456570155902004,
        "f1-score": 0.570430733410943,
        "support": 449.0
    },
    "firetruck": {
        "precision": 0.9475982532751092,
        "recall": 0.9665924276169265,
        "f1-score": 0.9570011025358324,
        "support": 449.0
    },
    "gun_shot": {
        "precision": 0.9929078014184397,
        "recall": 0.9150326797385621,
        "f1-score": 0.9523809523809523,
        "support": 612.0
    },
    "jackhammer": {
        "precision": 0.4368131868131868,
        "recall": 0.35412026726057905,
        "f1-score": 0.39114391143911437,
        "support": 449.0
    },
    "police": {
        "precision": 1.0,
        "recall": 0.8975501113585747,
        "f1-score": 0.9460093896713615,
        "support": 449.0
    },
    "street_music": {
        "precision": 0.96875,
        "recall": 0.8975501113585747,
        "f1-score": 0.9317919075144508,
        "support": 449.0
    },
    "traffic": {
        "precision": 0.9889867841409692,
        "recall": 1.0,
        "f1-score": 0.9944629014396457,
        "support": 449.0
    },
    "accuracy": 0.8179038559537966,
    "macro avg": {
        "precision": 0.8272756223799865,
        "recall": 0.8185439000567392,
        "f1-score": 0.819964539377229,
        "support": 5887.0
    },
    "weighted avg": {
        "precision": 0.8286037205395755,
        "recall": 0.8179038559537966,
        "f1-score": 0.8202897466364282,
        "support": 5887.0
    }
}