{
    "air_conditioner": {
        "precision": 0.2593283582089552,
        "recall": 0.30957683741648107,
        "f1-score": 0.28223350253807106,
        "support": 449.0
    },
    "ambulance": {
        "precision": 0.8708333333333333,
        "recall": 0.9309576837416481,
        "f1-score": 0.8998923573735199,
        "support": 449.0
    },
    "car_horn": {
        "precision": 0.8262548262548263,
        "recall": 0.6369047619047619,
        "f1-score": 0.719327731092437,
        "support": 336.0
    },
    "children_playing": {
        "precision": 0.4226044226044226,
        "recall": 0.3830734966592428,
        "f1-score": 0.40186915887850466,
        "support": 449.0
    },
    "dog_bark": {
        "precision": 0.7685459940652819,
        "recall": 0.576837416481069,
        "f1-score": 0.6590330788804071,
        "support": 449.0
    },
    "drilling": {
        "precision": 0.5703422053231939,
        "recall": 0.33407572383073497,
        "f1-score": 0.42134831460674155,
        "support": 449.0
    },
    "engine_idling": {
        "precision": 0.4119106699751861,
        "recall": 0.36971046770601335,
        "f1-score": 0.38967136150234744,
        "support": 449.0
    },
    "firetruck": {
        "precision": 0.8663697104677061,
        "recall": 0.8663697104677061,
        "f1-score": 0.8663697104677061,
        "support": 449.0
    },
    "gun_shot": {
        "precision": 0.9472759226713533,
        "recall": 0.9764492753623188,
        "f1-score": 0.9616413916146298,
        "support": 552.0
    },
    "jackhammer": {
        "precision": 0.5481481481481482,
        "recall": 0.49443207126948774,
        "f1-score": 0.5199063231850117,
        "support": 449.0
    },
    "police": {
        "precision": 0.9777777777777777,
        "recall": 0.8819599109131403,
        "f1-score": 0.927400468384075,
        "support": 449.0
    },
    "street_music": {
        "precision": 0.38666666666666666,
        "recall": 0.7104677060133631,
        "f1-score": 0.5007849293563579,
        "support": 449.0
    },
    "traffic": {
        "precision": 0.8997955010224948,
        "recall": 0.9799554565701559,
        "f1-score": 0.9381663113006397,
        "support": 449.0
    },
    "accuracy": 0.6560837480693325,
    "macro avg": {
        "precision": 0.6735271951168728,
        "recall": 0.6500592706412402,
        "f1-score": 0.6528957414754191,
        "support": 5827.0
    },
    "weighted avg": {
        "precision": 0.675404301109583,
        "recall": 0.6560837480693325,
        "f1-score": 0.657064951555669,
        "support": 5827.0
    }
}