{
    "fold": 2,
    "best_epoch": 1,
    "train_loss": 0.05143812655328801,
    "val_loss": 0.515900411002164,
    "test_loss": 0.6499077962272657,
    "train_accuracy": 98.41965500118742,
    "val_accuracy": 84.82127439129684,
    "test_accuracy": 87.27617079889806,
    "classification_report": {
        "air_conditioner": {
            "precision": 0.8341013824884793,
            "recall": 0.40311804008908686,
            "f1-score": 0.5435435435435435,
            "support": 449.0
        },
        "ambulance": {
            "precision": 0.9102040816326531,
            "recall": 0.9933184855233853,
            "f1-score": 0.9499467518636848,
            "support": 449.0
        },
        "car_horn": {
            "precision": 0.9838709677419355,
            "recall": 0.9510022271714922,
            "f1-score": 0.9671574178935447,
            "support": 449.0
        },
        "children_playing": {
            "precision": 0.8758465011286681,
            "recall": 0.8641425389755011,
            "f1-score": 0.8699551569506726,
            "support": 449.0
        },
        "dog_bark": {
            "precision": 0.802158273381295,
            "recall": 0.9933184855233853,
            "f1-score": 0.8875621890547264,
            "support": 449.0
        },
        "drilling": {
            "precision": 0.9411764705882353,
            "recall": 0.7483296213808464,
            "f1-score": 0.8337468982630273,
            "support": 449.0
        },
        "engine_idling": {
            "precision": 0.6956521739130435,
            "recall": 0.7483296213808464,
            "f1-score": 0.721030042918455,
            "support": 449.0
        },
        "firetruck": {
            "precision": 0.976303317535545,
            "recall": 0.9175946547884187,
            "f1-score": 0.9460390355912744,
            "support": 449.0
        },
        "gun_shot": {
            "precision": 0.9543269230769231,
            "recall": 0.9452380952380952,
            "f1-score": 0.9497607655502392,
            "support": 420.0
        },
        "jackhammer": {
            "precision": 0.6775244299674267,
            "recall": 0.9265033407572383,
            "f1-score": 0.7826904985888994,
            "support": 449.0
        },
        "police": {
            "precision": 0.9954233409610984,
            "recall": 0.9688195991091314,
            "f1-score": 0.981941309255079,
            "support": 449.0
        },
        "street_music": {
            "precision": 0.8187372708757638,
            "recall": 0.8953229398663697,
            "f1-score": 0.8553191489361702,
            "support": 449.0
        },
        "traffic": {
            "precision": 0.9977678571428571,
            "recall": 0.9955456570155902,
            "f1-score": 0.9966555183946488,
            "support": 449.0
        },
        "accuracy": 0.8727617079889807,
        "macro avg": {
            "precision": 0.8817763838795327,
            "recall": 0.8731217928322607,
            "f1-score": 0.868103713600305,
            "support": 5808.0
        },
        "weighted avg": {
            "precision": 0.8814141308429064,
            "recall": 0.8727617079889807,
            "f1-score": 0.8676959907169461,
            "support": 5808.0
        }
    },
    "paths": {
        "best_model": "output/convnext/fold_2/checkpoint_epoch_1.pth",
        "confusion_matrix": "output/convnext/fold_2/plots/confusion_matrix.png",
        "roc_curves": "output/convnext/fold_2/plots/roc_curves.png",
        "classification_report": "output/convnext/fold_2/classification_report.json",
        "grad_cam_dir": "output/convnext/fold_2/grad_cam"
    }
}