{
    "air_conditioner": {
        "precision": 0.6346153846153846,
        "recall": 0.5879732739420935,
        "f1-score": 0.6104046242774567,
        "support": 449.0
    },
    "ambulance": {
        "precision": 0.9886621315192744,
        "recall": 0.9710467706013363,
        "f1-score": 0.9797752808988764,
        "support": 449.0
    },
    "car_horn": {
        "precision": 0.9830097087378641,
        "recall": 0.9020044543429844,
        "f1-score": 0.9407665505226481,
        "support": 449.0
    },
    "children_playing": {
        "precision": 0.852112676056338,
        "recall": 0.8084632516703786,
        "f1-score": 0.8297142857142857,
        "support": 449.0
    },
    "dog_bark": {
        "precision": 0.7655038759689923,
        "recall": 0.8797327394209354,
        "f1-score": 0.8186528497409327,
        "support": 449.0
    },
    "drilling": {
        "precision": 0.6791862284820032,
        "recall": 0.9665924276169265,
        "f1-score": 0.7977941176470589,
        "support": 449.0
    },
    "engine_idling": {
        "precision": 0.7524752475247525,
        "recall": 0.6770601336302895,
        "f1-score": 0.712778429073857,
        "support": 449.0
    },
    "firetruck": {
        "precision": 0.861271676300578,
        "recall": 0.9955456570155902,
        "f1-score": 0.9235537190082644,
        "support": 449.0
    },
    "gun_shot": {
        "precision": 0.9402061855670103,
        "recall": 1.0,
        "f1-score": 0.9691817215727949,
        "support": 456.0
    },
    "jackhammer": {
        "precision": 0.9501557632398754,
        "recall": 0.6792873051224945,
        "f1-score": 0.7922077922077922,
        "support": 449.0
    },
    "police": {
        "precision": 0.9929577464788732,
        "recall": 0.9420935412026726,
        "f1-score": 0.9668571428571429,
        "support": 449.0
    },
    "street_music": {
        "precision": 0.8154205607476636,
        "recall": 0.77728285077951,
        "f1-score": 0.7958950969213227,
        "support": 449.0
    },
    "traffic": {
        "precision": 0.9781021897810219,
        "recall": 0.8953229398663697,
        "f1-score": 0.9348837209302325,
        "support": 449.0
    },
    "accuracy": 0.8526694045174538,
    "macro avg": {
        "precision": 0.8610522596168948,
        "recall": 0.8524927188624294,
        "f1-score": 0.8517281024132818,
        "support": 5844.0
    },
    "weighted avg": {
        "precision": 0.861147070958724,
        "recall": 0.8526694045174538,
        "f1-score": 0.8518687894998863,
        "support": 5844.0
    }
}