{
    "air_conditioner": {
        "precision": 0.7546583850931677,
        "recall": 0.5412026726057907,
        "f1-score": 0.6303501945525292,
        "support": 449.0
    },
    "ambulance": {
        "precision": 0.9298642533936652,
        "recall": 0.9153674832962138,
        "f1-score": 0.9225589225589226,
        "support": 449.0
    },
    "car_horn": {
        "precision": 0.8671328671328671,
        "recall": 0.96875,
        "f1-score": 0.915129151291513,
        "support": 384.0
    },
    "children_playing": {
        "precision": 0.8449612403100775,
        "recall": 0.9710467706013363,
        "f1-score": 0.9036269430051813,
        "support": 449.0
    },
    "dog_bark": {
        "precision": 0.8223350253807107,
        "recall": 0.7216035634743875,
        "f1-score": 0.7686832740213523,
        "support": 449.0
    },
    "drilling": {
        "precision": 0.8342245989304813,
        "recall": 0.6948775055679287,
        "f1-score": 0.7582017010935601,
        "support": 449.0
    },
    "engine_idling": {
        "precision": 0.6677165354330709,
        "recall": 0.9443207126948775,
        "f1-score": 0.7822878228782287,
        "support": 449.0
    },
    "firetruck": {
        "precision": 0.9075268817204301,
        "recall": 0.9398663697104677,
        "f1-score": 0.9234135667396062,
        "support": 449.0
    },
    "gun_shot": {
        "precision": 0.9916434540389972,
        "recall": 0.956989247311828,
        "f1-score": 0.9740082079343365,
        "support": 372.0
    },
    "jackhammer": {
        "precision": 0.8571428571428571,
        "recall": 0.8552338530066815,
        "f1-score": 0.8561872909698997,
        "support": 449.0
    },
    "police": {
        "precision": 0.9484304932735426,
        "recall": 0.9420935412026726,
        "f1-score": 0.9452513966480447,
        "support": 449.0
    },
    "street_music": {
        "precision": 0.8931297709923665,
        "recall": 0.7817371937639198,
        "f1-score": 0.833729216152019,
        "support": 449.0
    },
    "traffic": {
        "precision": 0.9385593220338984,
        "recall": 0.9866369710467706,
        "f1-score": 0.9619978284473398,
        "support": 449.0
    },
    "accuracy": 0.8605794556628622,
    "macro avg": {
        "precision": 0.8659481296058563,
        "recall": 0.8630558372525289,
        "f1-score": 0.8596481166378871,
        "support": 5695.0
    },
    "weighted avg": {
        "precision": 0.8642351273370928,
        "recall": 0.8605794556628622,
        "f1-score": 0.8574686619790086,
        "support": 5695.0
    }
}