{
    "fold": 1,
    "best_epoch": 3,
    "train_loss": 0.005555124885560406,
    "val_loss": 0.6459723644488475,
    "test_loss": 0.7422993574456176,
    "train_accuracy": 99.87286674711257,
    "val_accuracy": 87.5327854520021,
    "test_accuracy": 82.42099810050078,
    "classification_report": {
        "air_conditioner": {
            "precision": 0.6267748478701826,
            "recall": 0.688195991091314,
            "f1-score": 0.6560509554140127,
            "support": 449.0
        },
        "ambulance": {
            "precision": 0.9845132743362832,
            "recall": 0.9910913140311804,
            "f1-score": 0.9877913429522752,
            "support": 449.0
        },
        "car_horn": {
            "precision": 0.8888888888888888,
            "recall": 1.0,
            "f1-score": 0.9411764705882353,
            "support": 432.0
        },
        "children_playing": {
            "precision": 0.946969696969697,
            "recall": 0.8351893095768375,
            "f1-score": 0.8875739644970414,
            "support": 449.0
        },
        "dog_bark": {
            "precision": 0.901565995525727,
            "recall": 0.8975501113585747,
            "f1-score": 0.8995535714285714,
            "support": 449.0
        },
        "drilling": {
            "precision": 0.6960227272727273,
            "recall": 0.5456570155902004,
            "f1-score": 0.6117353308364545,
            "support": 449.0
        },
        "engine_idling": {
            "precision": 0.3991477272727273,
            "recall": 0.6258351893095768,
            "f1-score": 0.48742411101474414,
            "support": 449.0
        },
        "firetruck": {
            "precision": 0.9910313901345291,
            "recall": 0.9844097995545658,
            "f1-score": 0.9877094972067039,
            "support": 449.0
        },
        "gun_shot": {
            "precision": 0.8603696098562629,
            "recall": 0.9976190476190476,
            "f1-score": 0.9239250275633958,
            "support": 420.0
        },
        "jackhammer": {
            "precision": 0.8066666666666666,
            "recall": 0.26948775055679286,
            "f1-score": 0.4040066777963272,
            "support": 449.0
        },
        "police": {
            "precision": 1.0,
            "recall": 1.0,
            "f1-score": 1.0,
            "support": 449.0
        },
        "street_music": {
            "precision": 0.8725701943844493,
            "recall": 0.8997772828507795,
            "f1-score": 0.8859649122807017,
            "support": 449.0
        },
        "traffic": {
            "precision": 0.9613733905579399,
            "recall": 0.9977728285077951,
            "f1-score": 0.9792349726775956,
            "support": 449.0
        },
        "accuracy": 0.8242099810050078,
        "macro avg": {
            "precision": 0.8412226469027756,
            "recall": 0.8255835107728202,
            "f1-score": 0.8193959103273891,
            "support": 5791.0
        },
        "weighted avg": {
            "precision": 0.8409868347737106,
            "recall": 0.8242099810050078,
            "f1-score": 0.818514954719674,
            "support": 5791.0
        }
    },
    "paths": {
        "best_model": "output/inception/fold_1/checkpoint_epoch_3.pth",
        "confusion_matrix": "output/inception/fold_1/plots/confusion_matrix.png",
        "roc_curves": "output/inception/fold_1/plots/roc_curves.png",
        "classification_report": "output/inception/fold_1/classification_report.json",
        "grad_cam_dir": "output/inception/fold_1/grad_cam"
    }
}