{
    "fold": 5,
    "best_epoch": 1,
    "train_loss": 0.14343036207502033,
    "val_loss": 1.912621495266866,
    "test_loss": 2.6862773177030936,
    "train_accuracy": 95.4572999177596,
    "val_accuracy": 68.65160848733744,
    "test_accuracy": 67.3653715064758,
    "classification_report": {
        "air_conditioner": {
            "precision": 0.4158878504672897,
            "recall": 0.19821826280623608,
            "f1-score": 0.2684766214177979,
            "support": 449.0
        },
        "ambulance": {
            "precision": 0.9588744588744589,
            "recall": 0.9866369710467706,
            "f1-score": 0.9725576289791438,
            "support": 449.0
        },
        "car_horn": {
            "precision": 0.8793103448275862,
            "recall": 0.22717149220489977,
            "f1-score": 0.36106194690265486,
            "support": 449.0
        },
        "children_playing": {
            "precision": 0.38492063492063494,
            "recall": 0.6481069042316259,
            "f1-score": 0.4829875518672199,
            "support": 449.0
        },
        "dog_bark": {
            "precision": 0.6615720524017468,
            "recall": 0.6748329621380846,
            "f1-score": 0.6681367144432194,
            "support": 449.0
        },
        "drilling": {
            "precision": 0.5710306406685237,
            "recall": 0.45657015590200445,
            "f1-score": 0.5074257425742574,
            "support": 449.0
        },
        "engine_idling": {
            "precision": 0.23136645962732919,
            "recall": 0.33184855233853006,
            "f1-score": 0.27264409881061297,
            "support": 449.0
        },
        "firetruck": {
            "precision": 0.9720930232558139,
            "recall": 0.9309576837416481,
            "f1-score": 0.9510807736063709,
            "support": 449.0
        },
        "gun_shot": {
            "precision": 0.8625954198473282,
            "recall": 0.9416666666666667,
            "f1-score": 0.900398406374502,
            "support": 480.0
        },
        "jackhammer": {
            "precision": 0.5425531914893617,
            "recall": 0.7951002227171492,
            "f1-score": 0.6449864498644986,
            "support": 449.0
        },
        "police": {
            "precision": 0.9883720930232558,
            "recall": 0.9465478841870824,
            "f1-score": 0.9670079635949943,
            "support": 449.0
        },
        "street_music": {
            "precision": 0.8388059701492537,
            "recall": 0.6258351893095768,
            "f1-score": 0.7168367346938775,
            "support": 449.0
        },
        "traffic": {
            "precision": 0.9087136929460581,
            "recall": 0.9755011135857461,
            "f1-score": 0.9409237379162191,
            "support": 449.0
        },
        "accuracy": 0.673653715064758,
        "macro avg": {
            "precision": 0.7089304486537417,
            "recall": 0.6722303123750785,
            "f1-score": 0.6657326439265668,
            "support": 5868.0
        },
        "weighted avg": {
            "precision": 0.7097422438321672,
            "recall": 0.673653715064758,
            "f1-score": 0.6669723573955317,
            "support": 5868.0
        }
    },
    "paths": {
        "best_model": "output/vgg16/fold_5/checkpoint_epoch_1.pth",
        "confusion_matrix": "output/vgg16/fold_5/plots/confusion_matrix.png",
        "roc_curves": "output/vgg16/fold_5/plots/roc_curves.png",
        "classification_report": "output/vgg16/fold_5/classification_report.json",
        "grad_cam_dir": "output/vgg16/fold_5/grad_cam"
    }
}