{
    "air_conditioner": {
        "precision": 0.16167664670658682,
        "recall": 0.12026726057906459,
        "f1-score": 0.13793103448275862,
        "support": 449.0
    },
    "ambulance": {
        "precision": 0.8665377176015474,
        "recall": 0.9977728285077951,
        "f1-score": 0.927536231884058,
        "support": 449.0
    },
    "car_horn": {
        "precision": 0.7452229299363057,
        "recall": 0.6964285714285714,
        "f1-score": 0.72,
        "support": 336.0
    },
    "children_playing": {
        "precision": 0.6681887366818874,
        "recall": 0.977728285077951,
        "f1-score": 0.7938517179023508,
        "support": 449.0
    },
    "dog_bark": {
        "precision": 0.9743589743589743,
        "recall": 0.8463251670378619,
        "f1-score": 0.9058402860548271,
        "support": 449.0
    },
    "drilling": {
        "precision": 0.9413489736070382,
        "recall": 0.7149220489977728,
        "f1-score": 0.8126582278481013,
        "support": 449.0
    },
    "engine_idling": {
        "precision": 0.3987421383647799,
        "recall": 0.7060133630289532,
        "f1-score": 0.5096463022508039,
        "support": 449.0
    },
    "firetruck": {
        "precision": 0.9726651480637813,
        "recall": 0.9510022271714922,
        "f1-score": 0.9617117117117117,
        "support": 449.0
    },
    "gun_shot": {
        "precision": 0.9769911504424779,
        "recall": 1.0,
        "f1-score": 0.9883616830796778,
        "support": 552.0
    },
    "jackhammer": {
        "precision": 0.9022988505747126,
        "recall": 0.34966592427616927,
        "f1-score": 0.5040128410914928,
        "support": 449.0
    },
    "police": {
        "precision": 1.0,
        "recall": 0.9042316258351893,
        "f1-score": 0.9497076023391813,
        "support": 449.0
    },
    "street_music": {
        "precision": 0.7532467532467533,
        "recall": 0.7750556792873051,
        "f1-score": 0.7639956092206367,
        "support": 449.0
    },
    "traffic": {
        "precision": 1.0,
        "recall": 0.9643652561247216,
        "f1-score": 0.981859410430839,
        "support": 449.0
    },
    "accuracy": 0.775012871117213,
    "macro avg": {
        "precision": 0.7970213861219111,
        "recall": 0.7695214028732961,
        "f1-score": 0.7659317429458798,
        "support": 5827.0
    },
    "weighted avg": {
        "precision": 0.8012070925358448,
        "recall": 0.775012871117213,
        "f1-score": 0.770754219483835,
        "support": 5827.0
    }
}