{
    "air_conditioner": {
        "precision": 0.592436974789916,
        "recall": 0.6280623608017817,
        "f1-score": 0.6097297297297297,
        "support": 449.0
    },
    "ambulance": {
        "precision": 0.9331941544885177,
        "recall": 0.9955456570155902,
        "f1-score": 0.9633620689655172,
        "support": 449.0
    },
    "car_horn": {
        "precision": 1.0,
        "recall": 0.8869047619047619,
        "f1-score": 0.9400630914826499,
        "support": 336.0
    },
    "children_playing": {
        "precision": 0.727433628318584,
        "recall": 0.9153674832962138,
        "f1-score": 0.8106508875739645,
        "support": 449.0
    },
    "dog_bark": {
        "precision": 0.7532467532467533,
        "recall": 0.9042316258351893,
        "f1-score": 0.8218623481781376,
        "support": 449.0
    },
    "drilling": {
        "precision": 0.5718349928876245,
        "recall": 0.8953229398663697,
        "f1-score": 0.6979166666666666,
        "support": 449.0
    },
    "engine_idling": {
        "precision": 0.8810975609756098,
        "recall": 0.643652561247216,
        "f1-score": 0.7438867438867439,
        "support": 449.0
    },
    "firetruck": {
        "precision": 0.9933035714285714,
        "recall": 0.9910913140311804,
        "f1-score": 0.992196209587514,
        "support": 449.0
    },
    "gun_shot": {
        "precision": 0.9980506822612085,
        "recall": 0.8366013071895425,
        "f1-score": 0.9102222222222223,
        "support": 612.0
    },
    "jackhammer": {
        "precision": 0.38114754098360654,
        "recall": 0.2071269487750557,
        "f1-score": 0.2683982683982684,
        "support": 449.0
    },
    "police": {
        "precision": 0.9927536231884058,
        "recall": 0.9153674832962138,
        "f1-score": 0.9524913093858632,
        "support": 449.0
    },
    "street_music": {
        "precision": 0.8225806451612904,
        "recall": 0.7951002227171492,
        "f1-score": 0.8086070215175538,
        "support": 449.0
    },
    "traffic": {
        "precision": 1.0,
        "recall": 0.9933184855233853,
        "f1-score": 0.9966480446927374,
        "support": 449.0
    },
    "accuracy": 0.8151860030575845,
    "macro avg": {
        "precision": 0.8190061636715453,
        "recall": 0.8159763962692038,
        "f1-score": 0.808925739406736,
        "support": 5887.0
    },
    "weighted avg": {
        "precision": 0.8204894239102065,
        "recall": 0.8151860030575845,
        "f1-score": 0.8092132892478003,
        "support": 5887.0
    }
}