{
    "air_conditioner": {
        "precision": 0.6645702306079665,
        "recall": 0.7060133630289532,
        "f1-score": 0.6846652267818575,
        "support": 449.0
    },
    "ambulance": {
        "precision": 0.9157894736842105,
        "recall": 0.9688195991091314,
        "f1-score": 0.9415584415584416,
        "support": 449.0
    },
    "car_horn": {
        "precision": 0.9455958549222798,
        "recall": 0.8129175946547884,
        "f1-score": 0.874251497005988,
        "support": 449.0
    },
    "children_playing": {
        "precision": 0.8524173027989822,
        "recall": 0.7461024498886414,
        "f1-score": 0.7957244655581948,
        "support": 449.0
    },
    "dog_bark": {
        "precision": 0.7864077669902912,
        "recall": 0.9020044543429844,
        "f1-score": 0.8402489626556017,
        "support": 449.0
    },
    "drilling": {
        "precision": 0.76953125,
        "recall": 0.8775055679287305,
        "f1-score": 0.8199791883454735,
        "support": 449.0
    },
    "engine_idling": {
        "precision": 0.560546875,
        "recall": 0.6391982182628062,
        "f1-score": 0.5972944849115505,
        "support": 449.0
    },
    "firetruck": {
        "precision": 0.965034965034965,
        "recall": 0.9220489977728286,
        "f1-score": 0.9430523917995444,
        "support": 449.0
    },
    "gun_shot": {
        "precision": 0.9473684210526315,
        "recall": 0.9473684210526315,
        "f1-score": 0.9473684210526315,
        "support": 456.0
    },
    "jackhammer": {
        "precision": 0.47039473684210525,
        "recall": 0.3184855233853007,
        "f1-score": 0.3798140770252324,
        "support": 449.0
    },
    "police": {
        "precision": 0.9750566893424036,
        "recall": 0.9576837416481069,
        "f1-score": 0.9662921348314607,
        "support": 449.0
    },
    "street_music": {
        "precision": 0.8493449781659389,
        "recall": 0.8663697104677061,
        "f1-score": 0.8577728776185226,
        "support": 449.0
    },
    "traffic": {
        "precision": 0.911522633744856,
        "recall": 0.9866369710467706,
        "f1-score": 0.9475935828877006,
        "support": 449.0
    },
    "accuracy": 0.8194729637234771,
    "macro avg": {
        "precision": 0.8164293213989716,
        "recall": 0.8193195855837986,
        "f1-score": 0.8150473655409384,
        "support": 5844.0
    },
    "weighted avg": {
        "precision": 0.8165861615251824,
        "recall": 0.8194729637234771,
        "f1-score": 0.8152058609873077,
        "support": 5844.0
    }
}