{
    "air_conditioner": {
        "precision": 0.547945205479452,
        "recall": 0.35634743875278396,
        "f1-score": 0.4318488529014845,
        "support": 449.0
    },
    "ambulance": {
        "precision": 0.91701244813278,
        "recall": 0.9844097995545658,
        "f1-score": 0.949516648764769,
        "support": 449.0
    },
    "car_horn": {
        "precision": 0.852589641434263,
        "recall": 0.9532293986636972,
        "f1-score": 0.900105152471083,
        "support": 449.0
    },
    "children_playing": {
        "precision": 0.8279158699808795,
        "recall": 0.9643652561247216,
        "f1-score": 0.8909465020576132,
        "support": 449.0
    },
    "dog_bark": {
        "precision": 0.884,
        "recall": 0.9844097995545658,
        "f1-score": 0.9315068493150684,
        "support": 449.0
    },
    "drilling": {
        "precision": 0.6838095238095238,
        "recall": 0.799554565701559,
        "f1-score": 0.7371663244353183,
        "support": 449.0
    },
    "engine_idling": {
        "precision": 0.5387840670859538,
        "recall": 0.5723830734966593,
        "f1-score": 0.5550755939524838,
        "support": 449.0
    },
    "firetruck": {
        "precision": 0.9773869346733668,
        "recall": 0.8663697104677061,
        "f1-score": 0.9185360094451004,
        "support": 449.0
    },
    "gun_shot": {
        "precision": 0.9312169312169312,
        "recall": 0.8380952380952381,
        "f1-score": 0.8822055137844611,
        "support": 420.0
    },
    "jackhammer": {
        "precision": 0.7648725212464589,
        "recall": 0.6013363028953229,
        "f1-score": 0.6733167082294265,
        "support": 449.0
    },
    "police": {
        "precision": 0.9352818371607515,
        "recall": 0.9977728285077951,
        "f1-score": 0.9655172413793104,
        "support": 449.0
    },
    "street_music": {
        "precision": 0.8555304740406321,
        "recall": 0.844097995545657,
        "f1-score": 0.8497757847533632,
        "support": 449.0
    },
    "traffic": {
        "precision": 0.9846491228070176,
        "recall": 1.0,
        "f1-score": 0.9922651933701657,
        "support": 449.0
    },
    "accuracy": 0.8278236914600551,
    "macro avg": {
        "precision": 0.8231534290052315,
        "recall": 0.8278747236430977,
        "f1-score": 0.8213678749892037,
        "support": 5808.0
    },
    "weighted avg": {
        "precision": 0.822613855733169,
        "recall": 0.8278236914600551,
        "f1-score": 0.8210641057872301,
        "support": 5808.0
    }
}