{
    "air_conditioner": {
        "precision": 0.4984894259818731,
        "recall": 0.3674832962138085,
        "f1-score": 0.4230769230769231,
        "support": 449.0
    },
    "ambulance": {
        "precision": 0.6932849364791288,
        "recall": 0.8507795100222717,
        "f1-score": 0.764,
        "support": 449.0
    },
    "car_horn": {
        "precision": 0.8933333333333333,
        "recall": 0.9305555555555556,
        "f1-score": 0.9115646258503401,
        "support": 360.0
    },
    "children_playing": {
        "precision": 0.5724815724815725,
        "recall": 0.5189309576837416,
        "f1-score": 0.544392523364486,
        "support": 449.0
    },
    "dog_bark": {
        "precision": 0.6853002070393375,
        "recall": 0.7371937639198218,
        "f1-score": 0.7103004291845494,
        "support": 449.0
    },
    "drilling": {
        "precision": 0.6558219178082192,
        "recall": 0.8530066815144766,
        "f1-score": 0.7415295256534365,
        "support": 449.0
    },
    "engine_idling": {
        "precision": 0.5372807017543859,
        "recall": 0.5456570155902004,
        "f1-score": 0.5414364640883977,
        "support": 449.0
    },
    "firetruck": {
        "precision": 0.7813211845102506,
        "recall": 0.7639198218262806,
        "f1-score": 0.7725225225225225,
        "support": 449.0
    },
    "gun_shot": {
        "precision": 0.7186858316221766,
        "recall": 0.9722222222222222,
        "f1-score": 0.8264462809917356,
        "support": 360.0
    },
    "jackhammer": {
        "precision": 0.7821011673151751,
        "recall": 0.44766146993318484,
        "f1-score": 0.5694050991501416,
        "support": 449.0
    },
    "police": {
        "precision": 0.9580838323353293,
        "recall": 0.7126948775055679,
        "f1-score": 0.8173690932311622,
        "support": 449.0
    },
    "street_music": {
        "precision": 0.5917030567685589,
        "recall": 0.6035634743875279,
        "f1-score": 0.597574421168688,
        "support": 449.0
    },
    "traffic": {
        "precision": 0.8571428571428571,
        "recall": 0.9487750556792873,
        "f1-score": 0.9006342494714588,
        "support": 449.0
    },
    "accuracy": 0.7041880190846439,
    "macro avg": {
        "precision": 0.7096176941978614,
        "recall": 0.7117264386195346,
        "f1-score": 0.7015578582887569,
        "support": 5659.0
    },
    "weighted avg": {
        "precision": 0.7065857528453573,
        "recall": 0.7041880190846439,
        "f1-score": 0.6962909079559163,
        "support": 5659.0
    }
}