{
    "fold": 3,
    "best_epoch": 4,
    "train_loss": 0.16939963640719755,
    "val_loss": 1.201730161625764,
    "test_loss": 1.406990895474037,
    "train_accuracy": 95.59732123568806,
    "val_accuracy": 77.8064738292011,
    "test_accuracy": 74.22680412371135,
    "classification_report": {
        "air_conditioner": {
            "precision": 0.44333333333333336,
            "recall": 0.2962138084632517,
            "f1-score": 0.35514018691588783,
            "support": 449.0
        },
        "ambulance": {
            "precision": 0.9884259259259259,
            "recall": 0.9510022271714922,
            "f1-score": 0.9693530079455165,
            "support": 449.0
        },
        "car_horn": {
            "precision": 0.9348958333333334,
            "recall": 0.799554565701559,
            "f1-score": 0.8619447779111644,
            "support": 449.0
        },
        "children_playing": {
            "precision": 0.7505518763796909,
            "recall": 0.7572383073496659,
            "f1-score": 0.753880266075388,
            "support": 449.0
        },
        "dog_bark": {
            "precision": 0.9454545454545454,
            "recall": 0.8106904231625836,
            "f1-score": 0.8729016786570744,
            "support": 449.0
        },
        "drilling": {
            "precision": 0.7710843373493976,
            "recall": 0.5701559020044543,
            "f1-score": 0.6555697823303457,
            "support": 449.0
        },
        "engine_idling": {
            "precision": 0.42316258351893093,
            "recall": 0.42316258351893093,
            "f1-score": 0.42316258351893093,
            "support": 449.0
        },
        "firetruck": {
            "precision": 0.9570815450643777,
            "recall": 0.9933184855233853,
            "f1-score": 0.9748633879781421,
            "support": 449.0
        },
        "gun_shot": {
            "precision": 0.9584352078239609,
            "recall": 0.9074074074074074,
            "f1-score": 0.9322235434007135,
            "support": 432.0
        },
        "jackhammer": {
            "precision": 0.4854111405835544,
            "recall": 0.40757238307349664,
            "f1-score": 0.4430992736077482,
            "support": 449.0
        },
        "police": {
            "precision": 0.9660633484162896,
            "recall": 0.9510022271714922,
            "f1-score": 0.9584736251402918,
            "support": 449.0
        },
        "street_music": {
            "precision": 0.3885839736553238,
            "recall": 0.7884187082405345,
            "f1-score": 0.5205882352941177,
            "support": 449.0
        },
        "traffic": {
            "precision": 0.9354166666666667,
            "recall": 1.0,
            "f1-score": 0.9666307857911733,
            "support": 449.0
        },
        "accuracy": 0.7422680412371134,
        "macro avg": {
            "precision": 0.7652231013465639,
            "recall": 0.742749002214481,
            "f1-score": 0.745217779582038,
            "support": 5820.0
        },
        "weighted avg": {
            "precision": 0.7646587360870938,
            "recall": 0.7422680412371134,
            "f1-score": 0.7446715428148701,
            "support": 5820.0
        }
    },
    "paths": {
        "best_model": "output/alexnet/fold_3/checkpoint_epoch_4.pth",
        "confusion_matrix": "output/alexnet/fold_3/plots/confusion_matrix.png",
        "roc_curves": "output/alexnet/fold_3/plots/roc_curves.png",
        "classification_report": "output/alexnet/fold_3/classification_report.json",
        "grad_cam_dir": "output/alexnet/fold_3/grad_cam"
    }
}