{
    "air_conditioner": {
        "precision": 0.3345724907063197,
        "recall": 0.20044543429844097,
        "f1-score": 0.25069637883008355,
        "support": 449.0
    },
    "ambulance": {
        "precision": 0.8810483870967742,
        "recall": 0.9732739420935412,
        "f1-score": 0.9248677248677248,
        "support": 449.0
    },
    "car_horn": {
        "precision": 0.983739837398374,
        "recall": 0.7202380952380952,
        "f1-score": 0.8316151202749141,
        "support": 336.0
    },
    "children_playing": {
        "precision": 0.49498327759197325,
        "recall": 0.6592427616926503,
        "f1-score": 0.565425023877746,
        "support": 449.0
    },
    "dog_bark": {
        "precision": 0.44411326378539495,
        "recall": 0.6636971046770601,
        "f1-score": 0.5321428571428571,
        "support": 449.0
    },
    "drilling": {
        "precision": 0.8737864077669902,
        "recall": 0.40089086859688194,
        "f1-score": 0.549618320610687,
        "support": 449.0
    },
    "engine_idling": {
        "precision": 0.319755600814664,
        "recall": 0.34966592427616927,
        "f1-score": 0.33404255319148934,
        "support": 449.0
    },
    "firetruck": {
        "precision": 0.8698481561822126,
        "recall": 0.8930957683741648,
        "f1-score": 0.8813186813186813,
        "support": 449.0
    },
    "gun_shot": {
        "precision": 0.9428076256499134,
        "recall": 0.9855072463768116,
        "f1-score": 0.9636846767050488,
        "support": 552.0
    },
    "jackhammer": {
        "precision": 0.7786458333333334,
        "recall": 0.6659242761692651,
        "f1-score": 0.7178871548619448,
        "support": 449.0
    },
    "police": {
        "precision": 0.9164733178654292,
        "recall": 0.8797327394209354,
        "f1-score": 0.8977272727272727,
        "support": 449.0
    },
    "street_music": {
        "precision": 0.5656028368794326,
        "recall": 0.7104677060133631,
        "f1-score": 0.629812438302073,
        "support": 449.0
    },
    "traffic": {
        "precision": 0.9907621247113164,
        "recall": 0.955456570155902,
        "f1-score": 0.9727891156462585,
        "support": 449.0
    },
    "accuracy": 0.7013900806590012,
    "macro avg": {
        "precision": 0.7227799353678559,
        "recall": 0.6967414182602525,
        "f1-score": 0.696279024488983,
        "support": 5827.0
    },
    "weighted avg": {
        "precision": 0.7216085578441908,
        "recall": 0.7013900806590012,
        "f1-score": 0.6983812732197957,
        "support": 5827.0
    }
}