{
    "air_conditioner": {
        "precision": 0.7065868263473054,
        "recall": 0.26280623608017817,
        "f1-score": 0.38311688311688313,
        "support": 449.0
    },
    "ambulance": {
        "precision": 0.948936170212766,
        "recall": 0.9933184855233853,
        "f1-score": 0.970620239390642,
        "support": 449.0
    },
    "car_horn": {
        "precision": 0.7980456026058632,
        "recall": 0.5456570155902004,
        "f1-score": 0.6481481481481481,
        "support": 449.0
    },
    "children_playing": {
        "precision": 0.859538784067086,
        "recall": 0.9131403118040089,
        "f1-score": 0.8855291576673866,
        "support": 449.0
    },
    "dog_bark": {
        "precision": 0.9588744588744589,
        "recall": 0.9866369710467706,
        "f1-score": 0.9725576289791438,
        "support": 449.0
    },
    "drilling": {
        "precision": 0.9378238341968912,
        "recall": 0.8062360801781737,
        "f1-score": 0.8670658682634731,
        "support": 449.0
    },
    "engine_idling": {
        "precision": 0.5625942684766214,
        "recall": 0.8307349665924276,
        "f1-score": 0.670863309352518,
        "support": 449.0
    },
    "firetruck": {
        "precision": 0.6724683544303798,
        "recall": 0.9465478841870824,
        "f1-score": 0.786308973172988,
        "support": 449.0
    },
    "gun_shot": {
        "precision": 0.9667458432304038,
        "recall": 0.969047619047619,
        "f1-score": 0.9678953626634959,
        "support": 420.0
    },
    "jackhammer": {
        "precision": 0.8521739130434782,
        "recall": 0.8730512249443207,
        "f1-score": 0.8624862486248625,
        "support": 449.0
    },
    "police": {
        "precision": 0.9866962305986696,
        "recall": 0.9910913140311804,
        "f1-score": 0.9888888888888889,
        "support": 449.0
    },
    "street_music": {
        "precision": 0.8391304347826087,
        "recall": 0.8596881959910914,
        "f1-score": 0.8492849284928493,
        "support": 449.0
    },
    "traffic": {
        "precision": 0.9933628318584071,
        "recall": 1.0,
        "f1-score": 0.9966703662597114,
        "support": 449.0
    },
    "accuracy": 0.84383608815427,
    "macro avg": {
        "precision": 0.8525367348249954,
        "recall": 0.8444581773089569,
        "f1-score": 0.8345720002323839,
        "support": 5808.0
    },
    "weighted avg": {
        "precision": 0.8519664758470757,
        "recall": 0.84383608815427,
        "f1-score": 0.8339063016252038,
        "support": 5808.0
    }
}