{
    "air_conditioner": {
        "precision": 0.7386363636363636,
        "recall": 0.1447661469933185,
        "f1-score": 0.24208566108007448,
        "support": 449.0
    },
    "ambulance": {
        "precision": 0.9460043196544277,
        "recall": 0.9755011135857461,
        "f1-score": 0.9605263157894737,
        "support": 449.0
    },
    "car_horn": {
        "precision": 0.9514066496163683,
        "recall": 0.96875,
        "f1-score": 0.96,
        "support": 384.0
    },
    "children_playing": {
        "precision": 0.913953488372093,
        "recall": 0.8752783964365256,
        "f1-score": 0.89419795221843,
        "support": 449.0
    },
    "dog_bark": {
        "precision": 0.5596465390279823,
        "recall": 0.8463251670378619,
        "f1-score": 0.6737588652482269,
        "support": 449.0
    },
    "drilling": {
        "precision": 0.7369565217391304,
        "recall": 0.755011135857461,
        "f1-score": 0.7458745874587459,
        "support": 449.0
    },
    "engine_idling": {
        "precision": 0.6093514328808446,
        "recall": 0.8997772828507795,
        "f1-score": 0.7266187050359713,
        "support": 449.0
    },
    "firetruck": {
        "precision": 0.9534368070953437,
        "recall": 0.9576837416481069,
        "f1-score": 0.9555555555555556,
        "support": 449.0
    },
    "gun_shot": {
        "precision": 1.0,
        "recall": 0.6747311827956989,
        "f1-score": 0.8057784911717496,
        "support": 372.0
    },
    "jackhammer": {
        "precision": 0.8864864864864865,
        "recall": 0.7305122494432071,
        "f1-score": 0.800976800976801,
        "support": 449.0
    },
    "police": {
        "precision": 0.9798657718120806,
        "recall": 0.9755011135857461,
        "f1-score": 0.9776785714285714,
        "support": 449.0
    },
    "street_music": {
        "precision": 0.6709323583180987,
        "recall": 0.8173719376391982,
        "f1-score": 0.7369477911646586,
        "support": 449.0
    },
    "traffic": {
        "precision": 0.9846153846153847,
        "recall": 0.9977728285077951,
        "f1-score": 0.9911504424778761,
        "support": 449.0
    },
    "accuracy": 0.8170324846356453,
    "macro avg": {
        "precision": 0.8408686248657389,
        "recall": 0.8168447920293419,
        "f1-score": 0.8054730568927795,
        "support": 5695.0
    },
    "weighted avg": {
        "precision": 0.8374554400555316,
        "recall": 0.8170324846356453,
        "f1-score": 0.8037052307748779,
        "support": 5695.0
    }
}