{
    "air_conditioner": {
        "precision": 0.5810276679841897,
        "recall": 0.3273942093541203,
        "f1-score": 0.4188034188034188,
        "support": 449.0
    },
    "ambulance": {
        "precision": 0.9535398230088495,
        "recall": 0.9599109131403119,
        "f1-score": 0.9567147613762487,
        "support": 449.0
    },
    "car_horn": {
        "precision": 0.34459459459459457,
        "recall": 0.22717149220489977,
        "f1-score": 0.2738255033557047,
        "support": 449.0
    },
    "children_playing": {
        "precision": 0.7222222222222222,
        "recall": 0.7238307349665924,
        "f1-score": 0.7230255839822024,
        "support": 449.0
    },
    "dog_bark": {
        "precision": 0.743801652892562,
        "recall": 0.8017817371937639,
        "f1-score": 0.7717041800643086,
        "support": 449.0
    },
    "drilling": {
        "precision": 0.7685185185185185,
        "recall": 0.5545657015590201,
        "f1-score": 0.6442432082794308,
        "support": 449.0
    },
    "engine_idling": {
        "precision": 0.6447688564476886,
        "recall": 0.5902004454342984,
        "f1-score": 0.6162790697674418,
        "support": 449.0
    },
    "firetruck": {
        "precision": 0.8902691511387164,
        "recall": 0.9576837416481069,
        "f1-score": 0.9227467811158798,
        "support": 449.0
    },
    "gun_shot": {
        "precision": 0.8626262626262626,
        "recall": 0.8895833333333333,
        "f1-score": 0.8758974358974358,
        "support": 480.0
    },
    "jackhammer": {
        "precision": 0.593006993006993,
        "recall": 0.9443207126948775,
        "f1-score": 0.7285223367697594,
        "support": 449.0
    },
    "police": {
        "precision": 0.9831730769230769,
        "recall": 0.910913140311804,
        "f1-score": 0.945664739884393,
        "support": 449.0
    },
    "street_music": {
        "precision": 0.3877551020408163,
        "recall": 0.5501113585746102,
        "f1-score": 0.4548802946593002,
        "support": 449.0
    },
    "traffic": {
        "precision": 0.9734513274336283,
        "recall": 0.9799554565701559,
        "f1-score": 0.97669256381798,
        "support": 449.0
    },
    "accuracy": 0.7252897068847989,
    "macro avg": {
        "precision": 0.7268273268337014,
        "recall": 0.7244171520758381,
        "f1-score": 0.7160769136748849,
        "support": 5868.0
    },
    "weighted avg": {
        "precision": 0.7275447377078612,
        "recall": 0.7252897068847989,
        "f1-score": 0.7169212279538385,
        "support": 5868.0
    }
}