{
    "fold": 9,
    "best_epoch": 2,
    "train_loss": 0.1925402407324617,
    "val_loss": 1.3015971519168117,
    "test_loss": 1.0108992803461456,
    "train_accuracy": 94.28098960570398,
    "val_accuracy": 72.15055663544796,
    "test_accuracy": 79.7892888498683,
    "classification_report": {
        "air_conditioner": {
            "precision": 0.37628865979381443,
            "recall": 0.32516703786191536,
            "f1-score": 0.34886499402628435,
            "support": 449.0
        },
        "ambulance": {
            "precision": 0.9312638580931264,
            "recall": 0.9354120267260579,
            "f1-score": 0.9333333333333333,
            "support": 449.0
        },
        "car_horn": {
            "precision": 0.9711815561959655,
            "recall": 0.8776041666666666,
            "f1-score": 0.9220246238030095,
            "support": 384.0
        },
        "children_playing": {
            "precision": 0.6129629629629629,
            "recall": 0.7371937639198218,
            "f1-score": 0.6693629929221436,
            "support": 449.0
        },
        "dog_bark": {
            "precision": 0.7360515021459227,
            "recall": 0.7639198218262806,
            "f1-score": 0.7497267759562841,
            "support": 449.0
        },
        "drilling": {
            "precision": 0.7183098591549296,
            "recall": 0.5679287305122495,
            "f1-score": 0.6343283582089553,
            "support": 449.0
        },
        "engine_idling": {
            "precision": 0.8486842105263158,
            "recall": 0.8619153674832962,
            "f1-score": 0.8552486187845304,
            "support": 449.0
        },
        "firetruck": {
            "precision": 0.9974358974358974,
            "recall": 0.8663697104677061,
            "f1-score": 0.9272943980929678,
            "support": 449.0
        },
        "gun_shot": {
            "precision": 0.8900804289544236,
            "recall": 0.8924731182795699,
            "f1-score": 0.8912751677852349,
            "support": 372.0
        },
        "jackhammer": {
            "precision": 0.7956204379562044,
            "recall": 0.7282850779510023,
            "f1-score": 0.7604651162790698,
            "support": 449.0
        },
        "police": {
            "precision": 0.8745019920318725,
            "recall": 0.977728285077951,
            "f1-score": 0.9232386961093586,
            "support": 449.0
        },
        "street_music": {
            "precision": 0.6902654867256637,
            "recall": 0.8685968819599109,
            "f1-score": 0.7692307692307693,
            "support": 449.0
        },
        "traffic": {
            "precision": 0.9933481152993349,
            "recall": 0.9977728285077951,
            "f1-score": 0.9955555555555555,
            "support": 449.0
        },
        "accuracy": 0.797892888498683,
        "macro avg": {
            "precision": 0.8027688436366488,
            "recall": 0.8000282167107865,
            "f1-score": 0.7984576461605767,
            "support": 5695.0
        },
        "weighted avg": {
            "precision": 0.7996661538410694,
            "recall": 0.797892888498683,
            "f1-score": 0.7957923603463788,
            "support": 5695.0
        }
    },
    "paths": {
        "best_model": "output/alexnet/fold_9/checkpoint_epoch_2.pth",
        "confusion_matrix": "output/alexnet/fold_9/plots/confusion_matrix.png",
        "roc_curves": "output/alexnet/fold_9/plots/roc_curves.png",
        "classification_report": "output/alexnet/fold_9/classification_report.json",
        "grad_cam_dir": "output/alexnet/fold_9/grad_cam"
    }
}