{
    "fold": 6,
    "best_epoch": 1,
    "train_loss": 0.36727830259977,
    "val_loss": 1.3730602521011506,
    "test_loss": 1.7126144647673105,
    "train_accuracy": 91.20134997728404,
    "val_accuracy": 74.94887525562372,
    "test_accuracy": 73.1422687489274,
    "classification_report": {
        "air_conditioner": {
            "precision": 0.28431372549019607,
            "recall": 0.2583518930957684,
            "f1-score": 0.2707117852975496,
            "support": 449.0
        },
        "ambulance": {
            "precision": 0.8480492813141683,
            "recall": 0.9198218262806236,
            "f1-score": 0.8824786324786325,
            "support": 449.0
        },
        "car_horn": {
            "precision": 0.7794117647058824,
            "recall": 0.6309523809523809,
            "f1-score": 0.6973684210526315,
            "support": 336.0
        },
        "children_playing": {
            "precision": 0.7298387096774194,
            "recall": 0.8062360801781737,
            "f1-score": 0.7661375661375661,
            "support": 449.0
        },
        "dog_bark": {
            "precision": 0.867231638418079,
            "recall": 0.6837416481069042,
            "f1-score": 0.7646326276463262,
            "support": 449.0
        },
        "drilling": {
            "precision": 0.8844884488448845,
            "recall": 0.5968819599109132,
            "f1-score": 0.7127659574468085,
            "support": 449.0
        },
        "engine_idling": {
            "precision": 0.36351875808538164,
            "recall": 0.6258351893095768,
            "f1-score": 0.45990180032733224,
            "support": 449.0
        },
        "firetruck": {
            "precision": 0.930952380952381,
            "recall": 0.8708240534521158,
            "f1-score": 0.8998849252013809,
            "support": 449.0
        },
        "gun_shot": {
            "precision": 0.9483648881239243,
            "recall": 0.9981884057971014,
            "f1-score": 0.9726390114739629,
            "support": 552.0
        },
        "jackhammer": {
            "precision": 0.6869158878504673,
            "recall": 0.3273942093541203,
            "f1-score": 0.4434389140271493,
            "support": 449.0
        },
        "police": {
            "precision": 0.8774193548387097,
            "recall": 0.9086859688195991,
            "f1-score": 0.8927789934354485,
            "support": 449.0
        },
        "street_music": {
            "precision": 0.6080645161290322,
            "recall": 0.8396436525612472,
            "f1-score": 0.7053320860617399,
            "support": 449.0
        },
        "traffic": {
            "precision": 0.988479262672811,
            "recall": 0.955456570155902,
            "f1-score": 0.9716874292185731,
            "support": 449.0
        },
        "accuracy": 0.7314226874892741,
        "macro avg": {
            "precision": 0.7536191243925643,
            "recall": 0.7247702952288021,
            "f1-score": 0.7261352422927001,
            "support": 5827.0
        },
        "weighted avg": {
            "precision": 0.7565613322712197,
            "recall": 0.7314226874892741,
            "f1-score": 0.7310503854239507,
            "support": 5827.0
        }
    },
    "paths": {
        "best_model": "output/vgg16/fold_6/checkpoint_epoch_1.pth",
        "confusion_matrix": "output/vgg16/fold_6/plots/confusion_matrix.png",
        "roc_curves": "output/vgg16/fold_6/plots/roc_curves.png",
        "classification_report": "output/vgg16/fold_6/classification_report.json",
        "grad_cam_dir": "output/vgg16/fold_6/grad_cam"
    }
}