{
    "fold": 2,
    "best_epoch": 3,
    "train_loss": 0.08713318437684549,
    "val_loss": 1.0189554935351914,
    "test_loss": 1.2232520735229668,
    "train_accuracy": 97.7741315658801,
    "val_accuracy": 82.30012087722328,
    "test_accuracy": 74.17355371900827,
    "classification_report": {
        "air_conditioner": {
            "precision": 0.7403314917127072,
            "recall": 0.2984409799554566,
            "f1-score": 0.4253968253968254,
            "support": 449.0
        },
        "ambulance": {
            "precision": 0.9367088607594937,
            "recall": 0.9888641425389755,
            "f1-score": 0.962080173347779,
            "support": 449.0
        },
        "car_horn": {
            "precision": 0.9922480620155039,
            "recall": 0.5701559020044543,
            "f1-score": 0.7241867043847242,
            "support": 449.0
        },
        "children_playing": {
            "precision": 0.6121112929623568,
            "recall": 0.8329621380846325,
            "f1-score": 0.7056603773584905,
            "support": 449.0
        },
        "dog_bark": {
            "precision": 0.7958015267175572,
            "recall": 0.9287305122494433,
            "f1-score": 0.8571428571428571,
            "support": 449.0
        },
        "drilling": {
            "precision": 0.6022471910112359,
            "recall": 0.5968819599109132,
            "f1-score": 0.5995525727069351,
            "support": 449.0
        },
        "engine_idling": {
            "precision": 0.3168724279835391,
            "recall": 0.5144766146993318,
            "f1-score": 0.3921901528013582,
            "support": 449.0
        },
        "firetruck": {
            "precision": 0.9034334763948498,
            "recall": 0.9376391982182628,
            "f1-score": 0.9202185792349726,
            "support": 449.0
        },
        "gun_shot": {
            "precision": 0.7214611872146118,
            "recall": 0.7523809523809524,
            "f1-score": 0.7365967365967366,
            "support": 420.0
        },
        "jackhammer": {
            "precision": 0.7551622418879056,
            "recall": 0.5701559020044543,
            "f1-score": 0.649746192893401,
            "support": 449.0
        },
        "police": {
            "precision": 1.0,
            "recall": 0.8641425389755011,
            "f1-score": 0.927120669056153,
            "support": 449.0
        },
        "street_music": {
            "precision": 0.7268993839835729,
            "recall": 0.7884187082405345,
            "f1-score": 0.7564102564102564,
            "support": 449.0
        },
        "traffic": {
            "precision": 0.9594017094017094,
            "recall": 1.0,
            "f1-score": 0.9792802617230099,
            "support": 449.0
        },
        "accuracy": 0.7417355371900827,
        "macro avg": {
            "precision": 0.7740522193880802,
            "recall": 0.7417884268663778,
            "f1-score": 0.7411986430041153,
            "support": 5808.0
        },
        "weighted avg": {
            "precision": 0.7743148123517563,
            "recall": 0.7417355371900827,
            "f1-score": 0.7412216208425819,
            "support": 5808.0
        }
    },
    "paths": {
        "best_model": "output/inception/fold_2/checkpoint_epoch_3.pth",
        "confusion_matrix": "output/inception/fold_2/plots/confusion_matrix.png",
        "roc_curves": "output/inception/fold_2/plots/roc_curves.png",
        "classification_report": "output/inception/fold_2/classification_report.json",
        "grad_cam_dir": "output/inception/fold_2/grad_cam"
    }
}