{
    "air_conditioner": {
        "precision": 0.8398058252427184,
        "recall": 0.38530066815144765,
        "f1-score": 0.5282442748091603,
        "support": 449.0
    },
    "ambulance": {
        "precision": 0.9932126696832579,
        "recall": 0.977728285077951,
        "f1-score": 0.9854096520763187,
        "support": 449.0
    },
    "car_horn": {
        "precision": 0.3504823151125402,
        "recall": 0.24276169265033407,
        "f1-score": 0.2868421052631579,
        "support": 449.0
    },
    "children_playing": {
        "precision": 0.7803347280334728,
        "recall": 0.8307349665924276,
        "f1-score": 0.8047464940668824,
        "support": 449.0
    },
    "dog_bark": {
        "precision": 0.8599562363238512,
        "recall": 0.8752783964365256,
        "f1-score": 0.8675496688741722,
        "support": 449.0
    },
    "drilling": {
        "precision": 0.7796610169491526,
        "recall": 0.8195991091314031,
        "f1-score": 0.7991313789359392,
        "support": 449.0
    },
    "engine_idling": {
        "precision": 0.6806451612903226,
        "recall": 0.46993318485523383,
        "f1-score": 0.5559947299077734,
        "support": 449.0
    },
    "firetruck": {
        "precision": 0.9954545454545455,
        "recall": 0.9755011135857461,
        "f1-score": 0.9853768278965129,
        "support": 449.0
    },
    "gun_shot": {
        "precision": 0.9054820415879017,
        "recall": 0.9979166666666667,
        "f1-score": 0.9494549058473737,
        "support": 480.0
    },
    "jackhammer": {
        "precision": 0.9315352697095436,
        "recall": 1.0,
        "f1-score": 0.9645542427497314,
        "support": 449.0
    },
    "police": {
        "precision": 1.0,
        "recall": 0.9910913140311804,
        "f1-score": 0.9955257270693513,
        "support": 449.0
    },
    "street_music": {
        "precision": 0.5172855313700384,
        "recall": 0.8997772828507795,
        "f1-score": 0.656910569105691,
        "support": 449.0
    },
    "traffic": {
        "precision": 0.8718446601941747,
        "recall": 1.0,
        "f1-score": 0.9315352697095436,
        "support": 449.0
    },
    "accuracy": 0.8060668029993183,
    "macro avg": {
        "precision": 0.8081307693039631,
        "recall": 0.8050478984638227,
        "f1-score": 0.7931750651008929,
        "support": 5868.0
    },
    "weighted avg": {
        "precision": 0.8086450653913527,
        "recall": 0.8060668029993183,
        "f1-score": 0.7940006743481903,
        "support": 5868.0
    }
}