{
    "fold": 6,
    "best_epoch": 0,
    "train_loss": 0.15848373348874917,
    "val_loss": 0.6487673414493379,
    "test_loss": 0.5799060870950875,
    "train_accuracy": 95.69694740713497,
    "val_accuracy": 83.31629175187457,
    "test_accuracy": 81.12236142097134,
    "classification_report": {
        "air_conditioner": {
            "precision": 0.42445054945054944,
            "recall": 0.688195991091314,
            "f1-score": 0.5250637213254036,
            "support": 449.0
        },
        "ambulance": {
            "precision": 0.9416846652267818,
            "recall": 0.9710467706013363,
            "f1-score": 0.956140350877193,
            "support": 449.0
        },
        "car_horn": {
            "precision": 0.9557522123893806,
            "recall": 0.6428571428571429,
            "f1-score": 0.7686832740213523,
            "support": 336.0
        },
        "children_playing": {
            "precision": 0.9848484848484849,
            "recall": 0.7238307349665924,
            "f1-score": 0.834403080872914,
            "support": 449.0
        },
        "dog_bark": {
            "precision": 0.8931818181818182,
            "recall": 0.8752783964365256,
            "f1-score": 0.8841394825646794,
            "support": 449.0
        },
        "drilling": {
            "precision": 0.9680232558139535,
            "recall": 0.7416481069042317,
            "f1-score": 0.8398486759142497,
            "support": 449.0
        },
        "engine_idling": {
            "precision": 0.43729903536977494,
            "recall": 0.6057906458797327,
            "f1-score": 0.5079365079365079,
            "support": 449.0
        },
        "firetruck": {
            "precision": 0.9976905311778291,
            "recall": 0.9621380846325167,
            "f1-score": 0.9795918367346939,
            "support": 449.0
        },
        "gun_shot": {
            "precision": 0.9928057553956835,
            "recall": 1.0,
            "f1-score": 0.9963898916967509,
            "support": 552.0
        },
        "jackhammer": {
            "precision": 0.806949806949807,
            "recall": 0.46547884187082406,
            "f1-score": 0.5903954802259888,
            "support": 449.0
        },
        "police": {
            "precision": 0.922077922077922,
            "recall": 0.9487750556792873,
            "f1-score": 0.9352360043907794,
            "support": 449.0
        },
        "street_music": {
            "precision": 0.7357414448669202,
            "recall": 0.8619153674832962,
            "f1-score": 0.7938461538461539,
            "support": 449.0
        },
        "traffic": {
            "precision": 0.997716894977169,
            "recall": 0.9732739420935412,
            "f1-score": 0.9853438556933484,
            "support": 449.0
        },
        "accuracy": 0.8112236142097135,
        "macro avg": {
            "precision": 0.8506324905173902,
            "recall": 0.8046330061920263,
            "f1-score": 0.8151552550846165,
            "support": 5827.0
        },
        "weighted avg": {
            "precision": 0.8511070602292368,
            "recall": 0.8112236142097135,
            "f1-score": 0.8192600262243452,
            "support": 5827.0
        }
    },
    "paths": {
        "best_model": "output/convnext/fold_6/checkpoint_epoch_0.pth",
        "confusion_matrix": "output/convnext/fold_6/plots/confusion_matrix.png",
        "roc_curves": "output/convnext/fold_6/plots/roc_curves.png",
        "classification_report": "output/convnext/fold_6/classification_report.json",
        "grad_cam_dir": "output/convnext/fold_6/grad_cam"
    }
}