{
    "air_conditioner": {
        "precision": 0.4429347826086957,
        "recall": 0.36302895322939865,
        "f1-score": 0.3990208078335373,
        "support": 449.0
    },
    "ambulance": {
        "precision": 0.9066390041493776,
        "recall": 0.9732739420935412,
        "f1-score": 0.9387755102040817,
        "support": 449.0
    },
    "car_horn": {
        "precision": 0.967741935483871,
        "recall": 0.8928571428571429,
        "f1-score": 0.9287925696594427,
        "support": 336.0
    },
    "children_playing": {
        "precision": 0.6774193548387096,
        "recall": 0.46770601336302897,
        "f1-score": 0.5533596837944664,
        "support": 449.0
    },
    "dog_bark": {
        "precision": 0.5959438377535101,
        "recall": 0.8507795100222717,
        "f1-score": 0.7009174311926606,
        "support": 449.0
    },
    "drilling": {
        "precision": 0.35192697768762676,
        "recall": 0.7728285077951003,
        "f1-score": 0.48362369337979094,
        "support": 449.0
    },
    "engine_idling": {
        "precision": 0.7506234413965087,
        "recall": 0.6703786191536748,
        "f1-score": 0.7082352941176471,
        "support": 449.0
    },
    "firetruck": {
        "precision": 0.9726651480637813,
        "recall": 0.9510022271714922,
        "f1-score": 0.9617117117117117,
        "support": 449.0
    },
    "gun_shot": {
        "precision": 1.0,
        "recall": 0.8251633986928104,
        "f1-score": 0.9042076991942704,
        "support": 612.0
    },
    "jackhammer": {
        "precision": 0.0,
        "recall": 0.0,
        "f1-score": 0.0,
        "support": 449.0
    },
    "police": {
        "precision": 0.9882075471698113,
        "recall": 0.933184855233853,
        "f1-score": 0.9599083619702177,
        "support": 449.0
    },
    "street_music": {
        "precision": 0.6627906976744186,
        "recall": 0.7616926503340757,
        "f1-score": 0.7088082901554404,
        "support": 449.0
    },
    "traffic": {
        "precision": 0.9368421052631579,
        "recall": 0.9910913140311804,
        "f1-score": 0.9632034632034632,
        "support": 449.0
    },
    "accuracy": 0.7266859181246815,
    "macro avg": {
        "precision": 0.7118257563145746,
        "recall": 0.7271528564598131,
        "f1-score": 0.7085049628012869,
        "support": 5887.0
    },
    "weighted avg": {
        "precision": 0.7148924920839976,
        "recall": 0.7266859181246815,
        "f1-score": 0.7096952203954918,
        "support": 5887.0
    }
}