{
    "air_conditioner": {
        "precision": 0.44565217391304346,
        "recall": 0.09131403118040089,
        "f1-score": 0.15157116451016636,
        "support": 449.0
    },
    "ambulance": {
        "precision": 0.8585657370517928,
        "recall": 0.9599109131403119,
        "f1-score": 0.9064143007360673,
        "support": 449.0
    },
    "car_horn": {
        "precision": 0.5459317585301837,
        "recall": 0.46325167037861914,
        "f1-score": 0.5012048192771085,
        "support": 449.0
    },
    "children_playing": {
        "precision": 0.4949290060851927,
        "recall": 0.5434298440979956,
        "f1-score": 0.5180467091295117,
        "support": 449.0
    },
    "dog_bark": {
        "precision": 0.7790697674418605,
        "recall": 0.7461024498886414,
        "f1-score": 0.7622298065984073,
        "support": 449.0
    },
    "drilling": {
        "precision": 0.7780979827089337,
        "recall": 0.6013363028953229,
        "f1-score": 0.678391959798995,
        "support": 449.0
    },
    "engine_idling": {
        "precision": 0.5024038461538461,
        "recall": 0.9309576837416481,
        "f1-score": 0.652615144418423,
        "support": 449.0
    },
    "firetruck": {
        "precision": 0.9056179775280899,
        "recall": 0.8975501113585747,
        "f1-score": 0.901565995525727,
        "support": 449.0
    },
    "gun_shot": {
        "precision": 0.96,
        "recall": 0.9473684210526315,
        "f1-score": 0.9536423841059603,
        "support": 456.0
    },
    "jackhammer": {
        "precision": 0.4398034398034398,
        "recall": 0.3986636971046771,
        "f1-score": 0.4182242990654206,
        "support": 449.0
    },
    "police": {
        "precision": 0.9515011547344111,
        "recall": 0.9175946547884187,
        "f1-score": 0.9342403628117913,
        "support": 449.0
    },
    "street_music": {
        "precision": 0.4215686274509804,
        "recall": 0.5746102449888641,
        "f1-score": 0.48633364750235625,
        "support": 449.0
    },
    "traffic": {
        "precision": 0.9904761904761905,
        "recall": 0.9265033407572383,
        "f1-score": 0.9574223245109321,
        "support": 449.0
    },
    "accuracy": 0.6925051334702259,
    "macro avg": {
        "precision": 0.697970589375228,
        "recall": 0.6921994896441034,
        "f1-score": 0.678607916768528,
        "support": 5844.0
    },
    "weighted avg": {
        "precision": 0.6982844507500353,
        "recall": 0.6925051334702259,
        "f1-score": 0.6789373557266669,
        "support": 5844.0
    }
}