{
    "fold": 4,
    "best_epoch": 3,
    "train_loss": 0.028096696091954303,
    "val_loss": 1.2208782096160855,
    "test_loss": 1.044448072149536,
    "train_accuracy": 99.17196350585895,
    "val_accuracy": 82.5085910652921,
    "test_accuracy": 83.09377138945928,
    "classification_report": {
        "air_conditioner": {
            "precision": 0.5825602968460112,
            "recall": 0.6993318485523385,
            "f1-score": 0.6356275303643725,
            "support": 449.0
        },
        "ambulance": {
            "precision": 1.0,
            "recall": 0.9621380846325167,
            "f1-score": 0.9807037457434733,
            "support": 449.0
        },
        "car_horn": {
            "precision": 0.9971671388101983,
            "recall": 0.7839643652561247,
            "f1-score": 0.8778054862842892,
            "support": 449.0
        },
        "children_playing": {
            "precision": 0.7922912205567452,
            "recall": 0.8240534521158129,
            "f1-score": 0.8078602620087336,
            "support": 449.0
        },
        "dog_bark": {
            "precision": 0.8691358024691358,
            "recall": 0.7839643652561247,
            "f1-score": 0.8243559718969555,
            "support": 449.0
        },
        "drilling": {
            "precision": 0.8299595141700404,
            "recall": 0.9131403118040089,
            "f1-score": 0.8695652173913043,
            "support": 449.0
        },
        "engine_idling": {
            "precision": 0.5,
            "recall": 0.8129175946547884,
            "f1-score": 0.6191687871077184,
            "support": 449.0
        },
        "firetruck": {
            "precision": 0.9867549668874173,
            "recall": 0.9955456570155902,
            "f1-score": 0.991130820399113,
            "support": 449.0
        },
        "gun_shot": {
            "precision": 0.9691629955947136,
            "recall": 0.9649122807017544,
            "f1-score": 0.967032967032967,
            "support": 456.0
        },
        "jackhammer": {
            "precision": 0.8260869565217391,
            "recall": 0.25389755011135856,
            "f1-score": 0.38841567291311757,
            "support": 449.0
        },
        "police": {
            "precision": 0.9801762114537445,
            "recall": 0.9910913140311804,
            "f1-score": 0.9856035437430787,
            "support": 449.0
        },
        "street_music": {
            "precision": 0.8394495412844036,
            "recall": 0.8151447661469933,
            "f1-score": 0.8271186440677966,
            "support": 449.0
        },
        "traffic": {
            "precision": 0.918200408997955,
            "recall": 1.0,
            "f1-score": 0.9573560767590619,
            "support": 449.0
        },
        "accuracy": 0.8309377138945927,
        "macro avg": {
            "precision": 0.8531496195070848,
            "recall": 0.8307770454060454,
            "f1-score": 0.8255188250547678,
            "support": 5844.0
        },
        "weighted avg": {
            "precision": 0.8532885814565397,
            "recall": 0.8309377138945927,
            "f1-score": 0.8256883320694577,
            "support": 5844.0
        }
    },
    "paths": {
        "best_model": "output/efficientnet/fold_4/checkpoint_epoch_3.pth",
        "confusion_matrix": "output/efficientnet/fold_4/plots/confusion_matrix.png",
        "roc_curves": "output/efficientnet/fold_4/plots/roc_curves.png",
        "classification_report": "output/efficientnet/fold_4/classification_report.json",
        "grad_cam_dir": "output/efficientnet/fold_4/grad_cam"
    }
}