{
    "fold": 1,
    "best_epoch": 3,
    "train_loss": 0.4565081295888286,
    "val_loss": 0.8757501204032451,
    "test_loss": 0.825139602789512,
    "train_accuracy": 85.47017755559386,
    "val_accuracy": 73.24707116628781,
    "test_accuracy": 70.03971680193403,
    "classification_report": {
        "air_conditioner": {
            "precision": 0.2552011095700416,
            "recall": 0.40979955456570155,
            "f1-score": 0.3145299145299145,
            "support": 449.0
        },
        "ambulance": {
            "precision": 0.8778801843317973,
            "recall": 0.8485523385300668,
            "f1-score": 0.8629671574178935,
            "support": 449.0
        },
        "car_horn": {
            "precision": 0.8502415458937198,
            "recall": 0.8148148148148148,
            "f1-score": 0.8321513002364066,
            "support": 432.0
        },
        "children_playing": {
            "precision": 0.7428571428571429,
            "recall": 0.7527839643652561,
            "f1-score": 0.7477876106194691,
            "support": 449.0
        },
        "dog_bark": {
            "precision": 0.6585365853658537,
            "recall": 0.8418708240534521,
            "f1-score": 0.7390029325513197,
            "support": 449.0
        },
        "drilling": {
            "precision": 0.7155688622754491,
            "recall": 0.532293986636971,
            "f1-score": 0.6104725415070242,
            "support": 449.0
        },
        "engine_idling": {
            "precision": 0.48787061994609165,
            "recall": 0.40311804008908686,
            "f1-score": 0.44146341463414634,
            "support": 449.0
        },
        "firetruck": {
            "precision": 0.8208616780045351,
            "recall": 0.8062360801781737,
            "f1-score": 0.8134831460674158,
            "support": 449.0
        },
        "gun_shot": {
            "precision": 0.8243801652892562,
            "recall": 0.95,
            "f1-score": 0.8827433628318584,
            "support": 420.0
        },
        "jackhammer": {
            "precision": 0.5020242914979757,
            "recall": 0.27616926503340755,
            "f1-score": 0.3563218390804598,
            "support": 449.0
        },
        "police": {
            "precision": 0.905829596412556,
            "recall": 0.8997772828507795,
            "f1-score": 0.9027932960893855,
            "support": 449.0
        },
        "street_music": {
            "precision": 0.6956521739130435,
            "recall": 0.6414253897550112,
            "f1-score": 0.6674391657010429,
            "support": 449.0
        },
        "traffic": {
            "precision": 0.9342105263157895,
            "recall": 0.9487750556792873,
            "f1-score": 0.9414364640883978,
            "support": 449.0
        },
        "accuracy": 0.7003971680193404,
        "macro avg": {
            "precision": 0.713162652436404,
            "recall": 0.7019705074270775,
            "f1-score": 0.7009686265657488,
            "support": 5791.0
        },
        "weighted avg": {
            "precision": 0.7122032932477479,
            "recall": 0.7003971680193404,
            "f1-score": 0.6996732418646404,
            "support": 5791.0
        }
    },
    "paths": {
        "best_model": "output/resnet18/fold_1/checkpoint_epoch_3.pth",
        "confusion_matrix": "output/resnet18/fold_1/plots/confusion_matrix.png",
        "roc_curves": "output/resnet18/fold_1/plots/roc_curves.png",
        "classification_report": "output/resnet18/fold_1/classification_report.json",
        "grad_cam_dir": "output/resnet18/fold_1/grad_cam"
    }
}