{
    "fold": 7,
    "best_epoch": 1,
    "train_loss": 0.45168864153263644,
    "val_loss": 1.4309793356451732,
    "test_loss": 1.1127129751206983,
    "train_accuracy": 84.80001731451823,
    "val_accuracy": 70.3792689205423,
    "test_accuracy": 69.577034143027,
    "classification_report": {
        "air_conditioner": {
            "precision": 0.2838283828382838,
            "recall": 0.3830734966592428,
            "f1-score": 0.32606635071090045,
            "support": 449.0
        },
        "ambulance": {
            "precision": 0.8134615384615385,
            "recall": 0.9420935412026726,
            "f1-score": 0.8730650154798761,
            "support": 449.0
        },
        "car_horn": {
            "precision": 0.9095744680851063,
            "recall": 0.5089285714285714,
            "f1-score": 0.6526717557251909,
            "support": 336.0
        },
        "children_playing": {
            "precision": 0.5514563106796116,
            "recall": 0.6325167037861915,
            "f1-score": 0.5892116182572614,
            "support": 449.0
        },
        "dog_bark": {
            "precision": 0.8353221957040573,
            "recall": 0.779510022271715,
            "f1-score": 0.8064516129032258,
            "support": 449.0
        },
        "drilling": {
            "precision": 0.6211031175059952,
            "recall": 0.576837416481069,
            "f1-score": 0.5981524249422633,
            "support": 449.0
        },
        "engine_idling": {
            "precision": 0.5631970260223048,
            "recall": 0.6748329621380846,
            "f1-score": 0.6139817629179332,
            "support": 449.0
        },
        "firetruck": {
            "precision": 0.9656862745098039,
            "recall": 0.8775055679287305,
            "f1-score": 0.9194865810968494,
            "support": 449.0
        },
        "gun_shot": {
            "precision": 0.9378068739770867,
            "recall": 0.9362745098039216,
            "f1-score": 0.9370400654129191,
            "support": 612.0
        },
        "jackhammer": {
            "precision": 0.717391304347826,
            "recall": 0.07349665924276169,
            "f1-score": 0.13333333333333333,
            "support": 449.0
        },
        "police": {
            "precision": 0.9278846153846154,
            "recall": 0.8596881959910914,
            "f1-score": 0.892485549132948,
            "support": 449.0
        },
        "street_music": {
            "precision": 0.4120805369127517,
            "recall": 0.6837416481069042,
            "f1-score": 0.5142378559463987,
            "support": 449.0
        },
        "traffic": {
            "precision": 0.962882096069869,
            "recall": 0.9821826280623608,
            "f1-score": 0.9724366041896362,
            "support": 449.0
        },
        "accuracy": 0.6957703414302701,
        "macro avg": {
            "precision": 0.7308980569614499,
            "recall": 0.6854370710079475,
            "f1-score": 0.679124656157595,
            "support": 5887.0
        },
        "weighted avg": {
            "precision": 0.7331973100133569,
            "recall": 0.6957703414302701,
            "f1-score": 0.6867736096920743,
            "support": 5887.0
        }
    },
    "paths": {
        "best_model": "output/convnext/fold_7/checkpoint_epoch_1.pth",
        "confusion_matrix": "output/convnext/fold_7/plots/confusion_matrix.png",
        "roc_curves": "output/convnext/fold_7/plots/roc_curves.png",
        "classification_report": "output/convnext/fold_7/classification_report.json",
        "grad_cam_dir": "output/convnext/fold_7/grad_cam"
    }
}