{
    "fold": 5,
    "best_epoch": 2,
    "train_loss": 0.04990518010521973,
    "val_loss": 1.4484397779957836,
    "test_loss": 1.590945346354122,
    "train_accuracy": 98.41362593602562,
    "val_accuracy": 72.53593429158111,
    "test_accuracy": 74.21608725289707,
    "classification_report": {
        "air_conditioner": {
            "precision": 0.7369402985074627,
            "recall": 0.8797327394209354,
            "f1-score": 0.8020304568527918,
            "support": 449.0
        },
        "ambulance": {
            "precision": 0.9384288747346072,
            "recall": 0.9844097995545658,
            "f1-score": 0.9608695652173913,
            "support": 449.0
        },
        "car_horn": {
            "precision": 0.562874251497006,
            "recall": 0.20935412026726058,
            "f1-score": 0.3051948051948052,
            "support": 449.0
        },
        "children_playing": {
            "precision": 0.76010101010101,
            "recall": 0.6703786191536748,
            "f1-score": 0.7124260355029586,
            "support": 449.0
        },
        "dog_bark": {
            "precision": 0.883495145631068,
            "recall": 0.8106904231625836,
            "f1-score": 0.8455284552845529,
            "support": 449.0
        },
        "drilling": {
            "precision": 0.5495495495495496,
            "recall": 0.40757238307349664,
            "f1-score": 0.4680306905370844,
            "support": 449.0
        },
        "engine_idling": {
            "precision": 0.8,
            "recall": 0.33853006681514475,
            "f1-score": 0.4757433489827856,
            "support": 449.0
        },
        "firetruck": {
            "precision": 0.945054945054945,
            "recall": 0.9576837416481069,
            "f1-score": 0.9513274336283186,
            "support": 449.0
        },
        "gun_shot": {
            "precision": 0.8888888888888888,
            "recall": 0.9833333333333333,
            "f1-score": 0.933728981206726,
            "support": 480.0
        },
        "jackhammer": {
            "precision": 0.6129032258064516,
            "recall": 0.6770601336302895,
            "f1-score": 0.6433862433862434,
            "support": 449.0
        },
        "police": {
            "precision": 1.0,
            "recall": 0.9153674832962138,
            "f1-score": 0.9558139534883721,
            "support": 449.0
        },
        "street_music": {
            "precision": 0.36804853387259856,
            "recall": 0.8106904231625836,
            "f1-score": 0.5062586926286509,
            "support": 449.0
        },
        "traffic": {
            "precision": 0.920997920997921,
            "recall": 0.9866369710467706,
            "f1-score": 0.9526881720430107,
            "support": 449.0
        },
        "accuracy": 0.7421608725289707,
        "macro avg": {
            "precision": 0.7667140495878085,
            "recall": 0.7408800182742277,
            "f1-score": 0.7317712949195148,
            "support": 5868.0
        },
        "weighted avg": {
            "precision": 0.767359485855418,
            "recall": 0.7421608725289707,
            "f1-score": 0.7328382152117614,
            "support": 5868.0
        }
    },
    "paths": {
        "best_model": "output/resnet18/fold_5/checkpoint_epoch_2.pth",
        "confusion_matrix": "output/resnet18/fold_5/plots/confusion_matrix.png",
        "roc_curves": "output/resnet18/fold_5/plots/roc_curves.png",
        "classification_report": "output/resnet18/fold_5/classification_report.json",
        "grad_cam_dir": "output/resnet18/fold_5/grad_cam"
    }
}