{
    "fold": 3,
    "best_epoch": 2,
    "train_loss": 0.01268148348034483,
    "val_loss": 0.7745308447718764,
    "test_loss": 0.8917343286350613,
    "train_accuracy": 99.68243681140635,
    "val_accuracy": 83.59159779614325,
    "test_accuracy": 83.12714776632302,
    "classification_report": {
        "air_conditioner": {
            "precision": 0.7280701754385965,
            "recall": 0.36971046770601335,
            "f1-score": 0.49039881831610044,
            "support": 449.0
        },
        "ambulance": {
            "precision": 0.9757709251101322,
            "recall": 0.9866369710467706,
            "f1-score": 0.9811738648947951,
            "support": 449.0
        },
        "car_horn": {
            "precision": 0.9631236442516269,
            "recall": 0.9888641425389755,
            "f1-score": 0.9758241758241758,
            "support": 449.0
        },
        "children_playing": {
            "precision": 0.8408551068883611,
            "recall": 0.7884187082405345,
            "f1-score": 0.8137931034482758,
            "support": 449.0
        },
        "dog_bark": {
            "precision": 0.7861060329067642,
            "recall": 0.9576837416481069,
            "f1-score": 0.8634538152610441,
            "support": 449.0
        },
        "drilling": {
            "precision": 0.5685210312075983,
            "recall": 0.933184855233853,
            "f1-score": 0.7065767284991569,
            "support": 449.0
        },
        "engine_idling": {
            "precision": 0.6446280991735537,
            "recall": 0.6948775055679287,
            "f1-score": 0.6688102893890675,
            "support": 449.0
        },
        "firetruck": {
            "precision": 0.940677966101695,
            "recall": 0.9888641425389755,
            "f1-score": 0.9641693811074918,
            "support": 449.0
        },
        "gun_shot": {
            "precision": 0.9069767441860465,
            "recall": 0.9930555555555556,
            "f1-score": 0.9480662983425414,
            "support": 432.0
        },
        "jackhammer": {
            "precision": 0.9132947976878613,
            "recall": 0.3518930957683742,
            "f1-score": 0.5080385852090032,
            "support": 449.0
        },
        "police": {
            "precision": 0.9931350114416476,
            "recall": 0.9665924276169265,
            "f1-score": 0.9796839729119639,
            "support": 449.0
        },
        "street_music": {
            "precision": 0.7416666666666667,
            "recall": 0.7928730512249443,
            "f1-score": 0.7664155005382132,
            "support": 449.0
        },
        "traffic": {
            "precision": 0.9911699779249448,
            "recall": 1.0,
            "f1-score": 0.9955654101995566,
            "support": 449.0
        },
        "accuracy": 0.8312714776632303,
        "macro avg": {
            "precision": 0.845692013768115,
            "recall": 0.8317426665143816,
            "f1-score": 0.8201515341493374,
            "support": 5820.0
        },
        "weighted avg": {
            "precision": 0.8455130033871691,
            "recall": 0.8312714776632303,
            "f1-score": 0.8197778999583949,
            "support": 5820.0
        }
    },
    "paths": {
        "best_model": "output/mobilenet/fold_3/checkpoint_epoch_2.pth",
        "confusion_matrix": "output/mobilenet/fold_3/plots/confusion_matrix.png",
        "roc_curves": "output/mobilenet/fold_3/plots/roc_curves.png",
        "classification_report": "output/mobilenet/fold_3/classification_report.json",
        "grad_cam_dir": "output/mobilenet/fold_3/grad_cam"
    }
}