{
    "fold": 4,
    "best_epoch": 2,
    "train_loss": 0.2453108322104622,
    "val_loss": 1.0513116764749022,
    "test_loss": 1.1523771438294559,
    "train_accuracy": 92.96277078739136,
    "val_accuracy": 70.48109965635739,
    "test_accuracy": 67.79603011635866,
    "classification_report": {
        "air_conditioner": {
            "precision": 0.2891832229580574,
            "recall": 0.29175946547884185,
            "f1-score": 0.29046563192904656,
            "support": 449.0
        },
        "ambulance": {
            "precision": 0.916243654822335,
            "recall": 0.8040089086859689,
            "f1-score": 0.8564650059311981,
            "support": 449.0
        },
        "car_horn": {
            "precision": 0.7647058823529411,
            "recall": 0.289532293986637,
            "f1-score": 0.420032310177706,
            "support": 449.0
        },
        "children_playing": {
            "precision": 0.6962524654832347,
            "recall": 0.7861915367483296,
            "f1-score": 0.7384937238493724,
            "support": 449.0
        },
        "dog_bark": {
            "precision": 0.73767258382643,
            "recall": 0.8329621380846325,
            "f1-score": 0.7824267782426778,
            "support": 449.0
        },
        "drilling": {
            "precision": 0.49698795180722893,
            "recall": 0.734966592427617,
            "f1-score": 0.5929919137466307,
            "support": 449.0
        },
        "engine_idling": {
            "precision": 0.6340057636887608,
            "recall": 0.48997772828507796,
            "f1-score": 0.5527638190954773,
            "support": 449.0
        },
        "firetruck": {
            "precision": 0.8422222222222222,
            "recall": 0.844097995545657,
            "f1-score": 0.8431590656284761,
            "support": 449.0
        },
        "gun_shot": {
            "precision": 0.9651162790697675,
            "recall": 0.9100877192982456,
            "f1-score": 0.9367945823927766,
            "support": 456.0
        },
        "jackhammer": {
            "precision": 0.41019417475728154,
            "recall": 0.37639198218262804,
            "f1-score": 0.39256678281068524,
            "support": 449.0
        },
        "police": {
            "precision": 0.7940630797773655,
            "recall": 0.9532293986636972,
            "f1-score": 0.8663967611336032,
            "support": 449.0
        },
        "street_music": {
            "precision": 0.45504587155963305,
            "recall": 0.5523385300668151,
            "f1-score": 0.49899396378269617,
            "support": 449.0
        },
        "traffic": {
            "precision": 0.9953051643192489,
            "recall": 0.9443207126948775,
            "f1-score": 0.9691428571428572,
            "support": 449.0
        },
        "accuracy": 0.6779603011635866,
        "macro avg": {
            "precision": 0.6920767935880389,
            "recall": 0.6776819232422326,
            "f1-score": 0.6723610150664002,
            "support": 5844.0
        },
        "weighted avg": {
            "precision": 0.6924038429375209,
            "recall": 0.6779603011635866,
            "f1-score": 0.6726777561634716,
            "support": 5844.0
        }
    },
    "paths": {
        "best_model": "output/alexnet/fold_4/checkpoint_epoch_2.pth",
        "confusion_matrix": "output/alexnet/fold_4/plots/confusion_matrix.png",
        "roc_curves": "output/alexnet/fold_4/plots/roc_curves.png",
        "classification_report": "output/alexnet/fold_4/classification_report.json",
        "grad_cam_dir": "output/alexnet/fold_4/grad_cam"
    }
}