{
    "fold": 8,
    "best_epoch": 1,
    "train_loss": 0.026288490527277362,
    "val_loss": 0.6522458750203678,
    "test_loss": 0.8753486338544544,
    "train_accuracy": 99.42422151298197,
    "val_accuracy": 86.59758790555462,
    "test_accuracy": 79.87276904046651,
    "classification_report": {
        "air_conditioner": {
            "precision": 0.12727272727272726,
            "recall": 0.0467706013363029,
            "f1-score": 0.06840390879478828,
            "support": 449.0
        },
        "ambulance": {
            "precision": 0.9314159292035398,
            "recall": 0.9376391982182628,
            "f1-score": 0.9345172031076582,
            "support": 449.0
        },
        "car_horn": {
            "precision": 0.9113924050632911,
            "recall": 1.0,
            "f1-score": 0.9536423841059603,
            "support": 360.0
        },
        "children_playing": {
            "precision": 0.7869198312236287,
            "recall": 0.8307349665924276,
            "f1-score": 0.8082340195016251,
            "support": 449.0
        },
        "dog_bark": {
            "precision": 0.8475991649269311,
            "recall": 0.9042316258351893,
            "f1-score": 0.875,
            "support": 449.0
        },
        "drilling": {
            "precision": 0.7068345323741008,
            "recall": 0.8752783964365256,
            "f1-score": 0.7820895522388059,
            "support": 449.0
        },
        "engine_idling": {
            "precision": 0.46041666666666664,
            "recall": 0.4922048997772829,
            "f1-score": 0.4757804090419806,
            "support": 449.0
        },
        "firetruck": {
            "precision": 0.87279843444227,
            "recall": 0.9933184855233853,
            "f1-score": 0.9291666666666667,
            "support": 449.0
        },
        "gun_shot": {
            "precision": 0.7627118644067796,
            "recall": 1.0,
            "f1-score": 0.8653846153846154,
            "support": 360.0
        },
        "jackhammer": {
            "precision": 0.9242819843342036,
            "recall": 0.7884187082405345,
            "f1-score": 0.8509615384615384,
            "support": 449.0
        },
        "police": {
            "precision": 1.0,
            "recall": 0.9064587973273942,
            "f1-score": 0.9509345794392523,
            "support": 449.0
        },
        "street_music": {
            "precision": 0.7103448275862069,
            "recall": 0.688195991091314,
            "f1-score": 0.6990950226244343,
            "support": 449.0
        },
        "traffic": {
            "precision": 0.9977777777777778,
            "recall": 1.0,
            "f1-score": 0.9988876529477196,
            "support": 449.0
        },
        "accuracy": 0.7987276904046652,
        "macro avg": {
            "precision": 0.7722897034829325,
            "recall": 0.8048655131060477,
            "f1-score": 0.7840075040242341,
            "support": 5659.0
        },
        "weighted avg": {
            "precision": 0.7702526452106453,
            "recall": 0.7987276904046652,
            "f1-score": 0.7800597982037099,
            "support": 5659.0
        }
    },
    "paths": {
        "best_model": "output/inception/fold_8/checkpoint_epoch_1.pth",
        "confusion_matrix": "output/inception/fold_8/plots/confusion_matrix.png",
        "roc_curves": "output/inception/fold_8/plots/roc_curves.png",
        "classification_report": "output/inception/fold_8/classification_report.json",
        "grad_cam_dir": "output/inception/fold_8/grad_cam"
    }
}