{
    "air_conditioner": {
        "precision": 0.3130252100840336,
        "recall": 0.33184855233853006,
        "f1-score": 0.32216216216216215,
        "support": 449.0
    },
    "ambulance": {
        "precision": 0.7761806981519507,
        "recall": 0.8418708240534521,
        "f1-score": 0.8076923076923077,
        "support": 449.0
    },
    "car_horn": {
        "precision": 0.7547169811320755,
        "recall": 0.8333333333333334,
        "f1-score": 0.7920792079207921,
        "support": 432.0
    },
    "children_playing": {
        "precision": 0.7533039647577092,
        "recall": 0.7616926503340757,
        "f1-score": 0.7574750830564784,
        "support": 449.0
    },
    "dog_bark": {
        "precision": 0.6890595009596929,
        "recall": 0.799554565701559,
        "f1-score": 0.7402061855670103,
        "support": 449.0
    },
    "drilling": {
        "precision": 0.4169014084507042,
        "recall": 0.32962138084632514,
        "f1-score": 0.3681592039800995,
        "support": 449.0
    },
    "engine_idling": {
        "precision": 0.47244094488188976,
        "recall": 0.40089086859688194,
        "f1-score": 0.43373493975903615,
        "support": 449.0
    },
    "firetruck": {
        "precision": 0.7683215130023641,
        "recall": 0.7238307349665924,
        "f1-score": 0.7454128440366973,
        "support": 449.0
    },
    "gun_shot": {
        "precision": 0.762962962962963,
        "recall": 0.9809523809523809,
        "f1-score": 0.8583333333333333,
        "support": 420.0
    },
    "jackhammer": {
        "precision": 0.5928853754940712,
        "recall": 0.33407572383073497,
        "f1-score": 0.42735042735042733,
        "support": 449.0
    },
    "police": {
        "precision": 0.906318082788671,
        "recall": 0.9265033407572383,
        "f1-score": 0.9162995594713657,
        "support": 449.0
    },
    "street_music": {
        "precision": 0.6652542372881356,
        "recall": 0.6993318485523385,
        "f1-score": 0.6818675352877307,
        "support": 449.0
    },
    "traffic": {
        "precision": 0.847870182555781,
        "recall": 0.9309576837416481,
        "f1-score": 0.8874734607218684,
        "support": 449.0
    },
    "accuracy": 0.6822655845277155,
    "macro avg": {
        "precision": 0.6707108509623109,
        "recall": 0.6841895298465454,
        "f1-score": 0.6721727884876392,
        "support": 5791.0
    },
    "weighted avg": {
        "precision": 0.6700022660096421,
        "recall": 0.6822655845277155,
        "f1-score": 0.6708885431188101,
        "support": 5791.0
    }
}