{
    "air_conditioner": {
        "precision": 0.5846153846153846,
        "recall": 0.33853006681514475,
        "f1-score": 0.4287729196050776,
        "support": 449.0
    },
    "ambulance": {
        "precision": 0.9507494646680942,
        "recall": 0.9888641425389755,
        "f1-score": 0.9694323144104804,
        "support": 449.0
    },
    "car_horn": {
        "precision": 0.9425837320574163,
        "recall": 0.43875278396436523,
        "f1-score": 0.5987841945288754,
        "support": 449.0
    },
    "children_playing": {
        "precision": 0.6954022988505747,
        "recall": 0.8084632516703786,
        "f1-score": 0.7476828012358393,
        "support": 449.0
    },
    "dog_bark": {
        "precision": 0.8777777777777778,
        "recall": 0.8797327394209354,
        "f1-score": 0.8787541713014461,
        "support": 449.0
    },
    "drilling": {
        "precision": 0.576427255985267,
        "recall": 0.6971046770601337,
        "f1-score": 0.6310483870967742,
        "support": 449.0
    },
    "engine_idling": {
        "precision": 0.7037037037037037,
        "recall": 0.5077951002227171,
        "f1-score": 0.5899094437257438,
        "support": 449.0
    },
    "firetruck": {
        "precision": 0.9681093394077449,
        "recall": 0.9465478841870824,
        "f1-score": 0.9572072072072072,
        "support": 449.0
    },
    "gun_shot": {
        "precision": 0.9594882729211087,
        "recall": 0.9868421052631579,
        "f1-score": 0.972972972972973,
        "support": 456.0
    },
    "jackhammer": {
        "precision": 0.4411764705882353,
        "recall": 0.5011135857461024,
        "f1-score": 0.4692387904066736,
        "support": 449.0
    },
    "police": {
        "precision": 0.9793577981651376,
        "recall": 0.9510022271714922,
        "f1-score": 0.9649717514124294,
        "support": 449.0
    },
    "street_music": {
        "precision": 0.5264550264550265,
        "recall": 0.8864142538975501,
        "f1-score": 0.6605809128630705,
        "support": 449.0
    },
    "traffic": {
        "precision": 0.9694989106753813,
        "recall": 0.9910913140311804,
        "f1-score": 0.9801762114537445,
        "support": 449.0
    },
    "accuracy": 0.7635181382614648,
    "macro avg": {
        "precision": 0.7827188796823734,
        "recall": 0.7632503178453243,
        "f1-score": 0.7576563137092566,
        "support": 5844.0
    },
    "weighted avg": {
        "precision": 0.7829306157796818,
        "recall": 0.7635181382614648,
        "f1-score": 0.757914222096465,
        "support": 5844.0
    }
}