{
    "air_conditioner": {
        "precision": 0.48429319371727747,
        "recall": 0.41202672605790647,
        "f1-score": 0.4452466907340554,
        "support": 449.0
    },
    "ambulance": {
        "precision": 0.9301204819277108,
        "recall": 0.8596881959910914,
        "f1-score": 0.8935185185185185,
        "support": 449.0
    },
    "car_horn": {
        "precision": 0.7391304347826086,
        "recall": 0.41648106904231624,
        "f1-score": 0.5327635327635327,
        "support": 449.0
    },
    "children_playing": {
        "precision": 0.6666666666666666,
        "recall": 0.6948775055679287,
        "f1-score": 0.6804798255179935,
        "support": 449.0
    },
    "dog_bark": {
        "precision": 0.6721311475409836,
        "recall": 0.9131403118040089,
        "f1-score": 0.7743153918791312,
        "support": 449.0
    },
    "drilling": {
        "precision": 0.6357267950963222,
        "recall": 0.8084632516703786,
        "f1-score": 0.711764705882353,
        "support": 449.0
    },
    "engine_idling": {
        "precision": 0.6109022556390977,
        "recall": 0.7238307349665924,
        "f1-score": 0.6625891946992865,
        "support": 449.0
    },
    "firetruck": {
        "precision": 0.8298319327731093,
        "recall": 0.8797327394209354,
        "f1-score": 0.8540540540540541,
        "support": 449.0
    },
    "gun_shot": {
        "precision": 0.9123931623931624,
        "recall": 0.9364035087719298,
        "f1-score": 0.9242424242424242,
        "support": 456.0
    },
    "jackhammer": {
        "precision": 0.5793357933579336,
        "recall": 0.34966592427616927,
        "f1-score": 0.4361111111111111,
        "support": 449.0
    },
    "police": {
        "precision": 0.8362235067437379,
        "recall": 0.9665924276169265,
        "f1-score": 0.8966942148760331,
        "support": 449.0
    },
    "street_music": {
        "precision": 0.47835051546391755,
        "recall": 0.5167037861915368,
        "f1-score": 0.49678800856531047,
        "support": 449.0
    },
    "traffic": {
        "precision": 0.9847715736040609,
        "recall": 0.8641425389755011,
        "f1-score": 0.9205219454329775,
        "support": 449.0
    },
    "accuracy": 0.7188569472963724,
    "macro avg": {
        "precision": 0.7199905738235837,
        "recall": 0.7185960554117863,
        "f1-score": 0.7099299706366753,
        "support": 5844.0
    },
    "weighted avg": {
        "precision": 0.7202210355142045,
        "recall": 0.7188569472963724,
        "f1-score": 0.7101866761765865,
        "support": 5844.0
    }
}