{
    "air_conditioner": {
        "precision": 0.609375,
        "recall": 0.43429844097995546,
        "f1-score": 0.5071521456436932,
        "support": 449.0
    },
    "ambulance": {
        "precision": 0.9004629629629629,
        "recall": 0.8663697104677061,
        "f1-score": 0.8830874006810443,
        "support": 449.0
    },
    "car_horn": {
        "precision": 0.9276807980049875,
        "recall": 0.8611111111111112,
        "f1-score": 0.8931572629051621,
        "support": 432.0
    },
    "children_playing": {
        "precision": 0.7599118942731278,
        "recall": 0.7683741648106904,
        "f1-score": 0.7641196013289037,
        "support": 449.0
    },
    "dog_bark": {
        "precision": 0.6388443017656501,
        "recall": 0.8864142538975501,
        "f1-score": 0.7425373134328358,
        "support": 449.0
    },
    "drilling": {
        "precision": 0.5881006864988558,
        "recall": 0.5723830734966593,
        "f1-score": 0.5801354401805869,
        "support": 449.0
    },
    "engine_idling": {
        "precision": 0.43252595155709345,
        "recall": 0.5567928730512249,
        "f1-score": 0.48685491723466406,
        "support": 449.0
    },
    "firetruck": {
        "precision": 0.8425720620842572,
        "recall": 0.8463251670378619,
        "f1-score": 0.8444444444444444,
        "support": 449.0
    },
    "gun_shot": {
        "precision": 0.8141025641025641,
        "recall": 0.9071428571428571,
        "f1-score": 0.8581081081081081,
        "support": 420.0
    },
    "jackhammer": {
        "precision": 0.5869565217391305,
        "recall": 0.30066815144766146,
        "f1-score": 0.39764359351988215,
        "support": 449.0
    },
    "police": {
        "precision": 0.9425287356321839,
        "recall": 0.9131403118040089,
        "f1-score": 0.9276018099547512,
        "support": 449.0
    },
    "street_music": {
        "precision": 0.7730337078651686,
        "recall": 0.7661469933184856,
        "f1-score": 0.7695749440715883,
        "support": 449.0
    },
    "traffic": {
        "precision": 0.8549323017408124,
        "recall": 0.9844097995545658,
        "f1-score": 0.9151138716356108,
        "support": 449.0
    },
    "accuracy": 0.7421861509238473,
    "macro avg": {
        "precision": 0.7439251914020611,
        "recall": 0.7433520698554107,
        "f1-score": 0.7361177579339443,
        "support": 5791.0
    },
    "weighted avg": {
        "precision": 0.7430343281451859,
        "recall": 0.7421861509238473,
        "f1-score": 0.7350458546806958,
        "support": 5791.0
    }
}