{
    "fold": 3,
    "best_epoch": 4,
    "train_loss": 0.03617393284546588,
    "val_loss": 0.8328145114254977,
    "test_loss": 1.3742216787232882,
    "train_accuracy": 98.8701663426226,
    "val_accuracy": 83.69490358126721,
    "test_accuracy": 77.2508591065292,
    "classification_report": {
        "air_conditioner": {
            "precision": 0.5555555555555556,
            "recall": 0.35634743875278396,
            "f1-score": 0.43419267299864317,
            "support": 449.0
        },
        "ambulance": {
            "precision": 0.9977272727272727,
            "recall": 0.977728285077951,
            "f1-score": 0.9876265466816648,
            "support": 449.0
        },
        "car_horn": {
            "precision": 0.9354838709677419,
            "recall": 0.9688195991091314,
            "f1-score": 0.9518599562363238,
            "support": 449.0
        },
        "children_playing": {
            "precision": 0.7447368421052631,
            "recall": 0.6302895322939867,
            "f1-score": 0.6827503015681544,
            "support": 449.0
        },
        "dog_bark": {
            "precision": 0.5918079096045198,
            "recall": 0.933184855233853,
            "f1-score": 0.7242869490060502,
            "support": 449.0
        },
        "drilling": {
            "precision": 0.5863192182410424,
            "recall": 0.8017817371937639,
            "f1-score": 0.6773283160865475,
            "support": 449.0
        },
        "engine_idling": {
            "precision": 0.4989010989010989,
            "recall": 0.5055679287305123,
            "f1-score": 0.5022123893805309,
            "support": 449.0
        },
        "firetruck": {
            "precision": 0.9888888888888889,
            "recall": 0.9910913140311804,
            "f1-score": 0.9899888765294772,
            "support": 449.0
        },
        "gun_shot": {
            "precision": 0.9743589743589743,
            "recall": 0.9675925925925926,
            "f1-score": 0.9709639953542393,
            "support": 432.0
        },
        "jackhammer": {
            "precision": 0.44222222222222224,
            "recall": 0.44320712694877507,
            "f1-score": 0.44271412680756395,
            "support": 449.0
        },
        "police": {
            "precision": 0.9820224719101124,
            "recall": 0.9732739420935412,
            "f1-score": 0.9776286353467561,
            "support": 449.0
        },
        "street_music": {
            "precision": 0.9336099585062241,
            "recall": 0.5011135857461024,
            "f1-score": 0.6521739130434783,
            "support": 449.0
        },
        "traffic": {
            "precision": 0.9868131868131869,
            "recall": 1.0,
            "f1-score": 0.9933628318584071,
            "support": 449.0
        },
        "accuracy": 0.7725085910652921,
        "macro avg": {
            "precision": 0.786034420830931,
            "recall": 0.7730767644464749,
            "f1-score": 0.768237654684449,
            "support": 5820.0
        },
        "weighted avg": {
            "precision": 0.785484331928873,
            "recall": 0.7725085910652921,
            "f1-score": 0.7676454987065476,
            "support": 5820.0
        }
    },
    "paths": {
        "best_model": "output/convnext/fold_3/checkpoint_epoch_4.pth",
        "confusion_matrix": "output/convnext/fold_3/plots/confusion_matrix.png",
        "roc_curves": "output/convnext/fold_3/plots/roc_curves.png",
        "classification_report": "output/convnext/fold_3/classification_report.json",
        "grad_cam_dir": "output/convnext/fold_3/grad_cam"
    }
}