{
    "fold": 3,
    "best_epoch": 1,
    "train_loss": 0.04476283690589866,
    "val_loss": 0.8260534568385932,
    "test_loss": 1.5019388604647488,
    "train_accuracy": 98.62821343702744,
    "val_accuracy": 84.60743801652893,
    "test_accuracy": 74.7594501718213,
    "classification_report": {
        "air_conditioner": {
            "precision": 1.0,
            "recall": 0.015590200445434299,
            "f1-score": 0.03070175438596491,
            "support": 449.0
        },
        "ambulance": {
            "precision": 0.9977477477477478,
            "recall": 0.9866369710467706,
            "f1-score": 0.9921612541993281,
            "support": 449.0
        },
        "car_horn": {
            "precision": 0.9296066252587992,
            "recall": 1.0,
            "f1-score": 0.9635193133047211,
            "support": 449.0
        },
        "children_playing": {
            "precision": 0.7405189620758483,
            "recall": 0.8262806236080178,
            "f1-score": 0.7810526315789473,
            "support": 449.0
        },
        "dog_bark": {
            "precision": 0.8174273858921162,
            "recall": 0.8775055679287305,
            "f1-score": 0.8464017185821697,
            "support": 449.0
        },
        "drilling": {
            "precision": 0.5110732538330494,
            "recall": 0.6681514476614699,
            "f1-score": 0.5791505791505791,
            "support": 449.0
        },
        "engine_idling": {
            "precision": 0.5855263157894737,
            "recall": 0.39643652561247217,
            "f1-score": 0.47277556440903057,
            "support": 449.0
        },
        "firetruck": {
            "precision": 0.9954337899543378,
            "recall": 0.9710467706013363,
            "f1-score": 0.9830890642615558,
            "support": 449.0
        },
        "gun_shot": {
            "precision": 0.9817767653758542,
            "recall": 0.9976851851851852,
            "f1-score": 0.9896670493685419,
            "support": 432.0
        },
        "jackhammer": {
            "precision": 0.2727272727272727,
            "recall": 0.1870824053452116,
            "f1-score": 0.22192866578599735,
            "support": 449.0
        },
        "police": {
            "precision": 0.9864253393665159,
            "recall": 0.9710467706013363,
            "f1-score": 0.978675645342312,
            "support": 449.0
        },
        "street_music": {
            "precision": 0.40476190476190477,
            "recall": 0.8329621380846325,
            "f1-score": 0.5447924253459577,
            "support": 449.0
        },
        "traffic": {
            "precision": 0.9718004338394793,
            "recall": 0.9977728285077951,
            "f1-score": 0.9846153846153847,
            "support": 449.0
        },
        "accuracy": 0.7475945017182131,
        "macro avg": {
            "precision": 0.7842173689709538,
            "recall": 0.7483228795867993,
            "f1-score": 0.7206562346408069,
            "support": 5820.0
        },
        "weighted avg": {
            "precision": 0.783640305441936,
            "recall": 0.7475945017182131,
            "f1-score": 0.7198704642197808,
            "support": 5820.0
        }
    },
    "paths": {
        "best_model": "output/convnext/fold_3/checkpoint_epoch_1.pth",
        "confusion_matrix": "output/convnext/fold_3/plots/confusion_matrix.png",
        "roc_curves": "output/convnext/fold_3/plots/roc_curves.png",
        "classification_report": "output/convnext/fold_3/classification_report.json",
        "grad_cam_dir": "output/convnext/fold_3/grad_cam"
    }
}