{
    "air_conditioner": {
        "precision": 0.2857142857142857,
        "recall": 0.37861915367483295,
        "f1-score": 0.32567049808429116,
        "support": 449.0
    },
    "ambulance": {
        "precision": 0.9627192982456141,
        "recall": 0.977728285077951,
        "f1-score": 0.9701657458563536,
        "support": 449.0
    },
    "car_horn": {
        "precision": 0.9497716894977168,
        "recall": 0.6190476190476191,
        "f1-score": 0.7495495495495496,
        "support": 336.0
    },
    "children_playing": {
        "precision": 0.8073929961089494,
        "recall": 0.9242761692650334,
        "f1-score": 0.8618899273104881,
        "support": 449.0
    },
    "dog_bark": {
        "precision": 0.8978622327790974,
        "recall": 0.8418708240534521,
        "f1-score": 0.8689655172413793,
        "support": 449.0
    },
    "drilling": {
        "precision": 0.9245901639344263,
        "recall": 0.6280623608017817,
        "f1-score": 0.7480106100795756,
        "support": 449.0
    },
    "engine_idling": {
        "precision": 0.36973478939157567,
        "recall": 0.5278396436525612,
        "f1-score": 0.43486238532110094,
        "support": 449.0
    },
    "firetruck": {
        "precision": 0.9271948608137045,
        "recall": 0.9643652561247216,
        "f1-score": 0.9454148471615721,
        "support": 449.0
    },
    "gun_shot": {
        "precision": 0.9533678756476683,
        "recall": 1.0,
        "f1-score": 0.9761273209549072,
        "support": 552.0
    },
    "jackhammer": {
        "precision": 0.71875,
        "recall": 0.2561247216035635,
        "f1-score": 0.37766830870279144,
        "support": 449.0
    },
    "police": {
        "precision": 0.9522727272727273,
        "recall": 0.933184855233853,
        "f1-score": 0.9426321709786277,
        "support": 449.0
    },
    "street_music": {
        "precision": 0.7433962264150943,
        "recall": 0.8775055679287305,
        "f1-score": 0.804902962206333,
        "support": 449.0
    },
    "traffic": {
        "precision": 0.874,
        "recall": 0.9732739420935412,
        "f1-score": 0.9209694415173867,
        "support": 449.0
    },
    "accuracy": 0.7686631199588124,
    "macro avg": {
        "precision": 0.7974436266016046,
        "recall": 0.7616844921967416,
        "f1-score": 0.7636022526895659,
        "support": 5827.0
    },
    "weighted avg": {
        "precision": 0.7972457763432357,
        "recall": 0.7686631199588124,
        "f1-score": 0.7676314336550972,
        "support": 5827.0
    }
}