{
    "fold": 3,
    "best_epoch": 4,
    "train_loss": 0.0014152103417623717,
    "val_loss": 1.131422344838059,
    "test_loss": 1.057094469802578,
    "train_accuracy": 99.9697558868006,
    "val_accuracy": 81.5426997245179,
    "test_accuracy": 82.07903780068729,
    "classification_report": {
        "air_conditioner": {
            "precision": 0.5689655172413793,
            "recall": 0.07349665924276169,
            "f1-score": 0.1301775147928994,
            "support": 449.0
        },
        "ambulance": {
            "precision": 0.9977678571428571,
            "recall": 0.9955456570155902,
            "f1-score": 0.9966555183946488,
            "support": 449.0
        },
        "car_horn": {
            "precision": 0.9955357142857143,
            "recall": 0.9933184855233853,
            "f1-score": 0.9944258639910813,
            "support": 449.0
        },
        "children_playing": {
            "precision": 0.831858407079646,
            "recall": 0.8374164810690423,
            "f1-score": 0.8346281908990011,
            "support": 449.0
        },
        "dog_bark": {
            "precision": 0.7620751341681574,
            "recall": 0.9487750556792873,
            "f1-score": 0.8452380952380952,
            "support": 449.0
        },
        "drilling": {
            "precision": 0.6085164835164835,
            "recall": 0.9866369710467706,
            "f1-score": 0.7527612574341547,
            "support": 449.0
        },
        "engine_idling": {
            "precision": 0.5988805970149254,
            "recall": 0.7149220489977728,
            "f1-score": 0.6517766497461929,
            "support": 449.0
        },
        "firetruck": {
            "precision": 1.0,
            "recall": 0.977728285077951,
            "f1-score": 0.9887387387387387,
            "support": 449.0
        },
        "gun_shot": {
            "precision": 0.988479262672811,
            "recall": 0.9930555555555556,
            "f1-score": 0.9907621247113164,
            "support": 432.0
        },
        "jackhammer": {
            "precision": 0.7783783783783784,
            "recall": 0.3207126948775056,
            "f1-score": 0.45425867507886436,
            "support": 449.0
        },
        "police": {
            "precision": 0.9823788546255506,
            "recall": 0.9933184855233853,
            "f1-score": 0.9878183831672204,
            "support": 449.0
        },
        "street_music": {
            "precision": 0.6038338658146964,
            "recall": 0.8418708240534521,
            "f1-score": 0.7032558139534884,
            "support": 449.0
        },
        "traffic": {
            "precision": 0.9911699779249448,
            "recall": 1.0,
            "f1-score": 0.9955654101995566,
            "support": 449.0
        },
        "accuracy": 0.8207903780068728,
        "macro avg": {
            "precision": 0.8236800038358112,
            "recall": 0.8212920925894198,
            "f1-score": 0.7943124797188659,
            "support": 5820.0
        },
        "weighted avg": {
            "precision": 0.8231986314302735,
            "recall": 0.8207903780068728,
            "f1-score": 0.7937386577317747,
            "support": 5820.0
        }
    },
    "paths": {
        "best_model": "output/mobilenet/fold_3/checkpoint_epoch_4.pth",
        "confusion_matrix": "output/mobilenet/fold_3/plots/confusion_matrix.png",
        "roc_curves": "output/mobilenet/fold_3/plots/roc_curves.png",
        "classification_report": "output/mobilenet/fold_3/classification_report.json",
        "grad_cam_dir": "output/mobilenet/fold_3/grad_cam"
    }
}