{
    "fold": 4,
    "best_epoch": 4,
    "train_loss": 0.7544765325667617,
    "val_loss": 0.9963158568838141,
    "test_loss": 0.9385302546231643,
    "train_accuracy": 74.81298914688459,
    "val_accuracy": 67.62886597938144,
    "test_accuracy": 66.82067077344284,
    "classification_report": {
        "air_conditioner": {
            "precision": 0.3218884120171674,
            "recall": 0.33407572383073497,
            "f1-score": 0.32786885245901637,
            "support": 449.0
        },
        "ambulance": {
            "precision": 0.7844660194174757,
            "recall": 0.8997772828507795,
            "f1-score": 0.8381742738589212,
            "support": 449.0
        },
        "car_horn": {
            "precision": 0.7142857142857143,
            "recall": 0.42316258351893093,
            "f1-score": 0.5314685314685315,
            "support": 449.0
        },
        "children_playing": {
            "precision": 0.6520076481835564,
            "recall": 0.7594654788418709,
            "f1-score": 0.7016460905349794,
            "support": 449.0
        },
        "dog_bark": {
            "precision": 0.6853448275862069,
            "recall": 0.7082405345211581,
            "f1-score": 0.696604600219058,
            "support": 449.0
        },
        "drilling": {
            "precision": 0.45,
            "recall": 0.5211581291759465,
            "f1-score": 0.48297213622291024,
            "support": 449.0
        },
        "engine_idling": {
            "precision": 0.48132780082987553,
            "recall": 0.5167037861915368,
            "f1-score": 0.4983888292158969,
            "support": 449.0
        },
        "firetruck": {
            "precision": 0.8190045248868778,
            "recall": 0.8062360801781737,
            "f1-score": 0.8125701459034792,
            "support": 449.0
        },
        "gun_shot": {
            "precision": 0.9042769857433809,
            "recall": 0.9736842105263158,
            "f1-score": 0.9376979936642027,
            "support": 456.0
        },
        "jackhammer": {
            "precision": 0.4473684210526316,
            "recall": 0.45434298440979953,
            "f1-score": 0.450828729281768,
            "support": 449.0
        },
        "police": {
            "precision": 0.8973747016706444,
            "recall": 0.8374164810690423,
            "f1-score": 0.8663594470046083,
            "support": 449.0
        },
        "street_music": {
            "precision": 0.7435897435897436,
            "recall": 0.5812917594654788,
            "f1-score": 0.6525,
            "support": 449.0
        },
        "traffic": {
            "precision": 0.8663697104677061,
            "recall": 0.8663697104677061,
            "f1-score": 0.8663697104677061,
            "support": 449.0
        },
        "accuracy": 0.6682067077344285,
        "macro avg": {
            "precision": 0.6744080392100754,
            "recall": 0.667840365003652,
            "f1-score": 0.6664191800231598,
            "support": 5844.0
        },
        "weighted avg": {
            "precision": 0.6746833784684145,
            "recall": 0.6682067077344285,
            "f1-score": 0.6667441204227983,
            "support": 5844.0
        }
    },
    "paths": {
        "best_model": "output/inception/fold_4/checkpoint_epoch_4.pth",
        "confusion_matrix": "output/inception/fold_4/plots/confusion_matrix.png",
        "roc_curves": "output/inception/fold_4/plots/roc_curves.png",
        "classification_report": "output/inception/fold_4/classification_report.json",
        "grad_cam_dir": "output/inception/fold_4/grad_cam"
    }
}