{
    "fold": 2,
    "best_epoch": 3,
    "train_loss": 0.1440813603234678,
    "val_loss": 1.492486053535326,
    "test_loss": 1.6027763145694325,
    "train_accuracy": 95.32805112372893,
    "val_accuracy": 69.19357623899154,
    "test_accuracy": 69.88636363636364,
    "classification_report": {
        "air_conditioner": {
            "precision": 0.42196531791907516,
            "recall": 0.48775055679287305,
            "f1-score": 0.4524793388429752,
            "support": 449.0
        },
        "ambulance": {
            "precision": 0.9118852459016393,
            "recall": 0.9910913140311804,
            "f1-score": 0.9498399146211313,
            "support": 449.0
        },
        "car_horn": {
            "precision": 0.5535714285714286,
            "recall": 0.6904231625835189,
            "f1-score": 0.6144697720515362,
            "support": 449.0
        },
        "children_playing": {
            "precision": 0.6352657004830918,
            "recall": 0.5857461024498887,
            "f1-score": 0.6095017381228274,
            "support": 449.0
        },
        "dog_bark": {
            "precision": 0.9277777777777778,
            "recall": 0.7438752783964365,
            "f1-score": 0.8257107540173053,
            "support": 449.0
        },
        "drilling": {
            "precision": 0.7603911980440098,
            "recall": 0.6926503340757239,
            "f1-score": 0.7249417249417249,
            "support": 449.0
        },
        "engine_idling": {
            "precision": 0.3058252427184466,
            "recall": 0.4209354120267261,
            "f1-score": 0.3542642924086223,
            "support": 449.0
        },
        "firetruck": {
            "precision": 0.9761336515513126,
            "recall": 0.910913140311804,
            "f1-score": 0.9423963133640553,
            "support": 449.0
        },
        "gun_shot": {
            "precision": 0.9463276836158192,
            "recall": 0.7976190476190477,
            "f1-score": 0.8656330749354005,
            "support": 420.0
        },
        "jackhammer": {
            "precision": 0.5,
            "recall": 0.155902004454343,
            "f1-score": 0.23769100169779286,
            "support": 449.0
        },
        "police": {
            "precision": 0.9765258215962441,
            "recall": 0.9265033407572383,
            "f1-score": 0.9508571428571428,
            "support": 449.0
        },
        "street_music": {
            "precision": 0.48861911987860396,
            "recall": 0.7171492204899778,
            "f1-score": 0.5812274368231047,
            "support": 449.0
        },
        "traffic": {
            "precision": 0.9864253393665159,
            "recall": 0.9710467706013363,
            "f1-score": 0.978675645342312,
            "support": 449.0
        },
        "accuracy": 0.6988636363636364,
        "macro avg": {
            "precision": 0.7223625790326126,
            "recall": 0.6993542834300073,
            "f1-score": 0.6990529346173793,
            "support": 5808.0
        },
        "weighted avg": {
            "precision": 0.7212442959690946,
            "recall": 0.6988636363636364,
            "f1-score": 0.6982211811619347,
            "support": 5808.0
        }
    },
    "paths": {
        "best_model": "output/convnext/fold_2/checkpoint_epoch_3.pth",
        "confusion_matrix": "output/convnext/fold_2/plots/confusion_matrix.png",
        "roc_curves": "output/convnext/fold_2/plots/roc_curves.png",
        "classification_report": "output/convnext/fold_2/classification_report.json",
        "grad_cam_dir": "output/convnext/fold_2/grad_cam"
    }
}