{
    "fold": 8,
    "best_epoch": 3,
    "train_loss": 0.046614990665392694,
    "val_loss": 0.667927242793118,
    "test_loss": 1.0701448274380148,
    "train_accuracy": 98.90882429052014,
    "val_accuracy": 85.2896211992526,
    "test_accuracy": 80.86234317017141,
    "classification_report": {
        "air_conditioner": {
            "precision": 0.09433962264150944,
            "recall": 0.011135857461024499,
            "f1-score": 0.0199203187250996,
            "support": 449.0
        },
        "ambulance": {
            "precision": 0.8646034816247582,
            "recall": 0.9955456570155902,
            "f1-score": 0.9254658385093167,
            "support": 449.0
        },
        "car_horn": {
            "precision": 0.8585131894484412,
            "recall": 0.9944444444444445,
            "f1-score": 0.9214929214929215,
            "support": 360.0
        },
        "children_playing": {
            "precision": 0.6872791519434629,
            "recall": 0.8663697104677061,
            "f1-score": 0.7665024630541872,
            "support": 449.0
        },
        "dog_bark": {
            "precision": 0.6810207336523126,
            "recall": 0.9510022271714922,
            "f1-score": 0.7936802973977695,
            "support": 449.0
        },
        "drilling": {
            "precision": 0.8465608465608465,
            "recall": 0.7126948775055679,
            "f1-score": 0.7738814993954051,
            "support": 449.0
        },
        "engine_idling": {
            "precision": 0.5394045534150613,
            "recall": 0.6859688195991092,
            "f1-score": 0.6039215686274509,
            "support": 449.0
        },
        "firetruck": {
            "precision": 1.0,
            "recall": 0.9086859688195991,
            "f1-score": 0.9521586931155193,
            "support": 449.0
        },
        "gun_shot": {
            "precision": 1.0,
            "recall": 0.9888888888888889,
            "f1-score": 0.994413407821229,
            "support": 360.0
        },
        "jackhammer": {
            "precision": 0.6838365896980462,
            "recall": 0.8574610244988864,
            "f1-score": 0.7608695652173914,
            "support": 449.0
        },
        "police": {
            "precision": 0.988009592326139,
            "recall": 0.9175946547884187,
            "f1-score": 0.9515011547344111,
            "support": 449.0
        },
        "street_music": {
            "precision": 0.9397590361445783,
            "recall": 0.6948775055679287,
            "f1-score": 0.7989756722151088,
            "support": 449.0
        },
        "traffic": {
            "precision": 0.9889867841409692,
            "recall": 1.0,
            "f1-score": 0.9944629014396457,
            "support": 449.0
        },
        "accuracy": 0.8086234317017141,
        "macro avg": {
            "precision": 0.7824856601227789,
            "recall": 0.8142053566329737,
            "f1-score": 0.789018946288112,
            "support": 5659.0
        },
        "weighted avg": {
            "precision": 0.7778690800982062,
            "recall": 0.8086234317017141,
            "f1-score": 0.7837052352314455,
            "support": 5659.0
        }
    },
    "paths": {
        "best_model": "output/inception/fold_8/checkpoint_epoch_3.pth",
        "confusion_matrix": "output/inception/fold_8/plots/confusion_matrix.png",
        "roc_curves": "output/inception/fold_8/plots/roc_curves.png",
        "classification_report": "output/inception/fold_8/classification_report.json",
        "grad_cam_dir": "output/inception/fold_8/grad_cam"
    }
}