{
    "fold": 4,
    "best_epoch": 1,
    "train_loss": 0.5855001467144836,
    "val_loss": 0.9077122738728156,
    "test_loss": 0.8677179376068322,
    "train_accuracy": 81.94102131707528,
    "val_accuracy": 71.71821305841924,
    "test_accuracy": 70.26009582477755,
    "classification_report": {
        "air_conditioner": {
            "precision": 0.6601307189542484,
            "recall": 0.44988864142538976,
            "f1-score": 0.5350993377483444,
            "support": 449.0
        },
        "ambulance": {
            "precision": 0.7293233082706767,
            "recall": 0.8641425389755011,
            "f1-score": 0.7910295616717635,
            "support": 449.0
        },
        "car_horn": {
            "precision": 0.8333333333333334,
            "recall": 0.534521158129176,
            "f1-score": 0.6512890094979648,
            "support": 449.0
        },
        "children_playing": {
            "precision": 0.8981818181818182,
            "recall": 0.5501113585746102,
            "f1-score": 0.6823204419889503,
            "support": 449.0
        },
        "dog_bark": {
            "precision": 0.6284246575342466,
            "recall": 0.8173719376391982,
            "f1-score": 0.7105517909002904,
            "support": 449.0
        },
        "drilling": {
            "precision": 0.6847058823529412,
            "recall": 0.6481069042316259,
            "f1-score": 0.665903890160183,
            "support": 449.0
        },
        "engine_idling": {
            "precision": 0.6598639455782312,
            "recall": 0.43207126948775054,
            "f1-score": 0.522207267833109,
            "support": 449.0
        },
        "firetruck": {
            "precision": 0.7148217636022514,
            "recall": 0.8485523385300668,
            "f1-score": 0.7759674134419552,
            "support": 449.0
        },
        "gun_shot": {
            "precision": 0.9584295612009238,
            "recall": 0.9100877192982456,
            "f1-score": 0.9336332958380202,
            "support": 456.0
        },
        "jackhammer": {
            "precision": 0.4338235294117647,
            "recall": 0.6570155902004454,
            "f1-score": 0.5225863596102746,
            "support": 449.0
        },
        "police": {
            "precision": 0.8600917431192661,
            "recall": 0.8351893095768375,
            "f1-score": 0.847457627118644,
            "support": 449.0
        },
        "street_music": {
            "precision": 0.5481727574750831,
            "recall": 0.734966592427617,
            "f1-score": 0.6279733587059942,
            "support": 449.0
        },
        "traffic": {
            "precision": 0.8355263157894737,
            "recall": 0.8485523385300668,
            "f1-score": 0.8419889502762431,
            "support": 449.0
        },
        "accuracy": 0.7026009582477755,
        "macro avg": {
            "precision": 0.7265253334464814,
            "recall": 0.7023521305405024,
            "f1-score": 0.7006160234455181,
            "support": 5844.0
        },
        "weighted avg": {
            "precision": 0.7268031105844489,
            "recall": 0.7026009582477755,
            "f1-score": 0.7008951337991711,
            "support": 5844.0
        }
    },
    "paths": {
        "best_model": "output/resnet18/fold_4/checkpoint_epoch_1.pth",
        "confusion_matrix": "output/resnet18/fold_4/plots/confusion_matrix.png",
        "roc_curves": "output/resnet18/fold_4/plots/roc_curves.png",
        "classification_report": "output/resnet18/fold_4/classification_report.json",
        "grad_cam_dir": "output/resnet18/fold_4/grad_cam"
    }
}