{
    "air_conditioner": {
        "precision": 1.0,
        "recall": 0.08240534521158129,
        "f1-score": 0.1522633744855967,
        "support": 449.0
    },
    "ambulance": {
        "precision": 0.9910514541387024,
        "recall": 0.9866369710467706,
        "f1-score": 0.9888392857142857,
        "support": 449.0
    },
    "car_horn": {
        "precision": 0.9507829977628636,
        "recall": 0.9465478841870824,
        "f1-score": 0.9486607142857143,
        "support": 449.0
    },
    "children_playing": {
        "precision": 0.7163375224416517,
        "recall": 0.888641425389755,
        "f1-score": 0.7932405566600398,
        "support": 449.0
    },
    "dog_bark": {
        "precision": 0.9439461883408071,
        "recall": 0.9376391982182628,
        "f1-score": 0.9407821229050279,
        "support": 449.0
    },
    "drilling": {
        "precision": 0.7358803986710963,
        "recall": 0.9866369710467706,
        "f1-score": 0.8430066603235015,
        "support": 449.0
    },
    "engine_idling": {
        "precision": 0.568760611205433,
        "recall": 0.7461024498886414,
        "f1-score": 0.6454720616570327,
        "support": 449.0
    },
    "firetruck": {
        "precision": 0.9734513274336283,
        "recall": 0.9799554565701559,
        "f1-score": 0.97669256381798,
        "support": 449.0
    },
    "gun_shot": {
        "precision": 0.9976303317535545,
        "recall": 0.9745370370370371,
        "f1-score": 0.9859484777517564,
        "support": 432.0
    },
    "jackhammer": {
        "precision": 0.7980295566502463,
        "recall": 0.36080178173719374,
        "f1-score": 0.49693251533742333,
        "support": 449.0
    },
    "police": {
        "precision": 1.0,
        "recall": 0.9888641425389755,
        "f1-score": 0.9944008958566629,
        "support": 449.0
    },
    "street_music": {
        "precision": 0.4046639231824417,
        "recall": 0.6570155902004454,
        "f1-score": 0.5008488964346349,
        "support": 449.0
    },
    "traffic": {
        "precision": 1.0,
        "recall": 0.9910913140311804,
        "f1-score": 0.9955257270693513,
        "support": 449.0
    },
    "accuracy": 0.8092783505154639,
    "macro avg": {
        "precision": 0.8523487931984941,
        "recall": 0.8097596590079886,
        "f1-score": 0.7894318347922312,
        "support": 5820.0
    },
    "weighted avg": {
        "precision": 0.851924431316117,
        "recall": 0.8092783505154639,
        "f1-score": 0.7888578171066107,
        "support": 5820.0
    }
}