{
    "air_conditioner": {
        "precision": 0.6882716049382716,
        "recall": 0.49665924276169265,
        "f1-score": 0.5769728331177232,
        "support": 449.0
    },
    "ambulance": {
        "precision": 0.9066937119675457,
        "recall": 0.9955456570155902,
        "f1-score": 0.9490445859872612,
        "support": 449.0
    },
    "car_horn": {
        "precision": 0.9885321100917431,
        "recall": 0.9599109131403119,
        "f1-score": 0.9740112994350283,
        "support": 449.0
    },
    "children_playing": {
        "precision": 0.779245283018868,
        "recall": 0.9198218262806236,
        "f1-score": 0.8437180796731358,
        "support": 449.0
    },
    "dog_bark": {
        "precision": 0.993006993006993,
        "recall": 0.9487750556792873,
        "f1-score": 0.9703872437357631,
        "support": 449.0
    },
    "drilling": {
        "precision": 0.987460815047022,
        "recall": 0.7015590200445434,
        "f1-score": 0.8203125,
        "support": 449.0
    },
    "engine_idling": {
        "precision": 0.4430538172715895,
        "recall": 0.7884187082405345,
        "f1-score": 0.5673076923076923,
        "support": 449.0
    },
    "firetruck": {
        "precision": 0.9973958333333334,
        "recall": 0.8530066815144766,
        "f1-score": 0.9195678271308524,
        "support": 449.0
    },
    "gun_shot": {
        "precision": 0.8496868475991649,
        "recall": 0.969047619047619,
        "f1-score": 0.9054505005561735,
        "support": 420.0
    },
    "jackhammer": {
        "precision": 0.8212290502793296,
        "recall": 0.6547884187082406,
        "f1-score": 0.7286245353159851,
        "support": 449.0
    },
    "police": {
        "precision": 0.9681093394077449,
        "recall": 0.9465478841870824,
        "f1-score": 0.9572072072072072,
        "support": 449.0
    },
    "street_music": {
        "precision": 0.9640718562874252,
        "recall": 0.7171492204899778,
        "f1-score": 0.822477650063857,
        "support": 449.0
    },
    "traffic": {
        "precision": 0.9276859504132231,
        "recall": 1.0,
        "f1-score": 0.962486602357985,
        "support": 449.0
    },
    "accuracy": 0.8417699724517906,
    "macro avg": {
        "precision": 0.8703417855894042,
        "recall": 0.8424023267007676,
        "f1-score": 0.8459668120683587,
        "support": 5808.0
    },
    "weighted avg": {
        "precision": 0.8704449180277163,
        "recall": 0.8417699724517906,
        "f1-score": 0.8456698032931959,
        "support": 5808.0
    }
}