{
    "air_conditioner": {
        "precision": 0.5018315018315018,
        "recall": 0.3051224944320713,
        "f1-score": 0.37950138504155123,
        "support": 449.0
    },
    "ambulance": {
        "precision": 0.8477801268498943,
        "recall": 0.8930957683741648,
        "f1-score": 0.8698481561822126,
        "support": 449.0
    },
    "car_horn": {
        "precision": 0.7228571428571429,
        "recall": 0.5634743875278396,
        "f1-score": 0.6332916145181476,
        "support": 449.0
    },
    "children_playing": {
        "precision": 0.6991452991452991,
        "recall": 0.910913140311804,
        "f1-score": 0.7911025145067698,
        "support": 449.0
    },
    "dog_bark": {
        "precision": 0.8408602150537634,
        "recall": 0.8708240534521158,
        "f1-score": 0.8555798687089715,
        "support": 449.0
    },
    "drilling": {
        "precision": 0.6112759643916914,
        "recall": 0.45879732739420936,
        "f1-score": 0.5241730279898219,
        "support": 449.0
    },
    "engine_idling": {
        "precision": 0.4368340943683409,
        "recall": 0.6391982182628062,
        "f1-score": 0.5189873417721519,
        "support": 449.0
    },
    "firetruck": {
        "precision": 0.6436974789915967,
        "recall": 0.8530066815144766,
        "f1-score": 0.7337164750957854,
        "support": 449.0
    },
    "gun_shot": {
        "precision": 0.7933070866141733,
        "recall": 0.9595238095238096,
        "f1-score": 0.8685344827586207,
        "support": 420.0
    },
    "jackhammer": {
        "precision": 0.542997542997543,
        "recall": 0.4922048997772829,
        "f1-score": 0.5163551401869159,
        "support": 449.0
    },
    "police": {
        "precision": 0.9028132992327366,
        "recall": 0.7861915367483296,
        "f1-score": 0.8404761904761905,
        "support": 449.0
    },
    "street_music": {
        "precision": 0.8552631578947368,
        "recall": 0.579064587973274,
        "f1-score": 0.6905710491367862,
        "support": 449.0
    },
    "traffic": {
        "precision": 0.9200863930885529,
        "recall": 0.9487750556792873,
        "f1-score": 0.9342105263157895,
        "support": 449.0
    },
    "accuracy": 0.7110881542699724,
    "macro avg": {
        "precision": 0.7168268694859209,
        "recall": 0.7123224585362671,
        "f1-score": 0.704334444053055,
        "support": 5808.0
    },
    "weighted avg": {
        "precision": 0.7164449951235382,
        "recall": 0.7110881542699724,
        "f1-score": 0.7035145747137883,
        "support": 5808.0
    }
}