{
    "air_conditioner": {
        "precision": 0.5513196480938416,
        "recall": 0.41870824053452116,
        "f1-score": 0.4759493670886076,
        "support": 449.0
    },
    "ambulance": {
        "precision": 0.8725274725274725,
        "recall": 0.8841870824053452,
        "f1-score": 0.8783185840707964,
        "support": 449.0
    },
    "car_horn": {
        "precision": 0.9262295081967213,
        "recall": 0.7847222222222222,
        "f1-score": 0.849624060150376,
        "support": 432.0
    },
    "children_playing": {
        "precision": 0.7966457023060797,
        "recall": 0.8463251670378619,
        "f1-score": 0.8207343412526998,
        "support": 449.0
    },
    "dog_bark": {
        "precision": 0.6569468267581475,
        "recall": 0.8530066815144766,
        "f1-score": 0.7422480620155039,
        "support": 449.0
    },
    "drilling": {
        "precision": 0.6004566210045662,
        "recall": 0.5857461024498887,
        "f1-score": 0.593010146561443,
        "support": 449.0
    },
    "engine_idling": {
        "precision": 0.5244444444444445,
        "recall": 0.5256124721603563,
        "f1-score": 0.525027808676307,
        "support": 449.0
    },
    "firetruck": {
        "precision": 0.890625,
        "recall": 0.7616926503340757,
        "f1-score": 0.8211284513805522,
        "support": 449.0
    },
    "gun_shot": {
        "precision": 0.7528089887640449,
        "recall": 0.9571428571428572,
        "f1-score": 0.8427672955974843,
        "support": 420.0
    },
    "jackhammer": {
        "precision": 0.7879858657243817,
        "recall": 0.49665924276169265,
        "f1-score": 0.6092896174863388,
        "support": 449.0
    },
    "police": {
        "precision": 0.8680412371134021,
        "recall": 0.9376391982182628,
        "f1-score": 0.9014989293361885,
        "support": 449.0
    },
    "street_music": {
        "precision": 0.7124183006535948,
        "recall": 0.7282850779510023,
        "f1-score": 0.7202643171806168,
        "support": 449.0
    },
    "traffic": {
        "precision": 0.8246268656716418,
        "recall": 0.9844097995545658,
        "f1-score": 0.8974619289340101,
        "support": 449.0
    },
    "accuracy": 0.7499568295631152,
    "macro avg": {
        "precision": 0.7511597293275644,
        "recall": 0.7510874457143945,
        "f1-score": 0.7444094545946864,
        "support": 5791.0
    },
    "weighted avg": {
        "precision": 0.7506375371734576,
        "recall": 0.7499568295631152,
        "f1-score": 0.7436080341692802,
        "support": 5791.0
    }
}