{
    "air_conditioner": {
        "precision": 0.46938775510204084,
        "recall": 0.512249443207127,
        "f1-score": 0.4898828541001065,
        "support": 449.0
    },
    "ambulance": {
        "precision": 0.7688356164383562,
        "recall": 1.0,
        "f1-score": 0.8693126815101646,
        "support": 449.0
    },
    "car_horn": {
        "precision": 1.0,
        "recall": 0.875,
        "f1-score": 0.9333333333333333,
        "support": 336.0
    },
    "children_playing": {
        "precision": 0.7479166666666667,
        "recall": 0.799554565701559,
        "f1-score": 0.7728740581270183,
        "support": 449.0
    },
    "dog_bark": {
        "precision": 0.8050682261208577,
        "recall": 0.9198218262806236,
        "f1-score": 0.8586278586278586,
        "support": 449.0
    },
    "drilling": {
        "precision": 0.7965367965367965,
        "recall": 0.8195991091314031,
        "f1-score": 0.8079034028540066,
        "support": 449.0
    },
    "engine_idling": {
        "precision": 0.3614457831325301,
        "recall": 0.6681514476614699,
        "f1-score": 0.4691164972634871,
        "support": 449.0
    },
    "firetruck": {
        "precision": 0.9770408163265306,
        "recall": 0.8530066815144766,
        "f1-score": 0.9108204518430439,
        "support": 449.0
    },
    "gun_shot": {
        "precision": 0.9582608695652174,
        "recall": 0.9981884057971014,
        "f1-score": 0.9778172138420586,
        "support": 552.0
    },
    "jackhammer": {
        "precision": 0.875,
        "recall": 0.12472160356347439,
        "f1-score": 0.21832358674463936,
        "support": 449.0
    },
    "police": {
        "precision": 1.0,
        "recall": 0.8596881959910914,
        "f1-score": 0.9245508982035928,
        "support": 449.0
    },
    "street_music": {
        "precision": 0.8425925925925926,
        "recall": 0.6080178173719376,
        "f1-score": 0.7063389391979301,
        "support": 449.0
    },
    "traffic": {
        "precision": 1.0,
        "recall": 0.9643652561247216,
        "f1-score": 0.981859410430839,
        "support": 449.0
    },
    "accuracy": 0.7714089582975803,
    "macro avg": {
        "precision": 0.8155450094216607,
        "recall": 0.769412642488076,
        "f1-score": 0.76313547585216,
        "support": 5827.0
    },
    "weighted avg": {
        "precision": 0.8144906623578944,
        "recall": 0.7714089582975803,
        "f1-score": 0.7636297029188472,
        "support": 5827.0
    }
}