{
    "air_conditioner": {
        "precision": 0.788,
        "recall": 0.43875278396436523,
        "f1-score": 0.5636623748211731,
        "support": 449.0
    },
    "ambulance": {
        "precision": 0.9584245076586433,
        "recall": 0.9755011135857461,
        "f1-score": 0.9668874172185431,
        "support": 449.0
    },
    "car_horn": {
        "precision": 0.9462915601023018,
        "recall": 0.9635416666666666,
        "f1-score": 0.9548387096774194,
        "support": 384.0
    },
    "children_playing": {
        "precision": 0.9415204678362573,
        "recall": 0.7171492204899778,
        "f1-score": 0.8141592920353983,
        "support": 449.0
    },
    "dog_bark": {
        "precision": 0.8043478260869565,
        "recall": 0.8240534521158129,
        "f1-score": 0.8140814081408141,
        "support": 449.0
    },
    "drilling": {
        "precision": 0.8472222222222222,
        "recall": 0.8151447661469933,
        "f1-score": 0.8308740068104427,
        "support": 449.0
    },
    "engine_idling": {
        "precision": 0.9612590799031477,
        "recall": 0.8841870824053452,
        "f1-score": 0.9211136890951276,
        "support": 449.0
    },
    "firetruck": {
        "precision": 0.9954545454545455,
        "recall": 0.9755011135857461,
        "f1-score": 0.9853768278965129,
        "support": 449.0
    },
    "gun_shot": {
        "precision": 0.9476439790575916,
        "recall": 0.9731182795698925,
        "f1-score": 0.9602122015915119,
        "support": 372.0
    },
    "jackhammer": {
        "precision": 0.8533057851239669,
        "recall": 0.9198218262806236,
        "f1-score": 0.8853161843515541,
        "support": 449.0
    },
    "police": {
        "precision": 0.9669603524229075,
        "recall": 0.977728285077951,
        "f1-score": 0.9723145071982281,
        "support": 449.0
    },
    "street_music": {
        "precision": 0.5737265415549598,
        "recall": 0.9532293986636972,
        "f1-score": 0.7163179916317992,
        "support": 449.0
    },
    "traffic": {
        "precision": 1.0,
        "recall": 0.9888641425389755,
        "f1-score": 0.9944008958566629,
        "support": 449.0
    },
    "accuracy": 0.875153643546971,
    "macro avg": {
        "precision": 0.8910889898018077,
        "recall": 0.877430240853215,
        "f1-score": 0.8753504235634758,
        "support": 5695.0
    },
    "weighted avg": {
        "precision": 0.8896942749216976,
        "recall": 0.875153643546971,
        "f1-score": 0.8732957974869939,
        "support": 5695.0
    }
}