{
    "air_conditioner": {
        "precision": 0.5777262180974478,
        "recall": 0.5545657015590201,
        "f1-score": 0.5659090909090909,
        "support": 449.0
    },
    "ambulance": {
        "precision": 0.8908730158730159,
        "recall": 1.0,
        "f1-score": 0.9422875131164743,
        "support": 449.0
    },
    "car_horn": {
        "precision": 0.7446300715990454,
        "recall": 0.9285714285714286,
        "f1-score": 0.8264900662251655,
        "support": 336.0
    },
    "children_playing": {
        "precision": 0.7522123893805309,
        "recall": 0.9465478841870824,
        "f1-score": 0.8382642998027613,
        "support": 449.0
    },
    "dog_bark": {
        "precision": 0.8061002178649237,
        "recall": 0.8240534521158129,
        "f1-score": 0.8149779735682819,
        "support": 449.0
    },
    "drilling": {
        "precision": 0.7872340425531915,
        "recall": 0.7416481069042317,
        "f1-score": 0.7637614678899083,
        "support": 449.0
    },
    "engine_idling": {
        "precision": 0.3814866760168303,
        "recall": 0.6057906458797327,
        "f1-score": 0.46815834767641995,
        "support": 449.0
    },
    "firetruck": {
        "precision": 0.9681093394077449,
        "recall": 0.9465478841870824,
        "f1-score": 0.9572072072072072,
        "support": 449.0
    },
    "gun_shot": {
        "precision": 0.938671209540034,
        "recall": 0.9981884057971014,
        "f1-score": 0.9675153643546971,
        "support": 552.0
    },
    "jackhammer": {
        "precision": 0.5747126436781609,
        "recall": 0.111358574610245,
        "f1-score": 0.1865671641791045,
        "support": 449.0
    },
    "police": {
        "precision": 0.9976076555023924,
        "recall": 0.9287305122494433,
        "f1-score": 0.9619377162629758,
        "support": 449.0
    },
    "street_music": {
        "precision": 0.8931750741839762,
        "recall": 0.6703786191536748,
        "f1-score": 0.7659033078880407,
        "support": 449.0
    },
    "traffic": {
        "precision": 0.9820224719101124,
        "recall": 0.9732739420935412,
        "f1-score": 0.9776286353467561,
        "support": 449.0
    },
    "accuracy": 0.787883988330187,
    "macro avg": {
        "precision": 0.7918893096621081,
        "recall": 0.7868965505621843,
        "f1-score": 0.7720467811097602,
        "support": 5827.0
    },
    "weighted avg": {
        "precision": 0.7954003495777685,
        "recall": 0.787883988330187,
        "f1-score": 0.7744461586378516,
        "support": 5827.0
    }
}