{
    "fold": 4,
    "best_epoch": 3,
    "train_loss": 0.24998555340151074,
    "val_loss": 1.8440523832165867,
    "test_loss": 2.451350851771523,
    "train_accuracy": 91.83421974315735,
    "val_accuracy": 66.32302405498282,
    "test_accuracy": 64.42505133470226,
    "classification_report": {
        "air_conditioner": {
            "precision": 0.6075471698113207,
            "recall": 0.3585746102449889,
            "f1-score": 0.45098039215686275,
            "support": 449.0
        },
        "ambulance": {
            "precision": 0.896774193548387,
            "recall": 0.9287305122494433,
            "f1-score": 0.912472647702407,
            "support": 449.0
        },
        "car_horn": {
            "precision": 0.5480769230769231,
            "recall": 0.38084632516703787,
            "f1-score": 0.44940867279894875,
            "support": 449.0
        },
        "children_playing": {
            "precision": 0.5045871559633027,
            "recall": 0.3674832962138085,
            "f1-score": 0.4252577319587629,
            "support": 449.0
        },
        "dog_bark": {
            "precision": 0.5239477503628447,
            "recall": 0.8040089086859689,
            "f1-score": 0.6344463971880492,
            "support": 449.0
        },
        "drilling": {
            "precision": 0.55,
            "recall": 0.5144766146993318,
            "f1-score": 0.5316455696202531,
            "support": 449.0
        },
        "engine_idling": {
            "precision": 0.4057017543859649,
            "recall": 0.8240534521158129,
            "f1-score": 0.5437178545187362,
            "support": 449.0
        },
        "firetruck": {
            "precision": 0.8306772908366534,
            "recall": 0.9287305122494433,
            "f1-score": 0.8769716088328076,
            "support": 449.0
        },
        "gun_shot": {
            "precision": 0.9906542056074766,
            "recall": 0.9298245614035088,
            "f1-score": 0.9592760180995475,
            "support": 456.0
        },
        "jackhammer": {
            "precision": 0.08727272727272728,
            "recall": 0.053452115812917596,
            "f1-score": 0.06629834254143646,
            "support": 449.0
        },
        "police": {
            "precision": 0.9600997506234414,
            "recall": 0.8574610244988864,
            "f1-score": 0.9058823529411765,
            "support": 449.0
        },
        "street_music": {
            "precision": 0.5517241379310345,
            "recall": 0.5701559020044543,
            "f1-score": 0.56078860898138,
            "support": 449.0
        },
        "traffic": {
            "precision": 0.9973958333333334,
            "recall": 0.8530066815144766,
            "f1-score": 0.9195678271308524,
            "support": 449.0
        },
        "accuracy": 0.6442505133470225,
        "macro avg": {
            "precision": 0.6503429917502623,
            "recall": 0.6439080397584676,
            "f1-score": 0.6335933864977861,
            "support": 5844.0
        },
        "weighted avg": {
            "precision": 0.6507506198298311,
            "recall": 0.6442505133470225,
            "f1-score": 0.6339834923193489,
            "support": 5844.0
        }
    },
    "paths": {
        "best_model": "output/vgg16/fold_4/checkpoint_epoch_3.pth",
        "confusion_matrix": "output/vgg16/fold_4/plots/confusion_matrix.png",
        "roc_curves": "output/vgg16/fold_4/plots/roc_curves.png",
        "classification_report": "output/vgg16/fold_4/classification_report.json",
        "grad_cam_dir": "output/vgg16/fold_4/grad_cam"
    }
}