{
    "air_conditioner": {
        "precision": 0.660377358490566,
        "recall": 0.5456570155902004,
        "f1-score": 0.5975609756097561,
        "support": 449.0
    },
    "ambulance": {
        "precision": 0.921161825726141,
        "recall": 0.9888641425389755,
        "f1-score": 0.9538131041890441,
        "support": 449.0
    },
    "car_horn": {
        "precision": 1.0,
        "recall": 0.534521158129176,
        "f1-score": 0.6966618287373004,
        "support": 449.0
    },
    "children_playing": {
        "precision": 0.7632093933463796,
        "recall": 0.8685968819599109,
        "f1-score": 0.8125,
        "support": 449.0
    },
    "dog_bark": {
        "precision": 0.9065040650406504,
        "recall": 0.9933184855233853,
        "f1-score": 0.9479277364505845,
        "support": 449.0
    },
    "drilling": {
        "precision": 0.7190569744597249,
        "recall": 0.8151447661469933,
        "f1-score": 0.7640918580375783,
        "support": 449.0
    },
    "engine_idling": {
        "precision": 0.3875,
        "recall": 0.5523385300668151,
        "f1-score": 0.4554637281910009,
        "support": 449.0
    },
    "firetruck": {
        "precision": 0.8238866396761133,
        "recall": 0.9064587973273942,
        "f1-score": 0.8632025450689289,
        "support": 449.0
    },
    "gun_shot": {
        "precision": 0.9807692307692307,
        "recall": 0.9714285714285714,
        "f1-score": 0.9760765550239234,
        "support": 420.0
    },
    "jackhammer": {
        "precision": 0.6782608695652174,
        "recall": 0.34743875278396436,
        "f1-score": 0.45949926362297494,
        "support": 449.0
    },
    "police": {
        "precision": 0.9695652173913043,
        "recall": 0.9933184855233853,
        "f1-score": 0.9812981298129813,
        "support": 449.0
    },
    "street_music": {
        "precision": 0.7120622568093385,
        "recall": 0.8151447661469933,
        "f1-score": 0.7601246105919003,
        "support": 449.0
    },
    "traffic": {
        "precision": 1.0,
        "recall": 1.0,
        "f1-score": 1.0,
        "support": 449.0
    },
    "accuracy": 0.793904958677686,
    "macro avg": {
        "precision": 0.8094118331749743,
        "recall": 0.7947869502435203,
        "f1-score": 0.7898631027181519,
        "support": 5808.0
    },
    "weighted avg": {
        "precision": 0.8085562263343693,
        "recall": 0.793904958677686,
        "f1-score": 0.7889333179184156,
        "support": 5808.0
    }
}