{
    "air_conditioner": {
        "precision": 0.39558573853989815,
        "recall": 0.5189309576837416,
        "f1-score": 0.4489402697495183,
        "support": 449.0
    },
    "ambulance": {
        "precision": 0.7296747967479674,
        "recall": 0.799554565701559,
        "f1-score": 0.7630180658873539,
        "support": 449.0
    },
    "car_horn": {
        "precision": 0.8994413407821229,
        "recall": 0.8944444444444445,
        "f1-score": 0.8969359331476323,
        "support": 360.0
    },
    "children_playing": {
        "precision": 0.6779220779220779,
        "recall": 0.5812917594654788,
        "f1-score": 0.6258992805755396,
        "support": 449.0
    },
    "dog_bark": {
        "precision": 0.7246376811594203,
        "recall": 0.779510022271715,
        "f1-score": 0.7510729613733905,
        "support": 449.0
    },
    "drilling": {
        "precision": 0.6027397260273972,
        "recall": 0.6859688195991092,
        "f1-score": 0.6416666666666667,
        "support": 449.0
    },
    "engine_idling": {
        "precision": 0.5945273631840796,
        "recall": 0.532293986636971,
        "f1-score": 0.5616921269095182,
        "support": 449.0
    },
    "firetruck": {
        "precision": 0.8078602620087336,
        "recall": 0.8240534521158129,
        "f1-score": 0.8158765159867696,
        "support": 449.0
    },
    "gun_shot": {
        "precision": 0.8107476635514018,
        "recall": 0.9638888888888889,
        "f1-score": 0.8807106598984772,
        "support": 360.0
    },
    "jackhammer": {
        "precision": 0.6391752577319587,
        "recall": 0.27616926503340755,
        "f1-score": 0.3856920684292379,
        "support": 449.0
    },
    "police": {
        "precision": 0.9073170731707317,
        "recall": 0.8285077951002228,
        "f1-score": 0.8661233993015134,
        "support": 449.0
    },
    "street_music": {
        "precision": 0.6435185185185185,
        "recall": 0.6191536748329621,
        "f1-score": 0.6311010215664018,
        "support": 449.0
    },
    "traffic": {
        "precision": 0.816247582205029,
        "recall": 0.9398663697104677,
        "f1-score": 0.8737060041407867,
        "support": 449.0
    },
    "accuracy": 0.7041880190846439,
    "macro avg": {
        "precision": 0.7114919293499489,
        "recall": 0.7110487693449833,
        "f1-score": 0.703264228740985,
        "support": 5659.0
    },
    "weighted avg": {
        "precision": 0.7069750079925726,
        "recall": 0.7041880190846439,
        "f1-score": 0.6974275943417612,
        "support": 5659.0
    }
}