{
    "fold": 9,
    "best_epoch": 4,
    "train_loss": 0.011872869930537154,
    "val_loss": 1.8595323303031543,
    "test_loss": 1.8450139850480767,
    "train_accuracy": 99.643501417404,
    "val_accuracy": 75.86145962184132,
    "test_accuracy": 85.53116769095698,
    "classification_report": {
        "air_conditioner": {
            "precision": 0.52046783625731,
            "recall": 0.19821826280623608,
            "f1-score": 0.2870967741935484,
            "support": 449.0
        },
        "ambulance": {
            "precision": 0.9701149425287356,
            "recall": 0.9398663697104677,
            "f1-score": 0.9547511312217195,
            "support": 449.0
        },
        "car_horn": {
            "precision": 0.981675392670157,
            "recall": 0.9765625,
            "f1-score": 0.97911227154047,
            "support": 384.0
        },
        "children_playing": {
            "precision": 0.6058282208588958,
            "recall": 0.8797327394209354,
            "f1-score": 0.7175295186194369,
            "support": 449.0
        },
        "dog_bark": {
            "precision": 0.8392434988179669,
            "recall": 0.7906458797327395,
            "f1-score": 0.8142201834862385,
            "support": 449.0
        },
        "drilling": {
            "precision": 0.6829268292682927,
            "recall": 0.8106904231625836,
            "f1-score": 0.7413441955193483,
            "support": 449.0
        },
        "engine_idling": {
            "precision": 0.7869158878504673,
            "recall": 0.9376391982182628,
            "f1-score": 0.8556910569105691,
            "support": 449.0
        },
        "firetruck": {
            "precision": 0.9668874172185431,
            "recall": 0.9755011135857461,
            "f1-score": 0.9711751662971175,
            "support": 449.0
        },
        "gun_shot": {
            "precision": 1.0,
            "recall": 0.9543010752688172,
            "f1-score": 0.9766162310866575,
            "support": 372.0
        },
        "jackhammer": {
            "precision": 0.9405940594059405,
            "recall": 0.8463251670378619,
            "f1-score": 0.8909730363423212,
            "support": 449.0
        },
        "police": {
            "precision": 0.9611231101511879,
            "recall": 0.9910913140311804,
            "f1-score": 0.9758771929824561,
            "support": 449.0
        },
        "street_music": {
            "precision": 0.8775510204081632,
            "recall": 0.8619153674832962,
            "f1-score": 0.8696629213483146,
            "support": 449.0
        },
        "traffic": {
            "precision": 0.9933035714285714,
            "recall": 0.9910913140311804,
            "f1-score": 0.992196209587514,
            "support": 449.0
        },
        "accuracy": 0.8553116769095698,
        "macro avg": {
            "precision": 0.8558947528357101,
            "recall": 0.8579677480376391,
            "f1-score": 0.8481727607027469,
            "support": 5695.0
        },
        "weighted avg": {
            "precision": 0.8525107588724284,
            "recall": 0.8553116769095698,
            "f1-score": 0.8449416429812344,
            "support": 5695.0
        }
    },
    "paths": {
        "best_model": "output/alexnet/fold_9/checkpoint_epoch_4.pth",
        "confusion_matrix": "output/alexnet/fold_9/plots/confusion_matrix.png",
        "roc_curves": "output/alexnet/fold_9/plots/roc_curves.png",
        "classification_report": "output/alexnet/fold_9/classification_report.json",
        "grad_cam_dir": "output/alexnet/fold_9/grad_cam"
    }
}