{
    "fold": 2,
    "best_epoch": 1,
    "train_loss": 0.3062702475722817,
    "val_loss": 1.217778085718177,
    "test_loss": 0.9905923204899879,
    "train_accuracy": 90.16170470001511,
    "val_accuracy": 78.57019513037471,
    "test_accuracy": 73.10606060606061,
    "classification_report": {
        "air_conditioner": {
            "precision": 0.4672131147540984,
            "recall": 0.5077951002227171,
            "f1-score": 0.48665955176093917,
            "support": 449.0
        },
        "ambulance": {
            "precision": 0.8324022346368715,
            "recall": 0.9955456570155902,
            "f1-score": 0.9066937119675457,
            "support": 449.0
        },
        "car_horn": {
            "precision": 0.9195402298850575,
            "recall": 0.534521158129176,
            "f1-score": 0.676056338028169,
            "support": 449.0
        },
        "children_playing": {
            "precision": 0.6899383983572895,
            "recall": 0.7483296213808464,
            "f1-score": 0.717948717948718,
            "support": 449.0
        },
        "dog_bark": {
            "precision": 0.7854609929078015,
            "recall": 0.9866369710467706,
            "f1-score": 0.8746298124383021,
            "support": 449.0
        },
        "drilling": {
            "precision": 0.524031007751938,
            "recall": 0.7527839643652561,
            "f1-score": 0.6179159049360147,
            "support": 449.0
        },
        "engine_idling": {
            "precision": 0.4424778761061947,
            "recall": 0.44543429844098,
            "f1-score": 0.4439511653718091,
            "support": 449.0
        },
        "firetruck": {
            "precision": 0.9592875318066157,
            "recall": 0.8396436525612472,
            "f1-score": 0.8954869358669834,
            "support": 449.0
        },
        "gun_shot": {
            "precision": 0.9799498746867168,
            "recall": 0.930952380952381,
            "f1-score": 0.9548229548229549,
            "support": 420.0
        },
        "jackhammer": {
            "precision": 0.21621621621621623,
            "recall": 0.035634743875278395,
            "f1-score": 0.06118546845124283,
            "support": 449.0
        },
        "police": {
            "precision": 0.9811320754716981,
            "recall": 0.9265033407572383,
            "f1-score": 0.9530355097365406,
            "support": 449.0
        },
        "street_music": {
            "precision": 0.5824175824175825,
            "recall": 0.8262806236080178,
            "f1-score": 0.6832412523020258,
            "support": 449.0
        },
        "traffic": {
            "precision": 0.9910514541387024,
            "recall": 0.9866369710467706,
            "f1-score": 0.9888392857142857,
            "support": 449.0
        },
        "accuracy": 0.7310606060606061,
        "macro avg": {
            "precision": 0.7208552760874448,
            "recall": 0.7320537294924823,
            "f1-score": 0.7123435853342717,
            "support": 5808.0
        },
        "weighted avg": {
            "precision": 0.7195615874925106,
            "recall": 0.7310606060606061,
            "f1-score": 0.7111328584549378,
            "support": 5808.0
        }
    },
    "paths": {
        "best_model": "output/alexnet/fold_2/checkpoint_epoch_1.pth",
        "confusion_matrix": "output/alexnet/fold_2/plots/confusion_matrix.png",
        "roc_curves": "output/alexnet/fold_2/plots/roc_curves.png",
        "classification_report": "output/alexnet/fold_2/classification_report.json",
        "grad_cam_dir": "output/alexnet/fold_2/grad_cam"
    }
}