{
    "fold": 4,
    "best_epoch": 3,
    "train_loss": 0.020220698067702617,
    "val_loss": 1.5774601403251691,
    "test_loss": 2.4593162012625607,
    "train_accuracy": 99.33411164439832,
    "val_accuracy": 70.77319587628865,
    "test_accuracy": 63.75770020533881,
    "classification_report": {
        "air_conditioner": {
            "precision": 0.3125,
            "recall": 0.1447661469933185,
            "f1-score": 0.197869101978691,
            "support": 449.0
        },
        "ambulance": {
            "precision": 0.8898305084745762,
            "recall": 0.9354120267260579,
            "f1-score": 0.9120521172638436,
            "support": 449.0
        },
        "car_horn": {
            "precision": 0.6470588235294118,
            "recall": 0.3674832962138085,
            "f1-score": 0.46875,
            "support": 449.0
        },
        "children_playing": {
            "precision": 0.5515463917525774,
            "recall": 0.4766146993318486,
            "f1-score": 0.5113500597371565,
            "support": 449.0
        },
        "dog_bark": {
            "precision": 0.5578778135048231,
            "recall": 0.7728285077951003,
            "f1-score": 0.6479925303454716,
            "support": 449.0
        },
        "drilling": {
            "precision": 0.4879032258064516,
            "recall": 0.5389755011135857,
            "f1-score": 0.5121693121693122,
            "support": 449.0
        },
        "engine_idling": {
            "precision": 0.48970588235294116,
            "recall": 0.7416481069042317,
            "f1-score": 0.5899025686448184,
            "support": 449.0
        },
        "firetruck": {
            "precision": 0.8568421052631578,
            "recall": 0.9064587973273942,
            "f1-score": 0.8809523809523809,
            "support": 449.0
        },
        "gun_shot": {
            "precision": 0.995049504950495,
            "recall": 0.881578947368421,
            "f1-score": 0.9348837209302325,
            "support": 456.0
        },
        "jackhammer": {
            "precision": 0.15,
            "recall": 0.0935412026726058,
            "f1-score": 0.11522633744855967,
            "support": 449.0
        },
        "police": {
            "precision": 0.9152173913043479,
            "recall": 0.9376391982182628,
            "f1-score": 0.9262926292629263,
            "support": 449.0
        },
        "street_music": {
            "precision": 0.36024844720496896,
            "recall": 0.5167037861915368,
            "f1-score": 0.42451967063129004,
            "support": 449.0
        },
        "traffic": {
            "precision": 0.9478260869565217,
            "recall": 0.9710467706013363,
            "f1-score": 0.9592959295929593,
            "support": 449.0
        },
        "accuracy": 0.6375770020533881,
        "macro avg": {
            "precision": 0.6278158600846364,
            "recall": 0.6372843836505775,
            "f1-score": 0.6216351045352032,
            "support": 5844.0
        },
        "weighted avg": {
            "precision": 0.6282557361137363,
            "recall": 0.6375770020533881,
            "f1-score": 0.6220103167725005,
            "support": 5844.0
        }
    },
    "paths": {
        "best_model": "output/vgg16/fold_4/checkpoint_epoch_3.pth",
        "confusion_matrix": "output/vgg16/fold_4/plots/confusion_matrix.png",
        "roc_curves": "output/vgg16/fold_4/plots/roc_curves.png",
        "classification_report": "output/vgg16/fold_4/classification_report.json",
        "grad_cam_dir": "output/vgg16/fold_4/grad_cam"
    }
}