{
    "air_conditioner": {
        "precision": 0.6152073732718893,
        "recall": 0.5946547884187082,
        "f1-score": 0.6047565118912798,
        "support": 449.0
    },
    "ambulance": {
        "precision": 0.918580375782881,
        "recall": 0.9799554565701559,
        "f1-score": 0.9482758620689655,
        "support": 449.0
    },
    "car_horn": {
        "precision": 0.7416974169741697,
        "recall": 0.5075757575757576,
        "f1-score": 0.6026986506746627,
        "support": 396.0
    },
    "children_playing": {
        "precision": 0.7972972972972973,
        "recall": 0.5256124721603563,
        "f1-score": 0.6335570469798658,
        "support": 449.0
    },
    "dog_bark": {
        "precision": 0.6799242424242424,
        "recall": 0.799554565701559,
        "f1-score": 0.7349027635619243,
        "support": 449.0
    },
    "drilling": {
        "precision": 0.5620437956204379,
        "recall": 0.6859688195991092,
        "f1-score": 0.6178535606820461,
        "support": 449.0
    },
    "engine_idling": {
        "precision": 0.711453744493392,
        "recall": 0.7193763919821826,
        "f1-score": 0.7153931339977851,
        "support": 449.0
    },
    "firetruck": {
        "precision": 0.9208791208791208,
        "recall": 0.933184855233853,
        "f1-score": 0.9269911504424779,
        "support": 449.0
    },
    "gun_shot": {
        "precision": 0.9595959595959596,
        "recall": 0.9895833333333334,
        "f1-score": 0.9743589743589743,
        "support": 384.0
    },
    "jackhammer": {
        "precision": 0.9598214285714286,
        "recall": 0.47884187082405344,
        "f1-score": 0.6389301634472511,
        "support": 449.0
    },
    "police": {
        "precision": 0.9734939759036144,
        "recall": 0.8997772828507795,
        "f1-score": 0.9351851851851852,
        "support": 449.0
    },
    "street_music": {
        "precision": 0.48456375838926175,
        "recall": 0.8040089086859689,
        "f1-score": 0.6046901172529313,
        "support": 449.0
    },
    "traffic": {
        "precision": 0.9451476793248945,
        "recall": 0.9977728285077951,
        "f1-score": 0.9707475622968581,
        "support": 449.0
    },
    "accuracy": 0.762545899632803,
    "macro avg": {
        "precision": 0.7899773975791222,
        "recall": 0.7627590254956625,
        "f1-score": 0.7621800525261697,
        "support": 5719.0
    },
    "weighted avg": {
        "precision": 0.7884970045805155,
        "recall": 0.762545899632803,
        "f1-score": 0.7612464774918977,
        "support": 5719.0
    }
}