{
    "air_conditioner": {
        "precision": 0.525974025974026,
        "recall": 0.18040089086859687,
        "f1-score": 0.26865671641791045,
        "support": 449.0
    },
    "ambulance": {
        "precision": 0.9781181619256017,
        "recall": 0.9955456570155902,
        "f1-score": 0.9867549668874173,
        "support": 449.0
    },
    "car_horn": {
        "precision": 0.9669117647058824,
        "recall": 0.5857461024498887,
        "f1-score": 0.7295423023578363,
        "support": 449.0
    },
    "children_playing": {
        "precision": 0.8199513381995134,
        "recall": 0.7505567928730512,
        "f1-score": 0.7837209302325582,
        "support": 449.0
    },
    "dog_bark": {
        "precision": 0.864693446088795,
        "recall": 0.910913140311804,
        "f1-score": 0.8872017353579176,
        "support": 449.0
    },
    "drilling": {
        "precision": 0.5641547861507128,
        "recall": 0.6169265033407573,
        "f1-score": 0.5893617021276596,
        "support": 449.0
    },
    "engine_idling": {
        "precision": 0.33771106941838647,
        "recall": 0.40089086859688194,
        "f1-score": 0.3665987780040733,
        "support": 449.0
    },
    "firetruck": {
        "precision": 0.9317697228144989,
        "recall": 0.9732739420935412,
        "f1-score": 0.9520697167755992,
        "support": 449.0
    },
    "gun_shot": {
        "precision": 0.9952380952380953,
        "recall": 0.9675925925925926,
        "f1-score": 0.9812206572769953,
        "support": 432.0
    },
    "jackhammer": {
        "precision": 0.5676359039190898,
        "recall": 1.0,
        "f1-score": 0.7241935483870968,
        "support": 449.0
    },
    "police": {
        "precision": 0.9955156950672646,
        "recall": 0.9888641425389755,
        "f1-score": 0.9921787709497206,
        "support": 449.0
    },
    "street_music": {
        "precision": 0.751131221719457,
        "recall": 0.7394209354120267,
        "f1-score": 0.745230078563412,
        "support": 449.0
    },
    "traffic": {
        "precision": 0.9718004338394793,
        "recall": 0.9977728285077951,
        "f1-score": 0.9846153846153847,
        "support": 449.0
    },
    "accuracy": 0.7769759450171821,
    "macro avg": {
        "precision": 0.7900465896200617,
        "recall": 0.7775311074308846,
        "f1-score": 0.7685650221502753,
        "support": 5820.0
    },
    "weighted avg": {
        "precision": 0.7894472329885314,
        "recall": 0.7769759450171821,
        "f1-score": 0.7679438630785994,
        "support": 5820.0
    }
}