{
    "fold": 10,
    "best_epoch": 3,
    "train_loss": 0.004993609417591147,
    "val_loss": 0.6771006316325991,
    "test_loss": 0.7744004118953954,
    "train_accuracy": 99.87742989850335,
    "val_accuracy": 87.05882352941177,
    "test_accuracy": 86.16891064871481,
    "classification_report": {
        "air_conditioner": {
            "precision": 0.8404907975460123,
            "recall": 0.9153674832962138,
            "f1-score": 0.8763326226012793,
            "support": 449.0
        },
        "ambulance": {
            "precision": 0.9354166666666667,
            "recall": 1.0,
            "f1-score": 0.9666307857911733,
            "support": 449.0
        },
        "car_horn": {
            "precision": 0.9575471698113207,
            "recall": 0.5126262626262627,
            "f1-score": 0.6677631578947368,
            "support": 396.0
        },
        "children_playing": {
            "precision": 0.7729941291585127,
            "recall": 0.8797327394209354,
            "f1-score": 0.8229166666666666,
            "support": 449.0
        },
        "dog_bark": {
            "precision": 0.851581508515815,
            "recall": 0.779510022271715,
            "f1-score": 0.813953488372093,
            "support": 449.0
        },
        "drilling": {
            "precision": 0.7986870897155361,
            "recall": 0.8129175946547884,
            "f1-score": 0.8057395143487859,
            "support": 449.0
        },
        "engine_idling": {
            "precision": 0.8252427184466019,
            "recall": 0.7572383073496659,
            "f1-score": 0.7897793263646922,
            "support": 449.0
        },
        "firetruck": {
            "precision": 0.9908883826879271,
            "recall": 0.9688195991091314,
            "f1-score": 0.9797297297297297,
            "support": 449.0
        },
        "gun_shot": {
            "precision": 0.9846153846153847,
            "recall": 1.0,
            "f1-score": 0.9922480620155039,
            "support": 384.0
        },
        "jackhammer": {
            "precision": 0.9555555555555556,
            "recall": 0.6703786191536748,
            "f1-score": 0.7879581151832461,
            "support": 449.0
        },
        "police": {
            "precision": 0.9953379953379954,
            "recall": 0.9510022271714922,
            "f1-score": 0.9726651480637813,
            "support": 449.0
        },
        "street_music": {
            "precision": 0.5779310344827586,
            "recall": 0.933184855233853,
            "f1-score": 0.7137989778534923,
            "support": 449.0
        },
        "traffic": {
            "precision": 1.0,
            "recall": 1.0,
            "f1-score": 1.0,
            "support": 449.0
        },
        "accuracy": 0.8616891064871481,
        "macro avg": {
            "precision": 0.88356064865693,
            "recall": 0.8600598238682872,
            "f1-score": 0.8607319688373216,
            "support": 5719.0
        },
        "weighted avg": {
            "precision": 0.881726439274436,
            "recall": 0.8616891064871481,
            "f1-score": 0.8610255168218249,
            "support": 5719.0
        }
    },
    "paths": {
        "best_model": "output/resnet18/fold_10/checkpoint_epoch_3.pth",
        "confusion_matrix": "output/resnet18/fold_10/plots/confusion_matrix.png",
        "roc_curves": "output/resnet18/fold_10/plots/roc_curves.png",
        "classification_report": "output/resnet18/fold_10/classification_report.json",
        "grad_cam_dir": "output/resnet18/fold_10/grad_cam"
    }
}