{
    "air_conditioner": {
        "precision": 0.5727848101265823,
        "recall": 0.40311804008908686,
        "f1-score": 0.47320261437908495,
        "support": 449.0
    },
    "ambulance": {
        "precision": 0.9816091954022989,
        "recall": 0.9510022271714922,
        "f1-score": 0.9660633484162896,
        "support": 449.0
    },
    "car_horn": {
        "precision": 0.9797297297297297,
        "recall": 0.6712962962962963,
        "f1-score": 0.7967032967032966,
        "support": 432.0
    },
    "children_playing": {
        "precision": 0.6678321678321678,
        "recall": 0.8507795100222717,
        "f1-score": 0.7482859941234085,
        "support": 449.0
    },
    "dog_bark": {
        "precision": 0.6766666666666666,
        "recall": 0.9042316258351893,
        "f1-score": 0.7740705433746425,
        "support": 449.0
    },
    "drilling": {
        "precision": 0.8809523809523809,
        "recall": 0.6592427616926503,
        "f1-score": 0.7541401273885351,
        "support": 449.0
    },
    "engine_idling": {
        "precision": 0.7544757033248082,
        "recall": 0.6570155902004454,
        "f1-score": 0.7023809523809523,
        "support": 449.0
    },
    "firetruck": {
        "precision": 0.9645232815964523,
        "recall": 0.9688195991091314,
        "f1-score": 0.9666666666666667,
        "support": 449.0
    },
    "gun_shot": {
        "precision": 0.7714285714285715,
        "recall": 0.9642857142857143,
        "f1-score": 0.8571428571428571,
        "support": 420.0
    },
    "jackhammer": {
        "precision": 0.8861985472154964,
        "recall": 0.8151447661469933,
        "f1-score": 0.8491879350348028,
        "support": 449.0
    },
    "police": {
        "precision": 0.9623893805309734,
        "recall": 0.9688195991091314,
        "f1-score": 0.9655937846836848,
        "support": 449.0
    },
    "street_music": {
        "precision": 0.720226843100189,
        "recall": 0.8485523385300668,
        "f1-score": 0.7791411042944786,
        "support": 449.0
    },
    "traffic": {
        "precision": 0.9431578947368421,
        "recall": 0.9977728285077951,
        "f1-score": 0.9696969696969697,
        "support": 449.0
    },
    "accuracy": 0.8197202555689863,
    "macro avg": {
        "precision": 0.8278442440494739,
        "recall": 0.8200062228458663,
        "f1-score": 0.8155597072527437,
        "support": 5791.0
    },
    "weighted avg": {
        "precision": 0.8276808873320574,
        "recall": 0.8197202555689863,
        "f1-score": 0.8154068230587406,
        "support": 5791.0
    }
}