{
    "air_conditioner": {
        "precision": 0.6857923497267759,
        "recall": 0.5590200445434298,
        "f1-score": 0.6159509202453988,
        "support": 449.0
    },
    "ambulance": {
        "precision": 0.8270042194092827,
        "recall": 0.8730512249443207,
        "f1-score": 0.8494041170097508,
        "support": 449.0
    },
    "car_horn": {
        "precision": 0.3514644351464435,
        "recall": 0.1870824053452116,
        "f1-score": 0.2441860465116279,
        "support": 449.0
    },
    "children_playing": {
        "precision": 0.7109826589595376,
        "recall": 0.821826280623608,
        "f1-score": 0.762396694214876,
        "support": 449.0
    },
    "dog_bark": {
        "precision": 0.7851239669421488,
        "recall": 0.6347438752783965,
        "f1-score": 0.7019704433497537,
        "support": 449.0
    },
    "drilling": {
        "precision": 0.7924528301886793,
        "recall": 0.5612472160356348,
        "f1-score": 0.6571056062581486,
        "support": 449.0
    },
    "engine_idling": {
        "precision": 0.49206349206349204,
        "recall": 0.6904231625835189,
        "f1-score": 0.5746061167747915,
        "support": 449.0
    },
    "firetruck": {
        "precision": 0.8317972350230415,
        "recall": 0.8040089086859689,
        "f1-score": 0.8176670441676104,
        "support": 449.0
    },
    "gun_shot": {
        "precision": 0.8480565371024735,
        "recall": 1.0,
        "f1-score": 0.9177820267686424,
        "support": 480.0
    },
    "jackhammer": {
        "precision": 0.7949526813880127,
        "recall": 0.5612472160356348,
        "f1-score": 0.6579634464751958,
        "support": 449.0
    },
    "police": {
        "precision": 0.9066666666666666,
        "recall": 0.9086859688195991,
        "f1-score": 0.9076751946607341,
        "support": 449.0
    },
    "street_music": {
        "precision": 0.5264705882352941,
        "recall": 0.7973273942093542,
        "f1-score": 0.6341895482728078,
        "support": 449.0
    },
    "traffic": {
        "precision": 0.869140625,
        "recall": 0.9910913140311804,
        "f1-score": 0.9261186264308012,
        "support": 449.0
    },
    "accuracy": 0.7237559645535105,
    "macro avg": {
        "precision": 0.7247667912193729,
        "recall": 0.7222888470104506,
        "f1-score": 0.7128473716261646,
        "support": 5868.0
    },
    "weighted avg": {
        "precision": 0.725418117416097,
        "recall": 0.7237559645535105,
        "f1-score": 0.7139300189181578,
        "support": 5868.0
    }
}