{
    "fold": 10,
    "best_epoch": 2,
    "train_loss": 0.13019073847425075,
    "val_loss": 1.436814219273064,
    "test_loss": 1.803016040018964,
    "train_accuracy": 96.05625322552899,
    "val_accuracy": 72.76558384547849,
    "test_accuracy": 63.2453226088477,
    "classification_report": {
        "air_conditioner": {
            "precision": 0.4205020920502092,
            "recall": 0.44766146993318484,
            "f1-score": 0.4336569579288026,
            "support": 449.0
        },
        "ambulance": {
            "precision": 0.7457044673539519,
            "recall": 0.9665924276169265,
            "f1-score": 0.8419010669253152,
            "support": 449.0
        },
        "car_horn": {
            "precision": 0.8457446808510638,
            "recall": 0.4015151515151515,
            "f1-score": 0.5445205479452054,
            "support": 396.0
        },
        "children_playing": {
            "precision": 0.3504273504273504,
            "recall": 0.5478841870824054,
            "f1-score": 0.4274543874891399,
            "support": 449.0
        },
        "dog_bark": {
            "precision": 0.6907216494845361,
            "recall": 0.5968819599109132,
            "f1-score": 0.6403823178016727,
            "support": 449.0
        },
        "drilling": {
            "precision": 0.38223938223938225,
            "recall": 0.22048997772828507,
            "f1-score": 0.2796610169491525,
            "support": 449.0
        },
        "engine_idling": {
            "precision": 0.500823723228995,
            "recall": 0.6770601336302895,
            "f1-score": 0.5757575757575758,
            "support": 449.0
        },
        "firetruck": {
            "precision": 0.9217391304347826,
            "recall": 0.7082405345211581,
            "f1-score": 0.801007556675063,
            "support": 449.0
        },
        "gun_shot": {
            "precision": 0.9597989949748744,
            "recall": 0.9947916666666666,
            "f1-score": 0.9769820971867008,
            "support": 384.0
        },
        "jackhammer": {
            "precision": 0.45255474452554745,
            "recall": 0.27616926503340755,
            "f1-score": 0.343015214384509,
            "support": 449.0
        },
        "police": {
            "precision": 0.8365180467091295,
            "recall": 0.8775055679287305,
            "f1-score": 0.8565217391304348,
            "support": 449.0
        },
        "street_music": {
            "precision": 0.47265625,
            "recall": 0.5389755011135857,
            "f1-score": 0.5036420395421436,
            "support": 449.0
        },
        "traffic": {
            "precision": 0.8660194174757282,
            "recall": 0.9933184855233853,
            "f1-score": 0.9253112033195021,
            "support": 449.0
        },
        "accuracy": 0.632453226088477,
        "macro avg": {
            "precision": 0.6496499945965808,
            "recall": 0.6343912560156991,
            "f1-score": 0.6269087477719398,
            "support": 5719.0
        },
        "weighted avg": {
            "precision": 0.6443076789127066,
            "recall": 0.632453226088477,
            "f1-score": 0.623693466582721,
            "support": 5719.0
        }
    },
    "paths": {
        "best_model": "output/vgg16/fold_10/checkpoint_epoch_2.pth",
        "confusion_matrix": "output/vgg16/fold_10/plots/confusion_matrix.png",
        "roc_curves": "output/vgg16/fold_10/plots/roc_curves.png",
        "classification_report": "output/vgg16/fold_10/classification_report.json",
        "grad_cam_dir": "output/vgg16/fold_10/grad_cam"
    }
}