{
    "air_conditioner": {
        "precision": 0.4423076923076923,
        "recall": 0.20489977728285078,
        "f1-score": 0.2800608828006088,
        "support": 449.0
    },
    "ambulance": {
        "precision": 0.9898477157360406,
        "recall": 0.8685968819599109,
        "f1-score": 0.9252669039145908,
        "support": 449.0
    },
    "car_horn": {
        "precision": 0.9,
        "recall": 0.8819599109131403,
        "f1-score": 0.890888638920135,
        "support": 449.0
    },
    "children_playing": {
        "precision": 0.42656449553001274,
        "recall": 0.7438752783964365,
        "f1-score": 0.5422077922077922,
        "support": 449.0
    },
    "dog_bark": {
        "precision": 0.6198347107438017,
        "recall": 0.6681514476614699,
        "f1-score": 0.6430868167202572,
        "support": 449.0
    },
    "drilling": {
        "precision": 0.9808917197452229,
        "recall": 0.3429844097995546,
        "f1-score": 0.5082508250825083,
        "support": 449.0
    },
    "engine_idling": {
        "precision": 0.48316831683168315,
        "recall": 0.5434298440979956,
        "f1-score": 0.5115303983228512,
        "support": 449.0
    },
    "firetruck": {
        "precision": 0.9434389140271493,
        "recall": 0.9287305122494433,
        "f1-score": 0.936026936026936,
        "support": 449.0
    },
    "gun_shot": {
        "precision": 0.9676674364896074,
        "recall": 0.9699074074074074,
        "f1-score": 0.96878612716763,
        "support": 432.0
    },
    "jackhammer": {
        "precision": 0.37681159420289856,
        "recall": 0.11581291759465479,
        "f1-score": 0.17717206132879046,
        "support": 449.0
    },
    "police": {
        "precision": 0.8653465346534653,
        "recall": 0.9732739420935412,
        "f1-score": 0.9161425576519916,
        "support": 449.0
    },
    "street_music": {
        "precision": 0.2357630979498861,
        "recall": 0.4610244988864143,
        "f1-score": 0.3119819140919367,
        "support": 449.0
    },
    "traffic": {
        "precision": 0.9889624724061811,
        "recall": 0.9977728285077951,
        "f1-score": 0.9933481152993349,
        "support": 449.0
    },
    "accuracy": 0.6683848797250859,
    "macro avg": {
        "precision": 0.7092772846633569,
        "recall": 0.6692630505269702,
        "f1-score": 0.6619038438104126,
        "support": 5820.0
    },
    "weighted avg": {
        "precision": 0.7085225367971979,
        "recall": 0.6683848797250859,
        "f1-score": 0.6610074522610874,
        "support": 5820.0
    }
}