{
    "air_conditioner": {
        "precision": 0.7754491017964071,
        "recall": 0.576837416481069,
        "f1-score": 0.6615581098339719,
        "support": 449.0
    },
    "ambulance": {
        "precision": 0.9887892376681614,
        "recall": 0.9821826280623608,
        "f1-score": 0.9854748603351955,
        "support": 449.0
    },
    "car_horn": {
        "precision": 0.9306930693069307,
        "recall": 0.9791666666666666,
        "f1-score": 0.9543147208121827,
        "support": 384.0
    },
    "children_playing": {
        "precision": 0.9249448123620309,
        "recall": 0.933184855233853,
        "f1-score": 0.9290465631929047,
        "support": 449.0
    },
    "dog_bark": {
        "precision": 0.7494736842105263,
        "recall": 0.7928730512249443,
        "f1-score": 0.7705627705627706,
        "support": 449.0
    },
    "drilling": {
        "precision": 0.8563685636856369,
        "recall": 0.7037861915367484,
        "f1-score": 0.7726161369193154,
        "support": 449.0
    },
    "engine_idling": {
        "precision": 0.8255159474671669,
        "recall": 0.9799554565701559,
        "f1-score": 0.8961303462321792,
        "support": 449.0
    },
    "firetruck": {
        "precision": 0.9911111111111112,
        "recall": 0.9933184855233853,
        "f1-score": 0.9922135706340378,
        "support": 449.0
    },
    "gun_shot": {
        "precision": 1.0,
        "recall": 0.8602150537634409,
        "f1-score": 0.9248554913294798,
        "support": 372.0
    },
    "jackhammer": {
        "precision": 0.7415929203539823,
        "recall": 0.933184855233853,
        "f1-score": 0.8264299802761341,
        "support": 449.0
    },
    "police": {
        "precision": 0.9866962305986696,
        "recall": 0.9910913140311804,
        "f1-score": 0.9888888888888889,
        "support": 449.0
    },
    "street_music": {
        "precision": 0.8687782805429864,
        "recall": 0.8552338530066815,
        "f1-score": 0.8619528619528619,
        "support": 449.0
    },
    "traffic": {
        "precision": 0.9867549668874173,
        "recall": 0.9955456570155902,
        "f1-score": 0.991130820399113,
        "support": 449.0
    },
    "accuracy": 0.8899034240561896,
    "macro avg": {
        "precision": 0.8943206096916174,
        "recall": 0.8905058064884562,
        "f1-score": 0.888859624720695,
        "support": 5695.0
    },
    "weighted avg": {
        "precision": 0.8924766197129096,
        "recall": 0.8899034240561896,
        "f1-score": 0.8876258647602343,
        "support": 5695.0
    }
}