{
    "air_conditioner": {
        "precision": 0.6126373626373627,
        "recall": 0.49665924276169265,
        "f1-score": 0.5485854858548586,
        "support": 449.0
    },
    "ambulance": {
        "precision": 1.0,
        "recall": 0.8997772828507795,
        "f1-score": 0.9472450175849941,
        "support": 449.0
    },
    "car_horn": {
        "precision": 0.869215291750503,
        "recall": 1.0,
        "f1-score": 0.930032292787944,
        "support": 432.0
    },
    "children_playing": {
        "precision": 0.868995633187773,
        "recall": 0.8864142538975501,
        "f1-score": 0.8776185226019846,
        "support": 449.0
    },
    "dog_bark": {
        "precision": 0.653169014084507,
        "recall": 0.8262806236080178,
        "f1-score": 0.7295968534906588,
        "support": 449.0
    },
    "drilling": {
        "precision": 0.7346938775510204,
        "recall": 0.7216035634743875,
        "f1-score": 0.7280898876404495,
        "support": 449.0
    },
    "engine_idling": {
        "precision": 0.7232876712328767,
        "recall": 0.5879732739420935,
        "f1-score": 0.6486486486486487,
        "support": 449.0
    },
    "firetruck": {
        "precision": 0.990909090909091,
        "recall": 0.9710467706013363,
        "f1-score": 0.9808773903262092,
        "support": 449.0
    },
    "gun_shot": {
        "precision": 0.8383838383838383,
        "recall": 0.9880952380952381,
        "f1-score": 0.907103825136612,
        "support": 420.0
    },
    "jackhammer": {
        "precision": 0.7183770883054893,
        "recall": 0.6703786191536748,
        "f1-score": 0.6935483870967742,
        "support": 449.0
    },
    "police": {
        "precision": 0.8906882591093117,
        "recall": 0.9799554565701559,
        "f1-score": 0.9331919406150583,
        "support": 449.0
    },
    "street_music": {
        "precision": 0.9405405405405406,
        "recall": 0.7750556792873051,
        "f1-score": 0.8498168498168498,
        "support": 449.0
    },
    "traffic": {
        "precision": 0.9432773109243697,
        "recall": 1.0,
        "f1-score": 0.9708108108108108,
        "support": 449.0
    },
    "accuracy": 0.8297357969262649,
    "macro avg": {
        "precision": 0.8295519214320524,
        "recall": 0.8310184618647871,
        "f1-score": 0.826551224031681,
        "support": 5791.0
    },
    "weighted avg": {
        "precision": 0.8293912578356071,
        "recall": 0.8297357969262649,
        "f1-score": 0.8258440571173487,
        "support": 5791.0
    }
}