{
    "fold": 4,
    "best_epoch": 4,
    "train_loss": 0.055567862381604737,
    "val_loss": 1.5106834755605343,
    "test_loss": 1.4580258617542037,
    "train_accuracy": 98.17745492281749,
    "val_accuracy": 73.07560137457045,
    "test_accuracy": 75.01711156741958,
    "classification_report": {
        "air_conditioner": {
            "precision": 0.4268774703557312,
            "recall": 0.24053452115812918,
            "f1-score": 0.3076923076923077,
            "support": 449.0
        },
        "ambulance": {
            "precision": 0.9368191721132898,
            "recall": 0.9576837416481069,
            "f1-score": 0.947136563876652,
            "support": 449.0
        },
        "car_horn": {
            "precision": 0.9446808510638298,
            "recall": 0.9888641425389755,
            "f1-score": 0.9662676822633297,
            "support": 449.0
        },
        "children_playing": {
            "precision": 0.7974683544303798,
            "recall": 0.5612472160356348,
            "f1-score": 0.6588235294117647,
            "support": 449.0
        },
        "dog_bark": {
            "precision": 0.7983539094650206,
            "recall": 0.8641425389755011,
            "f1-score": 0.8299465240641711,
            "support": 449.0
        },
        "drilling": {
            "precision": 0.4624413145539906,
            "recall": 0.8775055679287305,
            "f1-score": 0.6056879323597233,
            "support": 449.0
        },
        "engine_idling": {
            "precision": 0.4618973561430793,
            "recall": 0.6614699331848553,
            "f1-score": 0.5439560439560439,
            "support": 449.0
        },
        "firetruck": {
            "precision": 0.8907216494845361,
            "recall": 0.9621380846325167,
            "f1-score": 0.9250535331905781,
            "support": 449.0
        },
        "gun_shot": {
            "precision": 0.9820224719101124,
            "recall": 0.9583333333333334,
            "f1-score": 0.9700332963374029,
            "support": 456.0
        },
        "jackhammer": {
            "precision": 0.13829787234042554,
            "recall": 0.028953229398663696,
            "f1-score": 0.04788213627992634,
            "support": 449.0
        },
        "police": {
            "precision": 0.9858156028368794,
            "recall": 0.9287305122494433,
            "f1-score": 0.9564220183486238,
            "support": 449.0
        },
        "street_music": {
            "precision": 0.728744939271255,
            "recall": 0.8017817371937639,
            "f1-score": 0.7635206786850477,
            "support": 449.0
        },
        "traffic": {
            "precision": 0.9716981132075472,
            "recall": 0.9175946547884187,
            "f1-score": 0.9438717067583047,
            "support": 449.0
        },
        "accuracy": 0.7501711156741958,
        "macro avg": {
            "precision": 0.7327568520904675,
            "recall": 0.7499214779281593,
            "f1-score": 0.7281764579402981,
            "support": 5844.0
        },
        "weighted avg": {
            "precision": 0.7330554248725923,
            "recall": 0.7501711156741958,
            "f1-score": 0.7284661564120264,
            "support": 5844.0
        }
    },
    "paths": {
        "best_model": "output/mobilenet/fold_4/checkpoint_epoch_4.pth",
        "confusion_matrix": "output/mobilenet/fold_4/plots/confusion_matrix.png",
        "roc_curves": "output/mobilenet/fold_4/plots/roc_curves.png",
        "classification_report": "output/mobilenet/fold_4/classification_report.json",
        "grad_cam_dir": "output/mobilenet/fold_4/grad_cam"
    }
}