{
    "air_conditioner": {
        "precision": 0.8834355828220859,
        "recall": 0.3207126948775056,
        "f1-score": 0.47058823529411764,
        "support": 449.0
    },
    "ambulance": {
        "precision": 0.9291666666666667,
        "recall": 0.9933184855233853,
        "f1-score": 0.9601722282023681,
        "support": 449.0
    },
    "car_horn": {
        "precision": 0.9414758269720102,
        "recall": 0.9635416666666666,
        "f1-score": 0.9523809523809523,
        "support": 384.0
    },
    "children_playing": {
        "precision": 0.922566371681416,
        "recall": 0.9287305122494433,
        "f1-score": 0.925638179800222,
        "support": 449.0
    },
    "dog_bark": {
        "precision": 0.8106904231625836,
        "recall": 0.8106904231625836,
        "f1-score": 0.8106904231625836,
        "support": 449.0
    },
    "drilling": {
        "precision": 0.8102189781021898,
        "recall": 0.7416481069042317,
        "f1-score": 0.7744186046511627,
        "support": 449.0
    },
    "engine_idling": {
        "precision": 0.6939721792890263,
        "recall": 1.0,
        "f1-score": 0.8193430656934306,
        "support": 449.0
    },
    "firetruck": {
        "precision": 1.0,
        "recall": 0.9420935412026726,
        "f1-score": 0.9701834862385321,
        "support": 449.0
    },
    "gun_shot": {
        "precision": 0.9946524064171123,
        "recall": 1.0,
        "f1-score": 0.9973190348525469,
        "support": 372.0
    },
    "jackhammer": {
        "precision": 0.8873239436619719,
        "recall": 0.9821826280623608,
        "f1-score": 0.9323467230443975,
        "support": 449.0
    },
    "police": {
        "precision": 0.984304932735426,
        "recall": 0.977728285077951,
        "f1-score": 0.9810055865921787,
        "support": 449.0
    },
    "street_music": {
        "precision": 0.7706611570247934,
        "recall": 0.8307349665924276,
        "f1-score": 0.7995712754555199,
        "support": 449.0
    },
    "traffic": {
        "precision": 0.9411764705882353,
        "recall": 0.9977728285077951,
        "f1-score": 0.9686486486486486,
        "support": 449.0
    },
    "accuracy": 0.8812993854258121,
    "macro avg": {
        "precision": 0.889972687624886,
        "recall": 0.8837810876020787,
        "f1-score": 0.8740235726166663,
        "support": 5695.0
    },
    "weighted avg": {
        "precision": 0.8879695195117053,
        "recall": 0.8812993854258121,
        "f1-score": 0.8714622064574316,
        "support": 5695.0
    }
}