{
    "air_conditioner": {
        "precision": 0.4231974921630094,
        "recall": 0.30066815144766146,
        "f1-score": 0.3515625,
        "support": 449.0
    },
    "ambulance": {
        "precision": 0.8477801268498943,
        "recall": 0.8930957683741648,
        "f1-score": 0.8698481561822126,
        "support": 449.0
    },
    "car_horn": {
        "precision": 0.92,
        "recall": 0.9732739420935412,
        "f1-score": 0.9458874458874459,
        "support": 449.0
    },
    "children_playing": {
        "precision": 0.6837209302325581,
        "recall": 0.6547884187082406,
        "f1-score": 0.6689419795221843,
        "support": 449.0
    },
    "dog_bark": {
        "precision": 0.8166311300639659,
        "recall": 0.8530066815144766,
        "f1-score": 0.8344226579520697,
        "support": 449.0
    },
    "drilling": {
        "precision": 0.7613882863340564,
        "recall": 0.7817371937639198,
        "f1-score": 0.7714285714285715,
        "support": 449.0
    },
    "engine_idling": {
        "precision": 0.5101522842639594,
        "recall": 0.44766146993318484,
        "f1-score": 0.47686832740213525,
        "support": 449.0
    },
    "firetruck": {
        "precision": 0.883248730964467,
        "recall": 0.7750556792873051,
        "f1-score": 0.8256227758007118,
        "support": 449.0
    },
    "gun_shot": {
        "precision": 0.9673659673659674,
        "recall": 0.9606481481481481,
        "f1-score": 0.9639953542392566,
        "support": 432.0
    },
    "jackhammer": {
        "precision": 0.6176470588235294,
        "recall": 0.7483296213808464,
        "f1-score": 0.676737160120846,
        "support": 449.0
    },
    "police": {
        "precision": 0.9040178571428571,
        "recall": 0.9020044543429844,
        "f1-score": 0.903010033444816,
        "support": 449.0
    },
    "street_music": {
        "precision": 0.6740890688259109,
        "recall": 0.7416481069042317,
        "f1-score": 0.7062566277836692,
        "support": 449.0
    },
    "traffic": {
        "precision": 0.8959183673469387,
        "recall": 0.977728285077951,
        "f1-score": 0.9350372736954207,
        "support": 449.0
    },
    "accuracy": 0.7694158075601375,
    "macro avg": {
        "precision": 0.7619351769520857,
        "recall": 0.7699727631520504,
        "f1-score": 0.7638168356507185,
        "support": 5820.0
    },
    "weighted avg": {
        "precision": 0.7613351213787118,
        "recall": 0.7694158075601375,
        "f1-score": 0.7632321217648068,
        "support": 5820.0
    }
}