{
    "air_conditioner": {
        "precision": 0.7424892703862661,
        "recall": 0.38530066815144765,
        "f1-score": 0.5073313782991202,
        "support": 449.0
    },
    "ambulance": {
        "precision": 0.9918918918918919,
        "recall": 0.8173719376391982,
        "f1-score": 0.8962148962148963,
        "support": 449.0
    },
    "car_horn": {
        "precision": 0.8715415019762845,
        "recall": 0.9821826280623608,
        "f1-score": 0.9235602094240838,
        "support": 449.0
    },
    "children_playing": {
        "precision": 0.783625730994152,
        "recall": 0.5968819599109132,
        "f1-score": 0.6776232616940582,
        "support": 449.0
    },
    "dog_bark": {
        "precision": 0.7235915492957746,
        "recall": 0.9153674832962138,
        "f1-score": 0.8082595870206489,
        "support": 449.0
    },
    "drilling": {
        "precision": 0.6103646833013435,
        "recall": 0.7082405345211581,
        "f1-score": 0.6556701030927835,
        "support": 449.0
    },
    "engine_idling": {
        "precision": 0.4217791411042945,
        "recall": 0.6124721603563474,
        "f1-score": 0.49954586739327883,
        "support": 449.0
    },
    "firetruck": {
        "precision": 0.902127659574468,
        "recall": 0.9443207126948775,
        "f1-score": 0.9227421109902068,
        "support": 449.0
    },
    "gun_shot": {
        "precision": 0.9944289693593314,
        "recall": 0.8263888888888888,
        "f1-score": 0.9026548672566371,
        "support": 432.0
    },
    "jackhammer": {
        "precision": 0.43119266055045874,
        "recall": 0.31403118040089084,
        "f1-score": 0.3634020618556701,
        "support": 449.0
    },
    "police": {
        "precision": 0.8875255623721882,
        "recall": 0.9665924276169265,
        "f1-score": 0.9253731343283582,
        "support": 449.0
    },
    "street_music": {
        "precision": 0.558091286307054,
        "recall": 0.5991091314031181,
        "f1-score": 0.5778732545649838,
        "support": 449.0
    },
    "traffic": {
        "precision": 0.8942115768463074,
        "recall": 0.9977728285077951,
        "f1-score": 0.9431578947368421,
        "support": 449.0
    },
    "accuracy": 0.743298969072165,
    "macro avg": {
        "precision": 0.7548354987661396,
        "recall": 0.7435409647269335,
        "f1-score": 0.7387237405285821,
        "support": 5820.0
    },
    "weighted avg": {
        "precision": 0.7541356552953348,
        "recall": 0.743298969072165,
        "f1-score": 0.7382449039041188,
        "support": 5820.0
    }
}