{
    "fold": 7,
    "best_epoch": 1,
    "train_loss": 0.2507513047239828,
    "val_loss": 1.2324154710697761,
    "test_loss": 1.1457734740568255,
    "train_accuracy": 91.98987100683924,
    "val_accuracy": 67.6849150506264,
    "test_accuracy": 72.78749787667742,
    "classification_report": {
        "air_conditioner": {
            "precision": 0.5,
            "recall": 0.5924276169265034,
            "f1-score": 0.5423037716615698,
            "support": 449.0
        },
        "ambulance": {
            "precision": 0.9120370370370371,
            "recall": 0.8775055679287305,
            "f1-score": 0.8944381384790011,
            "support": 449.0
        },
        "car_horn": {
            "precision": 0.8641618497109826,
            "recall": 0.8898809523809523,
            "f1-score": 0.8768328445747801,
            "support": 336.0
        },
        "children_playing": {
            "precision": 0.6468646864686468,
            "recall": 0.4365256124721604,
            "f1-score": 0.5212765957446809,
            "support": 449.0
        },
        "dog_bark": {
            "precision": 0.8581560283687943,
            "recall": 0.8084632516703786,
            "f1-score": 0.8325688073394495,
            "support": 449.0
        },
        "drilling": {
            "precision": 0.46547884187082406,
            "recall": 0.46547884187082406,
            "f1-score": 0.46547884187082406,
            "support": 449.0
        },
        "engine_idling": {
            "precision": 0.5055350553505535,
            "recall": 0.6102449888641426,
            "f1-score": 0.5529767911200807,
            "support": 449.0
        },
        "firetruck": {
            "precision": 0.9194915254237288,
            "recall": 0.9665924276169265,
            "f1-score": 0.9424538545059717,
            "support": 449.0
        },
        "gun_shot": {
            "precision": 0.9765886287625418,
            "recall": 0.954248366013072,
            "f1-score": 0.9652892561983472,
            "support": 612.0
        },
        "jackhammer": {
            "precision": 0.20307692307692307,
            "recall": 0.14699331848552338,
            "f1-score": 0.17054263565891473,
            "support": 449.0
        },
        "police": {
            "precision": 0.9364705882352942,
            "recall": 0.8864142538975501,
            "f1-score": 0.9107551487414187,
            "support": 449.0
        },
        "street_music": {
            "precision": 0.6092943201376936,
            "recall": 0.7884187082405345,
            "f1-score": 0.6873786407766991,
            "support": 449.0
        },
        "traffic": {
            "precision": 0.9760348583877996,
            "recall": 0.9977728285077951,
            "f1-score": 0.986784140969163,
            "support": 449.0
        },
        "accuracy": 0.7278749787667742,
        "macro avg": {
            "precision": 0.721014641756217,
            "recall": 0.7246897488365457,
            "f1-score": 0.7191599590493001,
            "support": 5887.0
        },
        "weighted avg": {
            "precision": 0.7253433194159998,
            "recall": 0.7278749787667742,
            "f1-score": 0.7229483129427797,
            "support": 5887.0
        }
    },
    "paths": {
        "best_model": "output/alexnet/fold_7/checkpoint_epoch_1.pth",
        "confusion_matrix": "output/alexnet/fold_7/plots/confusion_matrix.png",
        "roc_curves": "output/alexnet/fold_7/plots/roc_curves.png",
        "classification_report": "output/alexnet/fold_7/classification_report.json",
        "grad_cam_dir": "output/alexnet/fold_7/grad_cam"
    }
}