{
    "fold": 5,
    "best_epoch": 4,
    "train_loss": 0.0005207703360462406,
    "val_loss": 1.0668961505925243,
    "test_loss": 1.0521442948332635,
    "train_accuracy": 99.98917889451586,
    "val_accuracy": 81.69062286105407,
    "test_accuracy": 82.92433537832311,
    "classification_report": {
        "air_conditioner": {
            "precision": 0.9846938775510204,
            "recall": 0.8596881959910914,
            "f1-score": 0.9179548156956004,
            "support": 449.0
        },
        "ambulance": {
            "precision": 0.9819819819819819,
            "recall": 0.9710467706013363,
            "f1-score": 0.9764837625979843,
            "support": 449.0
        },
        "car_horn": {
            "precision": 0.956140350877193,
            "recall": 0.24276169265033407,
            "f1-score": 0.3872113676731794,
            "support": 449.0
        },
        "children_playing": {
            "precision": 0.8921348314606742,
            "recall": 0.8841870824053452,
            "f1-score": 0.8881431767337807,
            "support": 449.0
        },
        "dog_bark": {
            "precision": 0.7430555555555556,
            "recall": 0.9532293986636972,
            "f1-score": 0.8351219512195122,
            "support": 449.0
        },
        "drilling": {
            "precision": 0.978494623655914,
            "recall": 0.6080178173719376,
            "f1-score": 0.75,
            "support": 449.0
        },
        "engine_idling": {
            "precision": 0.6138996138996139,
            "recall": 0.35412026726057905,
            "f1-score": 0.4491525423728814,
            "support": 449.0
        },
        "firetruck": {
            "precision": 0.9798206278026906,
            "recall": 0.9732739420935412,
            "f1-score": 0.976536312849162,
            "support": 449.0
        },
        "gun_shot": {
            "precision": 0.9851694915254238,
            "recall": 0.96875,
            "f1-score": 0.976890756302521,
            "support": 480.0
        },
        "jackhammer": {
            "precision": 0.6288515406162465,
            "recall": 1.0,
            "f1-score": 0.7721410146173688,
            "support": 449.0
        },
        "police": {
            "precision": 0.9954853273137697,
            "recall": 0.9821826280623608,
            "f1-score": 0.9887892376681614,
            "support": 449.0
        },
        "street_music": {
            "precision": 0.5381773399014779,
            "recall": 0.9732739420935412,
            "f1-score": 0.6931007137192704,
            "support": 449.0
        },
        "traffic": {
            "precision": 0.951271186440678,
            "recall": 1.0,
            "f1-score": 0.9750271444082519,
            "support": 449.0
        },
        "accuracy": 0.8292433537832311,
        "macro avg": {
            "precision": 0.8637827960447877,
            "recall": 0.8285024413225972,
            "f1-score": 0.8143502150659748,
            "support": 5868.0
        },
        "weighted avg": {
            "precision": 0.8644240686350909,
            "recall": 0.8292433537832311,
            "f1-score": 0.8152088989068632,
            "support": 5868.0
        }
    },
    "paths": {
        "best_model": "output/convnext/fold_5/checkpoint_epoch_4.pth",
        "confusion_matrix": "output/convnext/fold_5/plots/confusion_matrix.png",
        "roc_curves": "output/convnext/fold_5/plots/roc_curves.png",
        "classification_report": "output/convnext/fold_5/classification_report.json",
        "grad_cam_dir": "output/convnext/fold_5/grad_cam"
    }
}