{
    "fold": 9,
    "best_epoch": 4,
    "train_loss": 0.0004790076200701511,
    "val_loss": 1.0492370071414872,
    "test_loss": 0.8101579409769554,
    "train_accuracy": 99.99140967270853,
    "val_accuracy": 84.41420745714791,
    "test_accuracy": 89.90342405618964,
    "classification_report": {
        "air_conditioner": {
            "precision": 0.7257383966244726,
            "recall": 0.3830734966592428,
            "f1-score": 0.5014577259475219,
            "support": 449.0
        },
        "ambulance": {
            "precision": 1.0,
            "recall": 0.9955456570155902,
            "f1-score": 0.9977678571428571,
            "support": 449.0
        },
        "car_horn": {
            "precision": 0.9375,
            "recall": 0.9765625,
            "f1-score": 0.9566326530612245,
            "support": 384.0
        },
        "children_playing": {
            "precision": 0.9209401709401709,
            "recall": 0.9599109131403119,
            "f1-score": 0.9400218102508179,
            "support": 449.0
        },
        "dog_bark": {
            "precision": 0.9359605911330049,
            "recall": 0.8463251670378619,
            "f1-score": 0.8888888888888888,
            "support": 449.0
        },
        "drilling": {
            "precision": 0.9152119700748129,
            "recall": 0.8173719376391982,
            "f1-score": 0.8635294117647059,
            "support": 449.0
        },
        "engine_idling": {
            "precision": 0.6661538461538462,
            "recall": 0.9643652561247216,
            "f1-score": 0.7879890809827116,
            "support": 449.0
        },
        "firetruck": {
            "precision": 0.9977777777777778,
            "recall": 1.0,
            "f1-score": 0.9988876529477196,
            "support": 449.0
        },
        "gun_shot": {
            "precision": 1.0,
            "recall": 1.0,
            "f1-score": 1.0,
            "support": 372.0
        },
        "jackhammer": {
            "precision": 0.9235955056179775,
            "recall": 0.9153674832962138,
            "f1-score": 0.9194630872483222,
            "support": 449.0
        },
        "police": {
            "precision": 0.9824561403508771,
            "recall": 0.9977728285077951,
            "f1-score": 0.9900552486187846,
            "support": 449.0
        },
        "street_music": {
            "precision": 0.7524366471734892,
            "recall": 0.8596881959910914,
            "f1-score": 0.8024948024948025,
            "support": 449.0
        },
        "traffic": {
            "precision": 0.9977777777777778,
            "recall": 1.0,
            "f1-score": 0.9988876529477196,
            "support": 449.0
        },
        "accuracy": 0.8990342405618964,
        "macro avg": {
            "precision": 0.9042729864326312,
            "recall": 0.9012294950316945,
            "f1-score": 0.8958519901766212,
            "support": 5695.0
        },
        "weighted avg": {
            "precision": 0.9025994594920578,
            "recall": 0.8990342405618964,
            "f1-score": 0.8937501218985001,
            "support": 5695.0
        }
    },
    "paths": {
        "best_model": "output/convnext/fold_9/checkpoint_epoch_4.pth",
        "confusion_matrix": "output/convnext/fold_9/plots/confusion_matrix.png",
        "roc_curves": "output/convnext/fold_9/plots/roc_curves.png",
        "classification_report": "output/convnext/fold_9/classification_report.json",
        "grad_cam_dir": "output/convnext/fold_9/grad_cam"
    }
}