{
    "fold": 2,
    "best_epoch": 4,
    "train_loss": 0.43113438087356026,
    "val_loss": 0.7262747806220592,
    "test_loss": 0.8981330705868019,
    "train_accuracy": 86.07266996265032,
    "val_accuracy": 73.94232429632189,
    "test_accuracy": 72.10743801652893,
    "classification_report": {
        "air_conditioner": {
            "precision": 0.480719794344473,
            "recall": 0.41648106904231624,
            "f1-score": 0.44630071599045346,
            "support": 449.0
        },
        "ambulance": {
            "precision": 0.8604651162790697,
            "recall": 0.9064587973273942,
            "f1-score": 0.8828633405639913,
            "support": 449.0
        },
        "car_horn": {
            "precision": 0.6512345679012346,
            "recall": 0.46993318485523383,
            "f1-score": 0.5459249676584734,
            "support": 449.0
        },
        "children_playing": {
            "precision": 0.7134502923976608,
            "recall": 0.8151447661469933,
            "f1-score": 0.760914760914761,
            "support": 449.0
        },
        "dog_bark": {
            "precision": 0.7676348547717843,
            "recall": 0.8240534521158129,
            "f1-score": 0.7948442534908701,
            "support": 449.0
        },
        "drilling": {
            "precision": 0.6722488038277512,
            "recall": 0.6258351893095768,
            "f1-score": 0.6482122260668973,
            "support": 449.0
        },
        "engine_idling": {
            "precision": 0.5218120805369127,
            "recall": 0.6926503340757239,
            "f1-score": 0.5952153110047846,
            "support": 449.0
        },
        "firetruck": {
            "precision": 0.6741767764298093,
            "recall": 0.8663697104677061,
            "f1-score": 0.7582846003898636,
            "support": 449.0
        },
        "gun_shot": {
            "precision": 0.9068181818181819,
            "recall": 0.95,
            "f1-score": 0.9279069767441861,
            "support": 420.0
        },
        "jackhammer": {
            "precision": 0.46060606060606063,
            "recall": 0.16926503340757237,
            "f1-score": 0.247557003257329,
            "support": 449.0
        },
        "police": {
            "precision": 0.8739495798319328,
            "recall": 0.9265033407572383,
            "f1-score": 0.8994594594594595,
            "support": 449.0
        },
        "street_music": {
            "precision": 0.7738927738927739,
            "recall": 0.7394209354120267,
            "f1-score": 0.7562642369020501,
            "support": 449.0
        },
        "traffic": {
            "precision": 0.8422053231939164,
            "recall": 0.9866369710467706,
            "f1-score": 0.9087179487179488,
            "support": 449.0
        },
        "accuracy": 0.7210743801652892,
        "macro avg": {
            "precision": 0.7076318619870432,
            "recall": 0.7222117526126434,
            "f1-score": 0.7055742923970052,
            "support": 5808.0
        },
        "weighted avg": {
            "precision": 0.7066373021944979,
            "recall": 0.7210743801652892,
            "f1-score": 0.7044641601921037,
            "support": 5808.0
        }
    },
    "paths": {
        "best_model": "output/efficientnet/fold_2/checkpoint_epoch_4.pth",
        "confusion_matrix": "output/efficientnet/fold_2/plots/confusion_matrix.png",
        "roc_curves": "output/efficientnet/fold_2/plots/roc_curves.png",
        "classification_report": "output/efficientnet/fold_2/classification_report.json",
        "grad_cam_dir": "output/efficientnet/fold_2/grad_cam"
    }
}