{
    "air_conditioner": {
        "precision": 0.3416666666666667,
        "recall": 0.09131403118040089,
        "f1-score": 0.14411247803163443,
        "support": 449.0
    },
    "ambulance": {
        "precision": 0.9955156950672646,
        "recall": 0.9888641425389755,
        "f1-score": 0.9921787709497206,
        "support": 449.0
    },
    "car_horn": {
        "precision": 0.903420523138833,
        "recall": 1.0,
        "f1-score": 0.9492600422832981,
        "support": 449.0
    },
    "children_playing": {
        "precision": 0.7947368421052632,
        "recall": 0.6726057906458798,
        "f1-score": 0.7285886610373945,
        "support": 449.0
    },
    "dog_bark": {
        "precision": 0.8666666666666667,
        "recall": 0.8685968819599109,
        "f1-score": 0.8676307007786429,
        "support": 449.0
    },
    "drilling": {
        "precision": 0.4523809523809524,
        "recall": 0.42316258351893093,
        "f1-score": 0.4372842347525892,
        "support": 449.0
    },
    "engine_idling": {
        "precision": 0.478796169630643,
        "recall": 0.779510022271715,
        "f1-score": 0.5932203389830508,
        "support": 449.0
    },
    "firetruck": {
        "precision": 0.9730337078651685,
        "recall": 0.9643652561247216,
        "f1-score": 0.9686800894854586,
        "support": 449.0
    },
    "gun_shot": {
        "precision": 0.9975247524752475,
        "recall": 0.9328703703703703,
        "f1-score": 0.9641148325358851,
        "support": 432.0
    },
    "jackhammer": {
        "precision": 0.6790450928381963,
        "recall": 0.5701559020044543,
        "f1-score": 0.6198547215496368,
        "support": 449.0
    },
    "police": {
        "precision": 0.9932126696832579,
        "recall": 0.977728285077951,
        "f1-score": 0.9854096520763187,
        "support": 449.0
    },
    "street_music": {
        "precision": 0.5294117647058824,
        "recall": 0.7416481069042317,
        "f1-score": 0.6178107606679035,
        "support": 449.0
    },
    "traffic": {
        "precision": 0.9352818371607515,
        "recall": 0.9977728285077951,
        "f1-score": 0.9655172413793104,
        "support": 449.0
    },
    "accuracy": 0.7694158075601375,
    "macro avg": {
        "precision": 0.7646687184911379,
        "recall": 0.7698918616234873,
        "f1-score": 0.7564355788085264,
        "support": 5820.0
    },
    "weighted avg": {
        "precision": 0.7639885548179887,
        "recall": 0.7694158075601375,
        "f1-score": 0.7558289555588074,
        "support": 5820.0
    }
}