{
    "air_conditioner": {
        "precision": 0.75,
        "recall": 0.1603563474387528,
        "f1-score": 0.26422018348623855,
        "support": 449.0
    },
    "ambulance": {
        "precision": 0.9889380530973452,
        "recall": 0.9955456570155902,
        "f1-score": 0.9922308546059934,
        "support": 449.0
    },
    "car_horn": {
        "precision": 0.9929742388758782,
        "recall": 0.9443207126948775,
        "f1-score": 0.9680365296803652,
        "support": 449.0
    },
    "children_playing": {
        "precision": 0.6685082872928176,
        "recall": 0.8084632516703786,
        "f1-score": 0.7318548387096774,
        "support": 449.0
    },
    "dog_bark": {
        "precision": 0.72,
        "recall": 0.9621380846325167,
        "f1-score": 0.8236415633937083,
        "support": 449.0
    },
    "drilling": {
        "precision": 0.562585969738652,
        "recall": 0.910913140311804,
        "f1-score": 0.6955782312925171,
        "support": 449.0
    },
    "engine_idling": {
        "precision": 0.31645569620253167,
        "recall": 0.27839643652561247,
        "f1-score": 0.2962085308056872,
        "support": 449.0
    },
    "firetruck": {
        "precision": 0.9976303317535545,
        "recall": 0.9376391982182628,
        "f1-score": 0.9667049368541906,
        "support": 449.0
    },
    "gun_shot": {
        "precision": 0.963963963963964,
        "recall": 0.9907407407407407,
        "f1-score": 0.9771689497716894,
        "support": 432.0
    },
    "jackhammer": {
        "precision": 0.4095744680851064,
        "recall": 0.3429844097995546,
        "f1-score": 0.37333333333333335,
        "support": 449.0
    },
    "police": {
        "precision": 0.9692307692307692,
        "recall": 0.9821826280623608,
        "f1-score": 0.9756637168141593,
        "support": 449.0
    },
    "street_music": {
        "precision": 0.6430260047281324,
        "recall": 0.6057906458797327,
        "f1-score": 0.6238532110091743,
        "support": 449.0
    },
    "traffic": {
        "precision": 0.9760869565217392,
        "recall": 1.0,
        "f1-score": 0.9878987898789879,
        "support": 449.0
    },
    "accuracy": 0.7623711340206185,
    "macro avg": {
        "precision": 0.7660749799608071,
        "recall": 0.7630362502300141,
        "f1-score": 0.7443379745873633,
        "support": 5820.0
    },
    "weighted avg": {
        "precision": 0.7654969537188735,
        "recall": 0.7623711340206185,
        "f1-score": 0.7436578841100205,
        "support": 5820.0
    }
}