{
    "fold": 7,
    "best_epoch": 2,
    "train_loss": 0.02977109451063456,
    "val_loss": 0.9949343995225131,
    "test_loss": 0.9832824906406744,
    "train_accuracy": 99.07150896026319,
    "val_accuracy": 82.59824952805903,
    "test_accuracy": 84.45727874978766,
    "classification_report": {
        "air_conditioner": {
            "precision": 0.48699763593380613,
            "recall": 0.9175946547884187,
            "f1-score": 0.6362934362934363,
            "support": 449.0
        },
        "ambulance": {
            "precision": 0.8781925343811395,
            "recall": 0.9955456570155902,
            "f1-score": 0.9331941544885177,
            "support": 449.0
        },
        "car_horn": {
            "precision": 1.0,
            "recall": 0.8869047619047619,
            "f1-score": 0.9400630914826499,
            "support": 336.0
        },
        "children_playing": {
            "precision": 0.7533718689788054,
            "recall": 0.8708240534521158,
            "f1-score": 0.8078512396694215,
            "support": 449.0
        },
        "dog_bark": {
            "precision": 0.9701149425287356,
            "recall": 0.9398663697104677,
            "f1-score": 0.9547511312217195,
            "support": 449.0
        },
        "drilling": {
            "precision": 0.8240740740740741,
            "recall": 0.7928730512249443,
            "f1-score": 0.8081725312145289,
            "support": 449.0
        },
        "engine_idling": {
            "precision": 0.8669064748201439,
            "recall": 0.5367483296213809,
            "f1-score": 0.6629986244841816,
            "support": 449.0
        },
        "firetruck": {
            "precision": 1.0,
            "recall": 0.9910913140311804,
            "f1-score": 0.9955257270693513,
            "support": 449.0
        },
        "gun_shot": {
            "precision": 1.0,
            "recall": 1.0,
            "f1-score": 1.0,
            "support": 612.0
        },
        "jackhammer": {
            "precision": 0.425414364640884,
            "recall": 0.1714922048997773,
            "f1-score": 0.24444444444444444,
            "support": 449.0
        },
        "police": {
            "precision": 0.9976359338061466,
            "recall": 0.9398663697104677,
            "f1-score": 0.9678899082568807,
            "support": 449.0
        },
        "street_music": {
            "precision": 0.8733624454148472,
            "recall": 0.89086859688196,
            "f1-score": 0.8820286659316428,
            "support": 449.0
        },
        "traffic": {
            "precision": 0.9955654101995566,
            "recall": 1.0,
            "f1-score": 0.9977777777777778,
            "support": 449.0
        },
        "accuracy": 0.8445727874978767,
        "macro avg": {
            "precision": 0.8516642834444722,
            "recall": 0.8410519510185435,
            "f1-score": 0.8331531332565039,
            "support": 5887.0
        },
        "weighted avg": {
            "precision": 0.852924141747135,
            "recall": 0.8445727874978767,
            "f1-score": 0.8357206912656149,
            "support": 5887.0
        }
    },
    "paths": {
        "best_model": "output/efficientnet/fold_7/checkpoint_epoch_2.pth",
        "confusion_matrix": "output/efficientnet/fold_7/plots/confusion_matrix.png",
        "roc_curves": "output/efficientnet/fold_7/plots/roc_curves.png",
        "classification_report": "output/efficientnet/fold_7/classification_report.json",
        "grad_cam_dir": "output/efficientnet/fold_7/grad_cam"
    }
}