{
    "fold": 2,
    "best_epoch": 4,
    "train_loss": 0.03612659973915967,
    "val_loss": 0.7587092039641473,
    "test_loss": 0.9898013541745828,
    "train_accuracy": 98.87735054729161,
    "val_accuracy": 83.38801588672078,
    "test_accuracy": 79.71763085399449,
    "classification_report": {
        "air_conditioner": {
            "precision": 0.7222222222222222,
            "recall": 0.289532293986637,
            "f1-score": 0.4133545310015898,
            "support": 449.0
        },
        "ambulance": {
            "precision": 0.9192546583850931,
            "recall": 0.9888641425389755,
            "f1-score": 0.9527896995708155,
            "support": 449.0
        },
        "car_horn": {
            "precision": 0.9474885844748858,
            "recall": 0.9242761692650334,
            "f1-score": 0.9357384441939121,
            "support": 449.0
        },
        "children_playing": {
            "precision": 0.5798045602605864,
            "recall": 0.7928730512249443,
            "f1-score": 0.6698024459078081,
            "support": 449.0
        },
        "dog_bark": {
            "precision": 0.7921847246891652,
            "recall": 0.9933184855233853,
            "f1-score": 0.8814229249011858,
            "support": 449.0
        },
        "drilling": {
            "precision": 0.8154761904761905,
            "recall": 0.6102449888641426,
            "f1-score": 0.6980891719745222,
            "support": 449.0
        },
        "engine_idling": {
            "precision": 0.47442680776014107,
            "recall": 0.5991091314031181,
            "f1-score": 0.5295275590551181,
            "support": 449.0
        },
        "firetruck": {
            "precision": 0.9304932735426009,
            "recall": 0.9242761692650334,
            "f1-score": 0.9273743016759777,
            "support": 449.0
        },
        "gun_shot": {
            "precision": 0.8070175438596491,
            "recall": 0.9857142857142858,
            "f1-score": 0.887459807073955,
            "support": 420.0
        },
        "jackhammer": {
            "precision": 0.7957559681697612,
            "recall": 0.6681514476614699,
            "f1-score": 0.7263922518159807,
            "support": 449.0
        },
        "police": {
            "precision": 1.0,
            "recall": 0.910913140311804,
            "f1-score": 0.9533799533799534,
            "support": 449.0
        },
        "street_music": {
            "precision": 0.7270588235294118,
            "recall": 0.688195991091314,
            "f1-score": 0.7070938215102975,
            "support": 449.0
        },
        "traffic": {
            "precision": 0.9824945295404814,
            "recall": 1.0,
            "f1-score": 0.9911699779249448,
            "support": 449.0
        },
        "accuracy": 0.7971763085399449,
        "macro avg": {
            "precision": 0.8072059913007836,
            "recall": 0.7981130228346264,
            "f1-score": 0.7902765299989277,
            "support": 5808.0
        },
        "weighted avg": {
            "precision": 0.807206932240142,
            "recall": 0.7971763085399449,
            "f1-score": 0.7897912829198686,
            "support": 5808.0
        }
    },
    "paths": {
        "best_model": "output/resnet18/fold_2/checkpoint_epoch_4.pth",
        "confusion_matrix": "output/resnet18/fold_2/plots/confusion_matrix.png",
        "roc_curves": "output/resnet18/fold_2/plots/roc_curves.png",
        "classification_report": "output/resnet18/fold_2/classification_report.json",
        "grad_cam_dir": "output/resnet18/fold_2/grad_cam"
    }
}