{
    "fold": 3,
    "best_epoch": 3,
    "train_loss": 0.026448347781734504,
    "val_loss": 1.2579975104438414,
    "test_loss": 1.2423505746966619,
    "train_accuracy": 99.14668394901706,
    "val_accuracy": 77.41046831955923,
    "test_accuracy": 76.5807560137457,
    "classification_report": {
        "air_conditioner": {
            "precision": 0.6149068322981367,
            "recall": 0.22048997772828507,
            "f1-score": 0.32459016393442625,
            "support": 449.0
        },
        "ambulance": {
            "precision": 0.9930394431554525,
            "recall": 0.9532293986636972,
            "f1-score": 0.9727272727272728,
            "support": 449.0
        },
        "car_horn": {
            "precision": 0.9193899782135077,
            "recall": 0.9398663697104677,
            "f1-score": 0.9295154185022027,
            "support": 449.0
        },
        "children_playing": {
            "precision": 0.8901734104046243,
            "recall": 0.6859688195991092,
            "f1-score": 0.7748427672955975,
            "support": 449.0
        },
        "dog_bark": {
            "precision": 0.7800369685767098,
            "recall": 0.9398663697104677,
            "f1-score": 0.8525252525252526,
            "support": 449.0
        },
        "drilling": {
            "precision": 0.5377008652657602,
            "recall": 0.9688195991091314,
            "f1-score": 0.6915739268680445,
            "support": 449.0
        },
        "engine_idling": {
            "precision": 0.34173669467787116,
            "recall": 0.5434298440979956,
            "f1-score": 0.41960447119518485,
            "support": 449.0
        },
        "firetruck": {
            "precision": 0.9866369710467706,
            "recall": 0.9866369710467706,
            "f1-score": 0.9866369710467706,
            "support": 449.0
        },
        "gun_shot": {
            "precision": 0.9287356321839081,
            "recall": 0.9351851851851852,
            "f1-score": 0.9319492502883506,
            "support": 432.0
        },
        "jackhammer": {
            "precision": 0.43258426966292135,
            "recall": 0.1714922048997773,
            "f1-score": 0.24561403508771928,
            "support": 449.0
        },
        "police": {
            "precision": 0.9313929313929314,
            "recall": 0.9977728285077951,
            "f1-score": 0.9634408602150538,
            "support": 449.0
        },
        "street_music": {
            "precision": 0.8298507462686567,
            "recall": 0.6191536748329621,
            "f1-score": 0.7091836734693877,
            "support": 449.0
        },
        "traffic": {
            "precision": 0.9334719334719335,
            "recall": 1.0,
            "f1-score": 0.9655913978494624,
            "support": 449.0
        },
        "accuracy": 0.7658075601374571,
        "macro avg": {
            "precision": 0.7784351289707063,
            "recall": 0.7663008648532033,
            "f1-score": 0.7513688816157481,
            "support": 5820.0
        },
        "weighted avg": {
            "precision": 0.777996106882283,
            "recall": 0.7658075601374571,
            "f1-score": 0.7508414131849176,
            "support": 5820.0
        }
    },
    "paths": {
        "best_model": "output/alexnet/fold_3/checkpoint_epoch_3.pth",
        "confusion_matrix": "output/alexnet/fold_3/plots/confusion_matrix.png",
        "roc_curves": "output/alexnet/fold_3/plots/roc_curves.png",
        "classification_report": "output/alexnet/fold_3/classification_report.json",
        "grad_cam_dir": "output/alexnet/fold_3/grad_cam"
    }
}