{
    "air_conditioner": {
        "precision": 0.7560975609756098,
        "recall": 0.6904231625835189,
        "f1-score": 0.7217694994179278,
        "support": 449.0
    },
    "ambulance": {
        "precision": 0.9927007299270073,
        "recall": 0.9086859688195991,
        "f1-score": 0.9488372093023256,
        "support": 449.0
    },
    "car_horn": {
        "precision": 0.9664429530201343,
        "recall": 1.0,
        "f1-score": 0.9829351535836177,
        "support": 432.0
    },
    "children_playing": {
        "precision": 0.8406909788867563,
        "recall": 0.9755011135857461,
        "f1-score": 0.9030927835051547,
        "support": 449.0
    },
    "dog_bark": {
        "precision": 0.9238329238329238,
        "recall": 0.8374164810690423,
        "f1-score": 0.8785046728971962,
        "support": 449.0
    },
    "drilling": {
        "precision": 0.3737259343148358,
        "recall": 0.734966592427617,
        "f1-score": 0.4954954954954955,
        "support": 449.0
    },
    "engine_idling": {
        "precision": 0.7587301587301587,
        "recall": 0.532293986636971,
        "f1-score": 0.6256544502617801,
        "support": 449.0
    },
    "firetruck": {
        "precision": 0.9654427645788337,
        "recall": 0.9955456570155902,
        "f1-score": 0.9802631578947368,
        "support": 449.0
    },
    "gun_shot": {
        "precision": 0.8196078431372549,
        "recall": 0.9952380952380953,
        "f1-score": 0.8989247311827957,
        "support": 420.0
    },
    "jackhammer": {
        "precision": 0.9,
        "recall": 0.30066815144766146,
        "f1-score": 0.4507512520868113,
        "support": 449.0
    },
    "police": {
        "precision": 0.9330453563714903,
        "recall": 0.9621380846325167,
        "f1-score": 0.9473684210526315,
        "support": 449.0
    },
    "street_music": {
        "precision": 0.968,
        "recall": 0.8084632516703786,
        "f1-score": 0.8810679611650486,
        "support": 449.0
    },
    "traffic": {
        "precision": 0.9587155963302753,
        "recall": 0.9309576837416481,
        "f1-score": 0.9446327683615819,
        "support": 449.0
    },
    "accuracy": 0.819547573821447,
    "macro avg": {
        "precision": 0.8582332923157907,
        "recall": 0.8209460176052604,
        "f1-score": 0.8199459658620848,
        "support": 5791.0
    },
    "weighted avg": {
        "precision": 0.8581090605413483,
        "recall": 0.819547573821447,
        "f1-score": 0.8190719889348588,
        "support": 5791.0
    }
}