{
    "fold": 2,
    "best_epoch": 0,
    "train_loss": 0.5544640514382176,
    "val_loss": 0.8542719486524687,
    "test_loss": 1.0952786723315553,
    "train_accuracy": 83.83168893974396,
    "val_accuracy": 77.74132274218616,
    "test_accuracy": 75.13774104683196,
    "classification_report": {
        "air_conditioner": {
            "precision": 0.4466501240694789,
            "recall": 0.40089086859688194,
            "f1-score": 0.4225352112676056,
            "support": 449.0
        },
        "ambulance": {
            "precision": 0.8556701030927835,
            "recall": 0.9242761692650334,
            "f1-score": 0.8886509635974305,
            "support": 449.0
        },
        "car_horn": {
            "precision": 0.8166666666666667,
            "recall": 0.8730512249443207,
            "f1-score": 0.8439181916038752,
            "support": 449.0
        },
        "children_playing": {
            "precision": 0.8564814814814815,
            "recall": 0.8240534521158129,
            "f1-score": 0.8399545970488081,
            "support": 449.0
        },
        "dog_bark": {
            "precision": 0.7228915662650602,
            "recall": 0.9354120267260579,
            "f1-score": 0.8155339805825242,
            "support": 449.0
        },
        "drilling": {
            "precision": 0.7284595300261096,
            "recall": 0.621380846325167,
            "f1-score": 0.6706730769230769,
            "support": 449.0
        },
        "engine_idling": {
            "precision": 0.39939485627836613,
            "recall": 0.5879732739420935,
            "f1-score": 0.4756756756756757,
            "support": 449.0
        },
        "firetruck": {
            "precision": 0.7587476979742173,
            "recall": 0.9175946547884187,
            "f1-score": 0.8306451612903226,
            "support": 449.0
        },
        "gun_shot": {
            "precision": 0.781431334622824,
            "recall": 0.9619047619047619,
            "f1-score": 0.8623265741728922,
            "support": 420.0
        },
        "jackhammer": {
            "precision": 0.694300518134715,
            "recall": 0.2984409799554566,
            "f1-score": 0.4174454828660436,
            "support": 449.0
        },
        "police": {
            "precision": 0.9756838905775076,
            "recall": 0.7149220489977728,
            "f1-score": 0.8251928020565553,
            "support": 449.0
        },
        "street_music": {
            "precision": 0.935933147632312,
            "recall": 0.7483296213808464,
            "f1-score": 0.8316831683168316,
            "support": 449.0
        },
        "traffic": {
            "precision": 0.9886877828054299,
            "recall": 0.9732739420935412,
            "f1-score": 0.9809203142536476,
            "support": 449.0
        },
        "accuracy": 0.7513774104683195,
        "macro avg": {
            "precision": 0.7662306692020733,
            "recall": 0.7524233746950896,
            "f1-score": 0.7465503999734838,
            "support": 5808.0
        },
        "weighted avg": {
            "precision": 0.7661547705627479,
            "recall": 0.7513774104683195,
            "f1-score": 0.7459723164590585,
            "support": 5808.0
        }
    },
    "paths": {
        "best_model": "output/vgg16/fold_2/checkpoint_epoch_0.pth",
        "confusion_matrix": "output/vgg16/fold_2/plots/confusion_matrix.png",
        "roc_curves": "output/vgg16/fold_2/plots/roc_curves.png",
        "classification_report": "output/vgg16/fold_2/classification_report.json",
        "grad_cam_dir": "output/vgg16/fold_2/grad_cam"
    }
}