{
    "fold": 6,
    "best_epoch": 4,
    "train_loss": 0.0042197123492395995,
    "val_loss": 1.341644422367015,
    "test_loss": 1.2258882672886695,
    "train_accuracy": 99.90697271920905,
    "val_accuracy": 85.41240627130198,
    "test_accuracy": 77.10657285052342,
    "classification_report": {
        "air_conditioner": {
            "precision": 0.2349137931034483,
            "recall": 0.24276169265033407,
            "f1-score": 0.23877327491785322,
            "support": 449.0
        },
        "ambulance": {
            "precision": 0.8891089108910891,
            "recall": 1.0,
            "f1-score": 0.9412997903563941,
            "support": 449.0
        },
        "car_horn": {
            "precision": 0.9905660377358491,
            "recall": 0.625,
            "f1-score": 0.7664233576642335,
            "support": 336.0
        },
        "children_playing": {
            "precision": 0.6531986531986532,
            "recall": 0.8641425389755011,
            "f1-score": 0.7440076701821668,
            "support": 449.0
        },
        "dog_bark": {
            "precision": 0.8555798687089715,
            "recall": 0.8708240534521158,
            "f1-score": 0.8631346578366446,
            "support": 449.0
        },
        "drilling": {
            "precision": 0.834625322997416,
            "recall": 0.7193763919821826,
            "f1-score": 0.7727272727272727,
            "support": 449.0
        },
        "engine_idling": {
            "precision": 0.40511440107671604,
            "recall": 0.6703786191536748,
            "f1-score": 0.5050335570469798,
            "support": 449.0
        },
        "firetruck": {
            "precision": 0.9042553191489362,
            "recall": 0.9465478841870824,
            "f1-score": 0.9249183895538629,
            "support": 449.0
        },
        "gun_shot": {
            "precision": 0.9566724436741768,
            "recall": 1.0,
            "f1-score": 0.9778565101860053,
            "support": 552.0
        },
        "jackhammer": {
            "precision": 0.8085106382978723,
            "recall": 0.25389755011135856,
            "f1-score": 0.3864406779661017,
            "support": 449.0
        },
        "police": {
            "precision": 0.9975728155339806,
            "recall": 0.9153674832962138,
            "f1-score": 0.9547038327526133,
            "support": 449.0
        },
        "street_music": {
            "precision": 0.9251207729468599,
            "recall": 0.8530066815144766,
            "f1-score": 0.8876013904982619,
            "support": 449.0
        },
        "traffic": {
            "precision": 0.9689578713968958,
            "recall": 0.9732739420935412,
            "f1-score": 0.9711111111111111,
            "support": 449.0
        },
        "accuracy": 0.7710657285052342,
        "macro avg": {
            "precision": 0.8018612960546818,
            "recall": 0.7641982182628063,
            "f1-score": 0.7641562686768848,
            "support": 5827.0
        },
        "weighted avg": {
            "precision": 0.8009383361087123,
            "recall": 0.7710657285052342,
            "f1-score": 0.7678897411017807,
            "support": 5827.0
        }
    },
    "paths": {
        "best_model": "output/resnet18/fold_6/checkpoint_epoch_4.pth",
        "confusion_matrix": "output/resnet18/fold_6/plots/confusion_matrix.png",
        "roc_curves": "output/resnet18/fold_6/plots/roc_curves.png",
        "classification_report": "output/resnet18/fold_6/classification_report.json",
        "grad_cam_dir": "output/resnet18/fold_6/grad_cam"
    }
}