{
    "air_conditioner": {
        "precision": 0.6926229508196722,
        "recall": 0.37639198218262804,
        "f1-score": 0.48773448773448774,
        "support": 449.0
    },
    "ambulance": {
        "precision": 1.0,
        "recall": 0.9844097995545658,
        "f1-score": 0.9921436588103255,
        "support": 449.0
    },
    "car_horn": {
        "precision": 0.9061224489795918,
        "recall": 0.9888641425389755,
        "f1-score": 0.9456869009584664,
        "support": 449.0
    },
    "children_playing": {
        "precision": 0.8153846153846154,
        "recall": 0.8262806236080178,
        "f1-score": 0.8207964601769911,
        "support": 449.0
    },
    "dog_bark": {
        "precision": 0.8978723404255319,
        "recall": 0.9398663697104677,
        "f1-score": 0.9183895538628944,
        "support": 449.0
    },
    "drilling": {
        "precision": 0.5464684014869888,
        "recall": 0.9821826280623608,
        "f1-score": 0.7022292993630573,
        "support": 449.0
    },
    "engine_idling": {
        "precision": 0.49666666666666665,
        "recall": 0.33184855233853006,
        "f1-score": 0.3978638184245661,
        "support": 449.0
    },
    "firetruck": {
        "precision": 0.9911699779249448,
        "recall": 1.0,
        "f1-score": 0.9955654101995566,
        "support": 449.0
    },
    "gun_shot": {
        "precision": 0.8935281837160751,
        "recall": 0.9907407407407407,
        "f1-score": 0.9396267837541163,
        "support": 432.0
    },
    "jackhammer": {
        "precision": 0.4563953488372093,
        "recall": 0.34966592427616927,
        "f1-score": 0.39596469104665827,
        "support": 449.0
    },
    "police": {
        "precision": 0.9911111111111112,
        "recall": 0.9933184855233853,
        "f1-score": 0.9922135706340378,
        "support": 449.0
    },
    "street_music": {
        "precision": 0.7575057736720554,
        "recall": 0.7305122494432071,
        "f1-score": 0.7437641723356009,
        "support": 449.0
    },
    "traffic": {
        "precision": 0.9911699779249448,
        "recall": 1.0,
        "f1-score": 0.9955654101995566,
        "support": 449.0
    },
    "accuracy": 0.8067010309278351,
    "macro avg": {
        "precision": 0.802770599765339,
        "recall": 0.8072370383060805,
        "f1-score": 0.7944264782692549,
        "support": 5820.0
    },
    "weighted avg": {
        "precision": 0.802505500293318,
        "recall": 0.8067010309278351,
        "f1-score": 0.7940023536656051,
        "support": 5820.0
    }
}