{
    "fold": 2,
    "best_epoch": 4,
    "train_loss": 0.037366770666709445,
    "val_loss": 0.777062148567923,
    "test_loss": 1.3049635484248439,
    "train_accuracy": 99.11483408536454,
    "val_accuracy": 83.94059747884648,
    "test_accuracy": 78.28856749311295,
    "classification_report": {
        "air_conditioner": {
            "precision": 0.8160919540229885,
            "recall": 0.15812917594654788,
            "f1-score": 0.26492537313432835,
            "support": 449.0
        },
        "ambulance": {
            "precision": 0.9352818371607515,
            "recall": 0.9977728285077951,
            "f1-score": 0.9655172413793104,
            "support": 449.0
        },
        "car_horn": {
            "precision": 0.8989547038327527,
            "recall": 0.5746102449888641,
            "f1-score": 0.7010869565217391,
            "support": 449.0
        },
        "children_playing": {
            "precision": 0.8584474885844748,
            "recall": 0.8374164810690423,
            "f1-score": 0.8478015783540023,
            "support": 449.0
        },
        "dog_bark": {
            "precision": 0.9748283752860412,
            "recall": 0.9487750556792873,
            "f1-score": 0.9616252821670429,
            "support": 449.0
        },
        "drilling": {
            "precision": 0.5134099616858238,
            "recall": 0.5968819599109132,
            "f1-score": 0.5520082389289392,
            "support": 449.0
        },
        "engine_idling": {
            "precision": 0.4369034994697773,
            "recall": 0.9175946547884187,
            "f1-score": 0.5919540229885057,
            "support": 449.0
        },
        "firetruck": {
            "precision": 0.9926470588235294,
            "recall": 0.9020044543429844,
            "f1-score": 0.9451575262543758,
            "support": 449.0
        },
        "gun_shot": {
            "precision": 0.7945736434108527,
            "recall": 0.9761904761904762,
            "f1-score": 0.8760683760683761,
            "support": 420.0
        },
        "jackhammer": {
            "precision": 0.5532646048109966,
            "recall": 0.3585746102449889,
            "f1-score": 0.43513513513513513,
            "support": 449.0
        },
        "police": {
            "precision": 0.9608695652173913,
            "recall": 0.9844097995545658,
            "f1-score": 0.9724972497249725,
            "support": 449.0
        },
        "street_music": {
            "precision": 0.8594704684317719,
            "recall": 0.9398663697104677,
            "f1-score": 0.8978723404255319,
            "support": 449.0
        },
        "traffic": {
            "precision": 0.9977728285077951,
            "recall": 0.9977728285077951,
            "f1-score": 0.9977728285077951,
            "support": 449.0
        },
        "accuracy": 0.7828856749311295,
        "macro avg": {
            "precision": 0.8148089222496112,
            "recall": 0.7838460722647805,
            "f1-score": 0.7699555499684657,
            "support": 5808.0
        },
        "weighted avg": {
            "precision": 0.8149099592823806,
            "recall": 0.7828856749311295,
            "f1-score": 0.7694257166425537,
            "support": 5808.0
        }
    },
    "paths": {
        "best_model": "output/inception/fold_2/checkpoint_epoch_4.pth",
        "confusion_matrix": "output/inception/fold_2/plots/confusion_matrix.png",
        "roc_curves": "output/inception/fold_2/plots/roc_curves.png",
        "classification_report": "output/inception/fold_2/classification_report.json",
        "grad_cam_dir": "output/inception/fold_2/grad_cam"
    }
}