{
    "air_conditioner": {
        "precision": 0.48893360160965793,
        "recall": 0.5412026726057907,
        "f1-score": 0.5137420718816068,
        "support": 449.0
    },
    "ambulance": {
        "precision": 0.8448637316561844,
        "recall": 0.8975501113585747,
        "f1-score": 0.8704103671706264,
        "support": 449.0
    },
    "car_horn": {
        "precision": 0.7773722627737226,
        "recall": 0.47438752783964366,
        "f1-score": 0.5892116182572614,
        "support": 449.0
    },
    "children_playing": {
        "precision": 0.77431906614786,
        "recall": 0.8864142538975501,
        "f1-score": 0.8265835929387332,
        "support": 449.0
    },
    "dog_bark": {
        "precision": 0.8904761904761904,
        "recall": 0.8329621380846325,
        "f1-score": 0.8607594936708861,
        "support": 449.0
    },
    "drilling": {
        "precision": 0.5053304904051172,
        "recall": 0.5278396436525612,
        "f1-score": 0.5163398692810458,
        "support": 449.0
    },
    "engine_idling": {
        "precision": 0.5284697508896797,
        "recall": 0.6614699331848553,
        "f1-score": 0.5875370919881305,
        "support": 449.0
    },
    "firetruck": {
        "precision": 0.648881239242685,
        "recall": 0.8396436525612472,
        "f1-score": 0.7320388349514563,
        "support": 449.0
    },
    "gun_shot": {
        "precision": 0.7891566265060241,
        "recall": 0.9357142857142857,
        "f1-score": 0.8562091503267973,
        "support": 420.0
    },
    "jackhammer": {
        "precision": 0.3782051282051282,
        "recall": 0.13140311804008908,
        "f1-score": 0.19504132231404958,
        "support": 449.0
    },
    "police": {
        "precision": 0.8881118881118881,
        "recall": 0.8485523385300668,
        "f1-score": 0.8678815489749431,
        "support": 449.0
    },
    "street_music": {
        "precision": 0.7571743929359823,
        "recall": 0.7639198218262806,
        "f1-score": 0.7605321507760532,
        "support": 449.0
    },
    "traffic": {
        "precision": 0.8828451882845189,
        "recall": 0.9398663697104677,
        "f1-score": 0.9104638619201726,
        "support": 449.0
    },
    "accuracy": 0.7128099173553719,
    "macro avg": {
        "precision": 0.7041645813265105,
        "recall": 0.7139173743850804,
        "f1-score": 0.6989808441885971,
        "support": 5808.0
    },
    "weighted avg": {
        "precision": 0.7037402064452769,
        "recall": 0.7128099173553719,
        "f1-score": 0.69819578549748,
        "support": 5808.0
    }
}