{
    "fold": 10,
    "best_epoch": 3,
    "train_loss": 0.34766225544466767,
    "val_loss": 1.093496477876818,
    "test_loss": 1.3565924922468082,
    "train_accuracy": 88.2848787201101,
    "val_accuracy": 73.97717295873574,
    "test_accuracy": 70.01223990208078,
    "classification_report": {
        "air_conditioner": {
            "precision": 0.8806818181818182,
            "recall": 0.6904231625835189,
            "f1-score": 0.7740324594257179,
            "support": 449.0
        },
        "ambulance": {
            "precision": 0.8140417457305503,
            "recall": 0.955456570155902,
            "f1-score": 0.8790983606557377,
            "support": 449.0
        },
        "car_horn": {
            "precision": 0.6686046511627907,
            "recall": 0.2904040404040404,
            "f1-score": 0.40492957746478875,
            "support": 396.0
        },
        "children_playing": {
            "precision": 0.3933649289099526,
            "recall": 0.5545657015590201,
            "f1-score": 0.4602587800369686,
            "support": 449.0
        },
        "dog_bark": {
            "precision": 0.6753246753246753,
            "recall": 0.6948775055679287,
            "f1-score": 0.6849615806805708,
            "support": 449.0
        },
        "drilling": {
            "precision": 0.4361111111111111,
            "recall": 0.34966592427616927,
            "f1-score": 0.38813349814585907,
            "support": 449.0
        },
        "engine_idling": {
            "precision": 0.6573275862068966,
            "recall": 0.6792873051224945,
            "f1-score": 0.6681270536692223,
            "support": 449.0
        },
        "firetruck": {
            "precision": 0.6935201401050788,
            "recall": 0.8819599109131403,
            "f1-score": 0.7764705882352941,
            "support": 449.0
        },
        "gun_shot": {
            "precision": 0.9221411192214112,
            "recall": 0.9869791666666666,
            "f1-score": 0.9534591194968554,
            "support": 384.0
        },
        "jackhammer": {
            "precision": 0.7082066869300911,
            "recall": 0.5189309576837416,
            "f1-score": 0.5989717223650386,
            "support": 449.0
        },
        "police": {
            "precision": 0.9501246882793017,
            "recall": 0.8485523385300668,
            "f1-score": 0.8964705882352941,
            "support": 449.0
        },
        "street_music": {
            "precision": 0.5113043478260869,
            "recall": 0.6547884187082406,
            "f1-score": 0.57421875,
            "support": 449.0
        },
        "traffic": {
            "precision": 0.961038961038961,
            "recall": 0.9888641425389755,
            "f1-score": 0.9747530186608123,
            "support": 449.0
        },
        "accuracy": 0.7001223990208079,
        "macro avg": {
            "precision": 0.7132148046175943,
            "recall": 0.6995965495930696,
            "f1-score": 0.6949142382363201,
            "support": 5719.0
        },
        "weighted avg": {
            "precision": 0.7112536449190204,
            "recall": 0.7001223990208079,
            "f1-score": 0.6946631051254538,
            "support": 5719.0
        }
    },
    "paths": {
        "best_model": "output/vgg16/fold_10/checkpoint_epoch_3.pth",
        "confusion_matrix": "output/vgg16/fold_10/plots/confusion_matrix.png",
        "roc_curves": "output/vgg16/fold_10/plots/roc_curves.png",
        "classification_report": "output/vgg16/fold_10/classification_report.json",
        "grad_cam_dir": "output/vgg16/fold_10/grad_cam"
    }
}