{
    "fold": 4,
    "best_epoch": 4,
    "train_loss": 0.02917409513923317,
    "val_loss": 1.3781476172179017,
    "test_loss": 1.2730877146473452,
    "train_accuracy": 99.10061832490163,
    "val_accuracy": 79.63917525773196,
    "test_accuracy": 77.92607802874743,
    "classification_report": {
        "air_conditioner": {
            "precision": 0.9775280898876404,
            "recall": 0.38752783964365256,
            "f1-score": 0.5550239234449761,
            "support": 449.0
        },
        "ambulance": {
            "precision": 0.9950617283950617,
            "recall": 0.8975501113585747,
            "f1-score": 0.9437939110070258,
            "support": 449.0
        },
        "car_horn": {
            "precision": 0.964824120603015,
            "recall": 0.42761692650334077,
            "f1-score": 0.5925925925925926,
            "support": 449.0
        },
        "children_playing": {
            "precision": 0.8873239436619719,
            "recall": 0.5612472160356348,
            "f1-score": 0.6875852660300137,
            "support": 449.0
        },
        "dog_bark": {
            "precision": 0.668693009118541,
            "recall": 0.9799554565701559,
            "f1-score": 0.7949412827461608,
            "support": 449.0
        },
        "drilling": {
            "precision": 0.755741127348643,
            "recall": 0.8062360801781737,
            "f1-score": 0.7801724137931034,
            "support": 449.0
        },
        "engine_idling": {
            "precision": 0.6155913978494624,
            "recall": 0.5100222717149221,
            "f1-score": 0.5578562728380024,
            "support": 449.0
        },
        "firetruck": {
            "precision": 0.9696969696969697,
            "recall": 0.9977728285077951,
            "f1-score": 0.9835345773874863,
            "support": 449.0
        },
        "gun_shot": {
            "precision": 0.9348739495798319,
            "recall": 0.9758771929824561,
            "f1-score": 0.9549356223175965,
            "support": 456.0
        },
        "jackhammer": {
            "precision": 0.5579470198675497,
            "recall": 0.7505567928730512,
            "f1-score": 0.6400759734093068,
            "support": 449.0
        },
        "police": {
            "precision": 0.9350104821802935,
            "recall": 0.9933184855233853,
            "f1-score": 0.9632829373650108,
            "support": 449.0
        },
        "street_music": {
            "precision": 0.4918032786885246,
            "recall": 0.8685968819599109,
            "f1-score": 0.6280193236714976,
            "support": 449.0
        },
        "traffic": {
            "precision": 0.9540481400437637,
            "recall": 0.9710467706013363,
            "f1-score": 0.9624724061810155,
            "support": 449.0
        },
        "accuracy": 0.7792607802874744,
        "macro avg": {
            "precision": 0.8237033274554821,
            "recall": 0.7790249888040301,
            "f1-score": 0.7726374232910606,
            "support": 5844.0
        },
        "weighted avg": {
            "precision": 0.8238364887071713,
            "recall": 0.7792607802874744,
            "f1-score": 0.7728557818456784,
            "support": 5844.0
        }
    },
    "paths": {
        "best_model": "output/mobilenet/fold_4/checkpoint_epoch_4.pth",
        "confusion_matrix": "output/mobilenet/fold_4/plots/confusion_matrix.png",
        "roc_curves": "output/mobilenet/fold_4/plots/roc_curves.png",
        "classification_report": "output/mobilenet/fold_4/classification_report.json",
        "grad_cam_dir": "output/mobilenet/fold_4/grad_cam"
    }
}