{
    "air_conditioner": {
        "precision": 0.6857142857142857,
        "recall": 0.48106904231625836,
        "f1-score": 0.5654450261780105,
        "support": 449.0
    },
    "ambulance": {
        "precision": 0.925,
        "recall": 0.9888641425389755,
        "f1-score": 0.9558665231431647,
        "support": 449.0
    },
    "car_horn": {
        "precision": 0.9885496183206107,
        "recall": 0.576837416481069,
        "f1-score": 0.7285513361462729,
        "support": 449.0
    },
    "children_playing": {
        "precision": 0.825,
        "recall": 0.8819599109131403,
        "f1-score": 0.852529601722282,
        "support": 449.0
    },
    "dog_bark": {
        "precision": 0.9198113207547169,
        "recall": 0.8685968819599109,
        "f1-score": 0.8934707903780069,
        "support": 449.0
    },
    "drilling": {
        "precision": 0.8409703504043127,
        "recall": 0.6948775055679287,
        "f1-score": 0.7609756097560976,
        "support": 449.0
    },
    "engine_idling": {
        "precision": 0.38148984198645597,
        "recall": 0.7527839643652561,
        "f1-score": 0.5063670411985018,
        "support": 449.0
    },
    "firetruck": {
        "precision": 0.9830508474576272,
        "recall": 0.9042316258351893,
        "f1-score": 0.9419953596287703,
        "support": 449.0
    },
    "gun_shot": {
        "precision": 0.8326530612244898,
        "recall": 0.9714285714285714,
        "f1-score": 0.8967032967032967,
        "support": 420.0
    },
    "jackhammer": {
        "precision": 0.42105263157894735,
        "recall": 0.10690423162583519,
        "f1-score": 0.1705150976909414,
        "support": 449.0
    },
    "police": {
        "precision": 0.9908045977011494,
        "recall": 0.9599109131403119,
        "f1-score": 0.9751131221719457,
        "support": 449.0
    },
    "street_music": {
        "precision": 0.5741279069767442,
        "recall": 0.8797327394209354,
        "f1-score": 0.6948109058927001,
        "support": 449.0
    },
    "traffic": {
        "precision": 0.9977777777777778,
        "recall": 1.0,
        "f1-score": 0.9988876529477196,
        "support": 449.0
    },
    "accuracy": 0.7734159779614325,
    "macro avg": {
        "precision": 0.7973847876843936,
        "recall": 0.7743997650456448,
        "f1-score": 0.7647101048890547,
        "support": 5808.0
    },
    "weighted avg": {
        "precision": 0.7972086892111392,
        "recall": 0.7734159779614325,
        "f1-score": 0.7640510479740042,
        "support": 5808.0
    }
}