{
    "air_conditioner": {
        "precision": 0.8526315789473684,
        "recall": 0.36080178173719374,
        "f1-score": 0.5070422535211268,
        "support": 449.0
    },
    "ambulance": {
        "precision": 0.9789227166276346,
        "recall": 0.9309576837416481,
        "f1-score": 0.954337899543379,
        "support": 449.0
    },
    "car_horn": {
        "precision": 0.9764150943396226,
        "recall": 0.9220489977728286,
        "f1-score": 0.9484536082474226,
        "support": 449.0
    },
    "children_playing": {
        "precision": 0.7699316628701595,
        "recall": 0.7527839643652561,
        "f1-score": 0.7612612612612613,
        "support": 449.0
    },
    "dog_bark": {
        "precision": 0.8564705882352941,
        "recall": 0.8106904231625836,
        "f1-score": 0.8329519450800915,
        "support": 449.0
    },
    "drilling": {
        "precision": 0.8044077134986226,
        "recall": 0.6503340757238307,
        "f1-score": 0.7192118226600985,
        "support": 449.0
    },
    "engine_idling": {
        "precision": 0.4966216216216216,
        "recall": 0.6547884187082406,
        "f1-score": 0.5648414985590778,
        "support": 449.0
    },
    "firetruck": {
        "precision": 0.8676171079429735,
        "recall": 0.9487750556792873,
        "f1-score": 0.9063829787234042,
        "support": 449.0
    },
    "gun_shot": {
        "precision": 0.9720930232558139,
        "recall": 0.9675925925925926,
        "f1-score": 0.9698375870069605,
        "support": 432.0
    },
    "jackhammer": {
        "precision": 0.7668711656441718,
        "recall": 0.8351893095768375,
        "f1-score": 0.7995735607675906,
        "support": 449.0
    },
    "police": {
        "precision": 0.9052631578947369,
        "recall": 0.9576837416481069,
        "f1-score": 0.9307359307359307,
        "support": 449.0
    },
    "street_music": {
        "precision": 0.5540540540540541,
        "recall": 0.7305122494432071,
        "f1-score": 0.6301633045148896,
        "support": 449.0
    },
    "traffic": {
        "precision": 0.9213250517598344,
        "recall": 0.9910913140311804,
        "f1-score": 0.9549356223175965,
        "support": 449.0
    },
    "accuracy": 0.8082474226804124,
    "macro avg": {
        "precision": 0.8248172720532239,
        "recall": 0.8087115083217533,
        "f1-score": 0.8061330209952946,
        "support": 5820.0
    },
    "weighted avg": {
        "precision": 0.8243870851510855,
        "recall": 0.8082474226804124,
        "f1-score": 0.8056548461461196,
        "support": 5820.0
    }
}