{
    "air_conditioner": {
        "precision": 0.3557377049180328,
        "recall": 0.48329621380846327,
        "f1-score": 0.4098205854579792,
        "support": 449.0
    },
    "ambulance": {
        "precision": 0.8041044776119403,
        "recall": 0.9599109131403119,
        "f1-score": 0.8751269035532995,
        "support": 449.0
    },
    "car_horn": {
        "precision": 0.8714285714285714,
        "recall": 0.5446428571428571,
        "f1-score": 0.6703296703296703,
        "support": 336.0
    },
    "children_playing": {
        "precision": 0.5595505617977528,
        "recall": 0.5545657015590201,
        "f1-score": 0.5570469798657718,
        "support": 449.0
    },
    "dog_bark": {
        "precision": 0.4555052790346908,
        "recall": 0.6726057906458798,
        "f1-score": 0.5431654676258992,
        "support": 449.0
    },
    "drilling": {
        "precision": 0.6263736263736264,
        "recall": 0.38084632516703787,
        "f1-score": 0.47368421052631576,
        "support": 449.0
    },
    "engine_idling": {
        "precision": 0.2796420581655481,
        "recall": 0.27839643652561247,
        "f1-score": 0.27901785714285715,
        "support": 449.0
    },
    "firetruck": {
        "precision": 0.9033018867924528,
        "recall": 0.8530066815144766,
        "f1-score": 0.8774341351660939,
        "support": 449.0
    },
    "gun_shot": {
        "precision": 0.8723747980613893,
        "recall": 0.9782608695652174,
        "f1-score": 0.9222886421861657,
        "support": 552.0
    },
    "jackhammer": {
        "precision": 0.5283687943262412,
        "recall": 0.33184855233853006,
        "f1-score": 0.4076607387140903,
        "support": 449.0
    },
    "police": {
        "precision": 0.96875,
        "recall": 0.8975501113585747,
        "f1-score": 0.9317919075144508,
        "support": 449.0
    },
    "street_music": {
        "precision": 0.47438752783964366,
        "recall": 0.47438752783964366,
        "f1-score": 0.47438752783964366,
        "support": 449.0
    },
    "traffic": {
        "precision": 0.9580573951434879,
        "recall": 0.9665924276169265,
        "f1-score": 0.9623059866962306,
        "support": 449.0
    },
    "accuracy": 0.6521366054573537,
    "macro avg": {
        "precision": 0.6659678985764137,
        "recall": 0.644300800632504,
        "f1-score": 0.6449277394321898,
        "support": 5827.0
    },
    "weighted avg": {
        "precision": 0.6656320232743128,
        "recall": 0.6521366054573537,
        "f1-score": 0.6493378569527398,
        "support": 5827.0
    }
}