{
    "air_conditioner": {
        "precision": 0.7388392857142857,
        "recall": 0.7371937639198218,
        "f1-score": 0.738015607580825,
        "support": 449.0
    },
    "ambulance": {
        "precision": 0.9276595744680851,
        "recall": 0.9710467706013363,
        "f1-score": 0.9488574537540805,
        "support": 449.0
    },
    "car_horn": {
        "precision": 0.7394366197183099,
        "recall": 0.23385300668151449,
        "f1-score": 0.3553299492385787,
        "support": 449.0
    },
    "children_playing": {
        "precision": 0.7139917695473251,
        "recall": 0.7728285077951003,
        "f1-score": 0.7422459893048128,
        "support": 449.0
    },
    "dog_bark": {
        "precision": 0.8129032258064516,
        "recall": 0.8418708240534521,
        "f1-score": 0.8271334792122538,
        "support": 449.0
    },
    "drilling": {
        "precision": 0.7524509803921569,
        "recall": 0.6837416481069042,
        "f1-score": 0.7164527421236873,
        "support": 449.0
    },
    "engine_idling": {
        "precision": 0.631578947368421,
        "recall": 0.34743875278396436,
        "f1-score": 0.4482758620689655,
        "support": 449.0
    },
    "firetruck": {
        "precision": 0.9927536231884058,
        "recall": 0.9153674832962138,
        "f1-score": 0.9524913093858632,
        "support": 449.0
    },
    "gun_shot": {
        "precision": 0.8955223880597015,
        "recall": 1.0,
        "f1-score": 0.9448818897637795,
        "support": 480.0
    },
    "jackhammer": {
        "precision": 0.8054545454545454,
        "recall": 0.9866369710467706,
        "f1-score": 0.8868868868868869,
        "support": 449.0
    },
    "police": {
        "precision": 0.979498861047836,
        "recall": 0.9576837416481069,
        "f1-score": 0.9684684684684685,
        "support": 449.0
    },
    "street_music": {
        "precision": 0.5201560468140443,
        "recall": 0.89086859688196,
        "f1-score": 0.6568144499178982,
        "support": 449.0
    },
    "traffic": {
        "precision": 0.9068825910931174,
        "recall": 0.9977728285077951,
        "f1-score": 0.9501590668080594,
        "support": 449.0
    },
    "accuracy": 0.7961826857532379,
    "macro avg": {
        "precision": 0.8013175737440525,
        "recall": 0.7951002227171493,
        "f1-score": 0.7796933195780121,
        "support": 5868.0
    },
    "weighted avg": {
        "precision": 0.8018152474393127,
        "recall": 0.7961826857532379,
        "f1-score": 0.7805659926652241,
        "support": 5868.0
    }
}