{
    "fold": 10,
    "best_epoch": 4,
    "train_loss": 0.4102570526865522,
    "val_loss": 0.7255492374886957,
    "test_loss": 0.738367357208497,
    "train_accuracy": 87.07207982109065,
    "val_accuracy": 75.73309920983318,
    "test_accuracy": 75.66008043364225,
    "classification_report": {
        "air_conditioner": {
            "precision": 0.6619047619047619,
            "recall": 0.6191536748329621,
            "f1-score": 0.6398158803222095,
            "support": 449.0
        },
        "ambulance": {
            "precision": 0.8546255506607929,
            "recall": 0.8641425389755011,
            "f1-score": 0.8593576965669989,
            "support": 449.0
        },
        "car_horn": {
            "precision": 0.8809523809523809,
            "recall": 0.37373737373737376,
            "f1-score": 0.524822695035461,
            "support": 396.0
        },
        "children_playing": {
            "precision": 0.6860986547085202,
            "recall": 0.6815144766146993,
            "f1-score": 0.6837988826815642,
            "support": 449.0
        },
        "dog_bark": {
            "precision": 0.7549019607843137,
            "recall": 0.6859688195991092,
            "f1-score": 0.7187864644107351,
            "support": 449.0
        },
        "drilling": {
            "precision": 0.7283464566929134,
            "recall": 0.8240534521158129,
            "f1-score": 0.7732497387669801,
            "support": 449.0
        },
        "engine_idling": {
            "precision": 0.6383561643835617,
            "recall": 0.5189309576837416,
            "f1-score": 0.5724815724815725,
            "support": 449.0
        },
        "firetruck": {
            "precision": 0.8238993710691824,
            "recall": 0.8752783964365256,
            "f1-score": 0.8488120950323974,
            "support": 449.0
        },
        "gun_shot": {
            "precision": 0.9445843828715366,
            "recall": 0.9765625,
            "f1-score": 0.9603072983354674,
            "support": 384.0
        },
        "jackhammer": {
            "precision": 0.7019230769230769,
            "recall": 0.8129175946547884,
            "f1-score": 0.7533539731682146,
            "support": 449.0
        },
        "police": {
            "precision": 0.891156462585034,
            "recall": 0.8752783964365256,
            "f1-score": 0.8831460674157303,
            "support": 449.0
        },
        "street_music": {
            "precision": 0.5795644891122278,
            "recall": 0.7706013363028953,
            "f1-score": 0.6615678776290631,
            "support": 449.0
        },
        "traffic": {
            "precision": 0.8185328185328186,
            "recall": 0.9443207126948775,
            "f1-score": 0.8769389865563598,
            "support": 449.0
        },
        "accuracy": 0.7566008043364224,
        "macro avg": {
            "precision": 0.7665266562447015,
            "recall": 0.7555738638526778,
            "f1-score": 0.7504953252617502,
            "support": 5719.0
        },
        "weighted avg": {
            "precision": 0.7634424954403211,
            "recall": 0.7566008043364224,
            "f1-score": 0.7502020696492658,
            "support": 5719.0
        }
    },
    "paths": {
        "best_model": "output/mobilenet/fold_10/checkpoint_epoch_4.pth",
        "confusion_matrix": "output/mobilenet/fold_10/plots/confusion_matrix.png",
        "roc_curves": "output/mobilenet/fold_10/plots/roc_curves.png",
        "classification_report": "output/mobilenet/fold_10/classification_report.json",
        "grad_cam_dir": "output/mobilenet/fold_10/grad_cam"
    }
}