{
    "fold": 5,
    "best_epoch": 4,
    "train_loss": 0.4186619072326993,
    "val_loss": 0.7817687904462218,
    "test_loss": 1.1135217452259816,
    "train_accuracy": 86.60563563173613,
    "val_accuracy": 71.83436002737851,
    "test_accuracy": 72.20518064076346,
    "classification_report": {
        "air_conditioner": {
            "precision": 0.6479481641468683,
            "recall": 0.6681514476614699,
            "f1-score": 0.6578947368421053,
            "support": 449.0
        },
        "ambulance": {
            "precision": 0.8861386138613861,
            "recall": 0.7973273942093542,
            "f1-score": 0.839390386869871,
            "support": 449.0
        },
        "car_horn": {
            "precision": 0.7307692307692307,
            "recall": 0.16926503340757237,
            "f1-score": 0.27486437613019893,
            "support": 449.0
        },
        "children_playing": {
            "precision": 0.7575757575757576,
            "recall": 0.779510022271715,
            "f1-score": 0.7683863885839737,
            "support": 449.0
        },
        "dog_bark": {
            "precision": 0.6345733041575492,
            "recall": 0.6458797327394209,
            "f1-score": 0.6401766004415012,
            "support": 449.0
        },
        "drilling": {
            "precision": 0.7491749174917491,
            "recall": 0.5055679287305123,
            "f1-score": 0.6037234042553191,
            "support": 449.0
        },
        "engine_idling": {
            "precision": 0.5841269841269842,
            "recall": 0.40979955456570155,
            "f1-score": 0.4816753926701571,
            "support": 449.0
        },
        "firetruck": {
            "precision": 0.8144104803493449,
            "recall": 0.8307349665924276,
            "f1-score": 0.8224917309812569,
            "support": 449.0
        },
        "gun_shot": {
            "precision": 0.9263565891472868,
            "recall": 0.9958333333333333,
            "f1-score": 0.9598393574297188,
            "support": 480.0
        },
        "jackhammer": {
            "precision": 0.6945812807881774,
            "recall": 0.9420935412026726,
            "f1-score": 0.7996219281663516,
            "support": 449.0
        },
        "police": {
            "precision": 0.8547008547008547,
            "recall": 0.89086859688196,
            "f1-score": 0.8724100327153762,
            "support": 449.0
        },
        "street_music": {
            "precision": 0.44503311258278144,
            "recall": 0.7483296213808464,
            "f1-score": 0.5581395348837209,
            "support": 449.0
        },
        "traffic": {
            "precision": 0.7978339350180506,
            "recall": 0.9844097995545658,
            "f1-score": 0.8813559322033898,
            "support": 449.0
        },
        "accuracy": 0.7220518064076347,
        "macro avg": {
            "precision": 0.7325556326704632,
            "recall": 0.7205977671178118,
            "f1-score": 0.7046130617056108,
            "support": 5868.0
        },
        "weighted avg": {
            "precision": 0.7335794618543047,
            "recall": 0.7220518064076347,
            "f1-score": 0.7059613942154006,
            "support": 5868.0
        }
    },
    "paths": {
        "best_model": "output/resnet18/fold_5/checkpoint_epoch_4.pth",
        "confusion_matrix": "output/resnet18/fold_5/plots/confusion_matrix.png",
        "roc_curves": "output/resnet18/fold_5/plots/roc_curves.png",
        "classification_report": "output/resnet18/fold_5/classification_report.json",
        "grad_cam_dir": "output/resnet18/fold_5/grad_cam"
    }
}