{
    "fold": 5,
    "best_epoch": 4,
    "train_loss": 0.252155672948436,
    "val_loss": 1.6942993930734573,
    "test_loss": 3.6337206312497217,
    "train_accuracy": 94.75609228238757,
    "val_accuracy": 74.70910335386722,
    "test_accuracy": 74.72733469665985,
    "classification_report": {
        "air_conditioner": {
            "precision": 0.6163522012578616,
            "recall": 0.4365256124721604,
            "f1-score": 0.5110821382007823,
            "support": 449.0
        },
        "ambulance": {
            "precision": 0.8727634194831014,
            "recall": 0.977728285077951,
            "f1-score": 0.9222689075630253,
            "support": 449.0
        },
        "car_horn": {
            "precision": 0.4120603015075377,
            "recall": 0.18262806236080179,
            "f1-score": 0.25308641975308643,
            "support": 449.0
        },
        "children_playing": {
            "precision": 0.6299212598425197,
            "recall": 0.7126948775055679,
            "f1-score": 0.6687565308254964,
            "support": 449.0
        },
        "dog_bark": {
            "precision": 0.5821917808219178,
            "recall": 0.7572383073496659,
            "f1-score": 0.6582768635043562,
            "support": 449.0
        },
        "drilling": {
            "precision": 0.9725085910652921,
            "recall": 0.6302895322939867,
            "f1-score": 0.7648648648648648,
            "support": 449.0
        },
        "engine_idling": {
            "precision": 0.6512968299711815,
            "recall": 0.5033407572383074,
            "f1-score": 0.5678391959798995,
            "support": 449.0
        },
        "firetruck": {
            "precision": 0.9753086419753086,
            "recall": 0.8797327394209354,
            "f1-score": 0.9250585480093677,
            "support": 449.0
        },
        "gun_shot": {
            "precision": 0.9426877470355731,
            "recall": 0.99375,
            "f1-score": 0.9675456389452333,
            "support": 480.0
        },
        "jackhammer": {
            "precision": 0.7782340862422998,
            "recall": 0.844097995545657,
            "f1-score": 0.8098290598290598,
            "support": 449.0
        },
        "police": {
            "precision": 0.963302752293578,
            "recall": 0.9354120267260579,
            "f1-score": 0.9491525423728814,
            "support": 449.0
        },
        "street_music": {
            "precision": 0.4884318766066838,
            "recall": 0.8463251670378619,
            "f1-score": 0.6193969030154849,
            "support": 449.0
        },
        "traffic": {
            "precision": 0.8853754940711462,
            "recall": 0.9977728285077951,
            "f1-score": 0.9382198952879581,
            "support": 449.0
        },
        "accuracy": 0.7472733469665985,
        "macro avg": {
            "precision": 0.7515719217056925,
            "recall": 0.7459643224259037,
            "f1-score": 0.7350290390885766,
            "support": 5868.0
        },
        "weighted avg": {
            "precision": 0.7525815656363718,
            "recall": 0.7472733469665985,
            "f1-score": 0.7362573987674378,
            "support": 5868.0
        }
    },
    "paths": {
        "best_model": "output/vgg16/fold_5/checkpoint_epoch_4.pth",
        "confusion_matrix": "output/vgg16/fold_5/plots/confusion_matrix.png",
        "roc_curves": "output/vgg16/fold_5/plots/roc_curves.png",
        "classification_report": "output/vgg16/fold_5/classification_report.json",
        "grad_cam_dir": "output/vgg16/fold_5/grad_cam"
    }
}