{
    "fold": 6,
    "best_epoch": 3,
    "train_loss": 0.0612325050008585,
    "val_loss": 3.3923282657774667,
    "test_loss": 2.3516589684753226,
    "train_accuracy": 98.10483958202626,
    "val_accuracy": 66.24062713019768,
    "test_accuracy": 62.21039986270808,
    "classification_report": {
        "air_conditioner": {
            "precision": 0.36553524804177545,
            "recall": 0.311804008908686,
            "f1-score": 0.33653846153846156,
            "support": 449.0
        },
        "ambulance": {
            "precision": 0.8464491362763915,
            "recall": 0.9821826280623608,
            "f1-score": 0.9092783505154639,
            "support": 449.0
        },
        "car_horn": {
            "precision": 0.8666666666666667,
            "recall": 0.4255952380952381,
            "f1-score": 0.5708582834331337,
            "support": 336.0
        },
        "children_playing": {
            "precision": 0.5410447761194029,
            "recall": 0.32293986636971045,
            "f1-score": 0.40446304044630405,
            "support": 449.0
        },
        "dog_bark": {
            "precision": 0.449468085106383,
            "recall": 0.7527839643652561,
            "f1-score": 0.5628642797668609,
            "support": 449.0
        },
        "drilling": {
            "precision": 0.54,
            "recall": 0.18040089086859687,
            "f1-score": 0.2704507512520868,
            "support": 449.0
        },
        "engine_idling": {
            "precision": 0.36429872495446264,
            "recall": 0.44543429844098,
            "f1-score": 0.40080160320641284,
            "support": 449.0
        },
        "firetruck": {
            "precision": 0.9022556390977443,
            "recall": 0.8017817371937639,
            "f1-score": 0.8490566037735849,
            "support": 449.0
        },
        "gun_shot": {
            "precision": 0.8643533123028391,
            "recall": 0.9927536231884058,
            "f1-score": 0.924114671163575,
            "support": 552.0
        },
        "jackhammer": {
            "precision": 0.5024154589371981,
            "recall": 0.23162583518930957,
            "f1-score": 0.3170731707317073,
            "support": 449.0
        },
        "police": {
            "precision": 0.9355555555555556,
            "recall": 0.9376391982182628,
            "f1-score": 0.9365962180200222,
            "support": 449.0
        },
        "street_music": {
            "precision": 0.2960088691796009,
            "recall": 0.5946547884187082,
            "f1-score": 0.39526276831976315,
            "support": 449.0
        },
        "traffic": {
            "precision": 0.9776286353467561,
            "recall": 0.9732739420935412,
            "f1-score": 0.9754464285714286,
            "support": 449.0
        },
        "accuracy": 0.6221039986270809,
        "macro avg": {
            "precision": 0.6501292390449828,
            "recall": 0.6117592322625247,
            "f1-score": 0.6040618946722158,
            "support": 5827.0
        },
        "weighted avg": {
            "precision": 0.6497167369382915,
            "recall": 0.6221039986270809,
            "f1-score": 0.6103631550203583,
            "support": 5827.0
        }
    },
    "paths": {
        "best_model": "output/vgg16/fold_6/checkpoint_epoch_3.pth",
        "confusion_matrix": "output/vgg16/fold_6/plots/confusion_matrix.png",
        "roc_curves": "output/vgg16/fold_6/plots/roc_curves.png",
        "classification_report": "output/vgg16/fold_6/classification_report.json",
        "grad_cam_dir": "output/vgg16/fold_6/grad_cam"
    }
}