{
    "fold": 8,
    "best_epoch": 4,
    "train_loss": 0.000824892716161136,
    "val_loss": 0.7377389649682004,
    "test_loss": 1.2269509765233073,
    "train_accuracy": 99.98490468386095,
    "val_accuracy": 90.50450144385935,
    "test_accuracy": 78.84785297755788,
    "classification_report": {
        "air_conditioner": {
            "precision": 0.6666666666666666,
            "recall": 0.19599109131403117,
            "f1-score": 0.3029259896729776,
            "support": 449.0
        },
        "ambulance": {
            "precision": 0.9632829373650108,
            "recall": 0.9933184855233853,
            "f1-score": 0.9780701754385965,
            "support": 449.0
        },
        "car_horn": {
            "precision": 0.96,
            "recall": 1.0,
            "f1-score": 0.9795918367346939,
            "support": 360.0
        },
        "children_playing": {
            "precision": 0.7767857142857143,
            "recall": 0.7750556792873051,
            "f1-score": 0.7759197324414716,
            "support": 449.0
        },
        "dog_bark": {
            "precision": 0.8299180327868853,
            "recall": 0.9020044543429844,
            "f1-score": 0.8644610458911419,
            "support": 449.0
        },
        "drilling": {
            "precision": 0.49927431059506533,
            "recall": 0.7661469933184856,
            "f1-score": 0.6045694200351494,
            "support": 449.0
        },
        "engine_idling": {
            "precision": 0.5695488721804511,
            "recall": 0.6748329621380846,
            "f1-score": 0.617737003058104,
            "support": 449.0
        },
        "firetruck": {
            "precision": 0.9889624724061811,
            "recall": 0.9977728285077951,
            "f1-score": 0.9933481152993349,
            "support": 449.0
        },
        "gun_shot": {
            "precision": 0.851063829787234,
            "recall": 1.0,
            "f1-score": 0.9195402298850575,
            "support": 360.0
        },
        "jackhammer": {
            "precision": 0.48507462686567165,
            "recall": 0.289532293986637,
            "f1-score": 0.36262203626220363,
            "support": 449.0
        },
        "police": {
            "precision": 0.9976744186046511,
            "recall": 0.955456570155902,
            "f1-score": 0.9761092150170648,
            "support": 449.0
        },
        "street_music": {
            "precision": 0.6929133858267716,
            "recall": 0.7839643652561247,
            "f1-score": 0.735632183908046,
            "support": 449.0
        },
        "traffic": {
            "precision": 0.9977777777777778,
            "recall": 1.0,
            "f1-score": 0.9988876529477196,
            "support": 449.0
        },
        "accuracy": 0.7884785297755788,
        "macro avg": {
            "precision": 0.7906879265498523,
            "recall": 0.7949289018331336,
            "f1-score": 0.7776472797378126,
            "support": 5659.0
        },
        "weighted avg": {
            "precision": 0.787075586927094,
            "recall": 0.7884785297755788,
            "f1-score": 0.7722396921541709,
            "support": 5659.0
        }
    },
    "paths": {
        "best_model": "output/mobilenet/fold_8/checkpoint_epoch_4.pth",
        "confusion_matrix": "output/mobilenet/fold_8/plots/confusion_matrix.png",
        "roc_curves": "output/mobilenet/fold_8/plots/roc_curves.png",
        "classification_report": "output/mobilenet/fold_8/classification_report.json",
        "grad_cam_dir": "output/mobilenet/fold_8/grad_cam"
    }
}