{
    "air_conditioner": {
        "precision": 0.07462686567164178,
        "recall": 0.022271714922048998,
        "f1-score": 0.03430531732418525,
        "support": 449.0
    },
    "ambulance": {
        "precision": 0.8376753507014028,
        "recall": 0.9309576837416481,
        "f1-score": 0.8818565400843882,
        "support": 449.0
    },
    "car_horn": {
        "precision": 0.9105960264900662,
        "recall": 0.7638888888888888,
        "f1-score": 0.8308157099697885,
        "support": 360.0
    },
    "children_playing": {
        "precision": 0.7472527472527473,
        "recall": 0.6057906458797327,
        "f1-score": 0.6691266912669127,
        "support": 449.0
    },
    "dog_bark": {
        "precision": 0.8145695364238411,
        "recall": 0.821826280623608,
        "f1-score": 0.8181818181818182,
        "support": 449.0
    },
    "drilling": {
        "precision": 0.5194174757281553,
        "recall": 0.7149220489977728,
        "f1-score": 0.6016869728209935,
        "support": 449.0
    },
    "engine_idling": {
        "precision": 0.363447559709242,
        "recall": 0.779510022271715,
        "f1-score": 0.49575070821529743,
        "support": 449.0
    },
    "firetruck": {
        "precision": 0.8628691983122363,
        "recall": 0.910913140311804,
        "f1-score": 0.886240520043337,
        "support": 449.0
    },
    "gun_shot": {
        "precision": 0.7860262008733624,
        "recall": 1.0,
        "f1-score": 0.8801955990220048,
        "support": 360.0
    },
    "jackhammer": {
        "precision": 0.3923076923076923,
        "recall": 0.11358574610244988,
        "f1-score": 0.17616580310880828,
        "support": 449.0
    },
    "police": {
        "precision": 0.9584352078239609,
        "recall": 0.8730512249443207,
        "f1-score": 0.9137529137529138,
        "support": 449.0
    },
    "street_music": {
        "precision": 0.6716791979949874,
        "recall": 0.5968819599109132,
        "f1-score": 0.6320754716981132,
        "support": 449.0
    },
    "traffic": {
        "precision": 0.9802631578947368,
        "recall": 0.9955456570155902,
        "f1-score": 0.9878453038674033,
        "support": 449.0
    },
    "accuracy": 0.6965895034458385,
    "macro avg": {
        "precision": 0.6860897090141594,
        "recall": 0.702241924123884,
        "f1-score": 0.6775384130273819,
        "support": 5659.0
    },
    "weighted avg": {
        "precision": 0.6809871449514584,
        "recall": 0.6965895034458385,
        "f1-score": 0.6719405743665945,
        "support": 5659.0
    }
}