{
    "fold": 9,
    "best_epoch": 2,
    "train_loss": 0.023014367845582334,
    "val_loss": 0.976926279113889,
    "test_loss": 0.7380147493625863,
    "train_accuracy": 99.42659565329438,
    "val_accuracy": 81.48082700123697,
    "test_accuracy": 88.16505706760316,
    "classification_report": {
        "air_conditioner": {
            "precision": 0.6666666666666666,
            "recall": 0.3741648106904232,
            "f1-score": 0.4793152639087018,
            "support": 449.0
        },
        "ambulance": {
            "precision": 0.9927536231884058,
            "recall": 0.9153674832962138,
            "f1-score": 0.9524913093858632,
            "support": 449.0
        },
        "car_horn": {
            "precision": 0.9720812182741116,
            "recall": 0.9973958333333334,
            "f1-score": 0.9845758354755784,
            "support": 384.0
        },
        "children_playing": {
            "precision": 0.8326612903225806,
            "recall": 0.9198218262806236,
            "f1-score": 0.8740740740740741,
            "support": 449.0
        },
        "dog_bark": {
            "precision": 0.7184466019417476,
            "recall": 0.8240534521158129,
            "f1-score": 0.7676348547717843,
            "support": 449.0
        },
        "drilling": {
            "precision": 0.9029850746268657,
            "recall": 0.8084632516703786,
            "f1-score": 0.8531139835487661,
            "support": 449.0
        },
        "engine_idling": {
            "precision": 0.8180076628352491,
            "recall": 0.9510022271714922,
            "f1-score": 0.8795056642636457,
            "support": 449.0
        },
        "firetruck": {
            "precision": 0.9334719334719335,
            "recall": 1.0,
            "f1-score": 0.9655913978494624,
            "support": 449.0
        },
        "gun_shot": {
            "precision": 1.0,
            "recall": 0.956989247311828,
            "f1-score": 0.978021978021978,
            "support": 372.0
        },
        "jackhammer": {
            "precision": 0.9463869463869464,
            "recall": 0.9042316258351893,
            "f1-score": 0.9248291571753986,
            "support": 449.0
        },
        "police": {
            "precision": 0.9888641425389755,
            "recall": 0.9888641425389755,
            "f1-score": 0.9888641425389755,
            "support": 449.0
        },
        "street_music": {
            "precision": 0.7248576850094877,
            "recall": 0.8507795100222717,
            "f1-score": 0.7827868852459017,
            "support": 449.0
        },
        "traffic": {
            "precision": 0.980349344978166,
            "recall": 1.0,
            "f1-score": 0.9900771775082691,
            "support": 449.0
        },
        "accuracy": 0.8816505706760316,
        "macro avg": {
            "precision": 0.8828870915570104,
            "recall": 0.8839333392512725,
            "f1-score": 0.8785293633667999,
            "support": 5695.0
        },
        "weighted avg": {
            "precision": 0.8802856319983235,
            "recall": 0.8816505706760316,
            "f1-score": 0.8759737967266734,
            "support": 5695.0
        }
    },
    "paths": {
        "best_model": "output/inception/fold_9/checkpoint_epoch_2.pth",
        "confusion_matrix": "output/inception/fold_9/plots/confusion_matrix.png",
        "roc_curves": "output/inception/fold_9/plots/roc_curves.png",
        "classification_report": "output/inception/fold_9/classification_report.json",
        "grad_cam_dir": "output/inception/fold_9/grad_cam"
    }
}