{
    "air_conditioner": {
        "precision": 0.7286063569682152,
        "recall": 0.6636971046770601,
        "f1-score": 0.6946386946386947,
        "support": 449.0
    },
    "ambulance": {
        "precision": 0.9977220956719818,
        "recall": 0.9755011135857461,
        "f1-score": 0.9864864864864865,
        "support": 449.0
    },
    "car_horn": {
        "precision": 1.0,
        "recall": 0.9930555555555556,
        "f1-score": 0.9965156794425087,
        "support": 432.0
    },
    "children_playing": {
        "precision": 0.8739495798319328,
        "recall": 0.9265033407572383,
        "f1-score": 0.8994594594594595,
        "support": 449.0
    },
    "dog_bark": {
        "precision": 0.7476808905380334,
        "recall": 0.8975501113585747,
        "f1-score": 0.8157894736842105,
        "support": 449.0
    },
    "drilling": {
        "precision": 0.7780320366132724,
        "recall": 0.7572383073496659,
        "f1-score": 0.7674943566591422,
        "support": 449.0
    },
    "engine_idling": {
        "precision": 0.4696223316912972,
        "recall": 0.6369710467706013,
        "f1-score": 0.5406427221172023,
        "support": 449.0
    },
    "firetruck": {
        "precision": 0.986784140969163,
        "recall": 0.9977728285077951,
        "f1-score": 0.9922480620155039,
        "support": 449.0
    },
    "gun_shot": {
        "precision": 0.9088888888888889,
        "recall": 0.9738095238095238,
        "f1-score": 0.9402298850574713,
        "support": 420.0
    },
    "jackhammer": {
        "precision": 0.7707006369426752,
        "recall": 0.26948775055679286,
        "f1-score": 0.39933993399339934,
        "support": 449.0
    },
    "police": {
        "precision": 0.9781659388646288,
        "recall": 0.9977728285077951,
        "f1-score": 0.9878721058434399,
        "support": 449.0
    },
    "street_music": {
        "precision": 0.9419354838709677,
        "recall": 0.9755011135857461,
        "f1-score": 0.9584245076586433,
        "support": 449.0
    },
    "traffic": {
        "precision": 0.9552238805970149,
        "recall": 0.9977728285077951,
        "f1-score": 0.9760348583877996,
        "support": 449.0
    },
    "accuracy": 0.8499395613883612,
    "macro avg": {
        "precision": 0.8567163278036978,
        "recall": 0.8509718041176839,
        "f1-score": 0.8427058634956894,
        "support": 5791.0
    },
    "weighted avg": {
        "precision": 0.856034437508618,
        "recall": 0.8499395613883612,
        "f1-score": 0.8417659630473407,
        "support": 5791.0
    }
}