{
    "fold": 5,
    "best_epoch": 3,
    "train_loss": 0.0236138320376647,
    "val_loss": 0.5822381493850394,
    "test_loss": 0.9155342817082229,
    "train_accuracy": 99.46327316798684,
    "val_accuracy": 85.71184120465435,
    "test_accuracy": 82.39604635310157,
    "classification_report": {
        "air_conditioner": {
            "precision": 0.8828633405639913,
            "recall": 0.9064587973273942,
            "f1-score": 0.8945054945054945,
            "support": 449.0
        },
        "ambulance": {
            "precision": 0.934322033898305,
            "recall": 0.9821826280623608,
            "f1-score": 0.9576547231270358,
            "support": 449.0
        },
        "car_horn": {
            "precision": 1.0,
            "recall": 0.23385300668151449,
            "f1-score": 0.37906137184115524,
            "support": 449.0
        },
        "children_playing": {
            "precision": 0.7621832358674464,
            "recall": 0.8708240534521158,
            "f1-score": 0.8128898128898129,
            "support": 449.0
        },
        "dog_bark": {
            "precision": 0.8819095477386935,
            "recall": 0.7817371937639198,
            "f1-score": 0.8288075560802833,
            "support": 449.0
        },
        "drilling": {
            "precision": 0.7861915367483296,
            "recall": 0.7861915367483296,
            "f1-score": 0.7861915367483296,
            "support": 449.0
        },
        "engine_idling": {
            "precision": 0.7486910994764397,
            "recall": 0.3184855233853007,
            "f1-score": 0.446875,
            "support": 449.0
        },
        "firetruck": {
            "precision": 1.0,
            "recall": 0.9755011135857461,
            "f1-score": 0.9875986471251409,
            "support": 449.0
        },
        "gun_shot": {
            "precision": 0.9266409266409267,
            "recall": 1.0,
            "f1-score": 0.9619238476953907,
            "support": 480.0
        },
        "jackhammer": {
            "precision": 0.809009009009009,
            "recall": 1.0,
            "f1-score": 0.8944223107569721,
            "support": 449.0
        },
        "police": {
            "precision": 0.9823788546255506,
            "recall": 0.9933184855233853,
            "f1-score": 0.9878183831672204,
            "support": 449.0
        },
        "street_music": {
            "precision": 0.4728395061728395,
            "recall": 0.8530066815144766,
            "f1-score": 0.6084193804606831,
            "support": 449.0
        },
        "traffic": {
            "precision": 0.8888888888888888,
            "recall": 0.9977728285077951,
            "f1-score": 0.9401888772298006,
            "support": 449.0
        },
        "accuracy": 0.8239604635310157,
        "macro avg": {
            "precision": 0.8519936907408017,
            "recall": 0.8230255268117185,
            "f1-score": 0.80664284166364,
            "support": 5868.0
        },
        "weighted avg": {
            "precision": 0.8523880438956932,
            "recall": 0.8239604635310157,
            "f1-score": 0.8074631741767594,
            "support": 5868.0
        }
    },
    "paths": {
        "best_model": "output/inception/fold_5/checkpoint_epoch_3.pth",
        "confusion_matrix": "output/inception/fold_5/plots/confusion_matrix.png",
        "roc_curves": "output/inception/fold_5/plots/roc_curves.png",
        "classification_report": "output/inception/fold_5/classification_report.json",
        "grad_cam_dir": "output/inception/fold_5/grad_cam"
    }
}