{
    "air_conditioner": {
        "precision": 0.5081967213114754,
        "recall": 0.2071269487750557,
        "f1-score": 0.29430379746835444,
        "support": 449.0
    },
    "ambulance": {
        "precision": 0.9758771929824561,
        "recall": 0.9910913140311804,
        "f1-score": 0.9834254143646409,
        "support": 449.0
    },
    "car_horn": {
        "precision": 0.9174757281553398,
        "recall": 0.984375,
        "f1-score": 0.949748743718593,
        "support": 384.0
    },
    "children_playing": {
        "precision": 0.77431906614786,
        "recall": 0.8864142538975501,
        "f1-score": 0.8265835929387332,
        "support": 449.0
    },
    "dog_bark": {
        "precision": 0.6934046345811051,
        "recall": 0.8663697104677061,
        "f1-score": 0.7702970297029703,
        "support": 449.0
    },
    "drilling": {
        "precision": 0.7785087719298246,
        "recall": 0.7906458797327395,
        "f1-score": 0.7845303867403315,
        "support": 449.0
    },
    "engine_idling": {
        "precision": 0.6728280961182994,
        "recall": 0.8106904231625836,
        "f1-score": 0.7353535353535353,
        "support": 449.0
    },
    "firetruck": {
        "precision": 0.8250460405156538,
        "recall": 0.9977728285077951,
        "f1-score": 0.9032258064516129,
        "support": 449.0
    },
    "gun_shot": {
        "precision": 1.0,
        "recall": 0.6075268817204301,
        "f1-score": 0.7558528428093646,
        "support": 372.0
    },
    "jackhammer": {
        "precision": 0.9911242603550295,
        "recall": 0.7461024498886414,
        "f1-score": 0.8513341804320204,
        "support": 449.0
    },
    "police": {
        "precision": 0.9887133182844243,
        "recall": 0.9755011135857461,
        "f1-score": 0.9820627802690582,
        "support": 449.0
    },
    "street_music": {
        "precision": 0.6883333333333334,
        "recall": 0.9198218262806236,
        "f1-score": 0.7874165872259294,
        "support": 449.0
    },
    "traffic": {
        "precision": 1.0,
        "recall": 0.9398663697104677,
        "f1-score": 0.9690011481056258,
        "support": 449.0
    },
    "accuracy": 0.8259877085162424,
    "macro avg": {
        "precision": 0.8318328587472924,
        "recall": 0.8248696153661937,
        "f1-score": 0.814856603506213,
        "support": 5695.0
    },
    "weighted avg": {
        "precision": 0.8285816460364966,
        "recall": 0.8259877085162424,
        "f1-score": 0.8141147774236588,
        "support": 5695.0
    }
}