{
    "air_conditioner": {
        "precision": 0.18681318681318682,
        "recall": 0.0378619153674833,
        "f1-score": 0.06296296296296296,
        "support": 449.0
    },
    "ambulance": {
        "precision": 0.8623481781376519,
        "recall": 0.9487750556792873,
        "f1-score": 0.9034994697773064,
        "support": 449.0
    },
    "car_horn": {
        "precision": 0.9773462783171522,
        "recall": 0.8388888888888889,
        "f1-score": 0.9028400597907325,
        "support": 360.0
    },
    "children_playing": {
        "precision": 0.5520833333333334,
        "recall": 0.47216035634743875,
        "f1-score": 0.5090036014405762,
        "support": 449.0
    },
    "dog_bark": {
        "precision": 0.5585443037974683,
        "recall": 0.7861915367483296,
        "f1-score": 0.6530989824236818,
        "support": 449.0
    },
    "drilling": {
        "precision": 0.38519924098671726,
        "recall": 0.4521158129175947,
        "f1-score": 0.41598360655737704,
        "support": 449.0
    },
    "engine_idling": {
        "precision": 0.4100346020761246,
        "recall": 0.5278396436525612,
        "f1-score": 0.46153846153846156,
        "support": 449.0
    },
    "firetruck": {
        "precision": 0.9241706161137441,
        "recall": 0.8685968819599109,
        "f1-score": 0.8955223880597015,
        "support": 449.0
    },
    "gun_shot": {
        "precision": 0.6498194945848376,
        "recall": 1.0,
        "f1-score": 0.787746170678337,
        "support": 360.0
    },
    "jackhammer": {
        "precision": 0.27325581395348836,
        "recall": 0.10467706013363029,
        "f1-score": 0.15136876006441224,
        "support": 449.0
    },
    "police": {
        "precision": 0.89587852494577,
        "recall": 0.9198218262806236,
        "f1-score": 0.9076923076923077,
        "support": 449.0
    },
    "street_music": {
        "precision": 0.5164075993091537,
        "recall": 0.6659242761692651,
        "f1-score": 0.5817120622568094,
        "support": 449.0
    },
    "traffic": {
        "precision": 0.9736842105263158,
        "recall": 0.9888641425389755,
        "f1-score": 0.9812154696132597,
        "support": 449.0
    },
    "accuracy": 0.6543558932673618,
    "macro avg": {
        "precision": 0.6281219525303803,
        "recall": 0.6624397997449221,
        "f1-score": 0.6318603309889173,
        "support": 5659.0
    },
    "weighted avg": {
        "precision": 0.6222884048650915,
        "recall": 0.6543558932673618,
        "f1-score": 0.625146947777092,
        "support": 5659.0
    }
}