{
    "fold": 6,
    "best_epoch": 1,
    "train_loss": 0.3837054432170107,
    "val_loss": 1.7389967600389828,
    "test_loss": 1.542350103083426,
    "train_accuracy": 87.08218852086624,
    "val_accuracy": 66.83708248125426,
    "test_accuracy": 63.978033293289855,
    "classification_report": {
        "air_conditioner": {
            "precision": 0.35201149425287354,
            "recall": 0.5456570155902004,
            "f1-score": 0.4279475982532751,
            "support": 449.0
        },
        "ambulance": {
            "precision": 0.9308641975308642,
            "recall": 0.8396436525612472,
            "f1-score": 0.882903981264637,
            "support": 449.0
        },
        "car_horn": {
            "precision": 0.900990099009901,
            "recall": 0.2708333333333333,
            "f1-score": 0.41647597254004576,
            "support": 336.0
        },
        "children_playing": {
            "precision": 0.5127175368139224,
            "recall": 0.8530066815144766,
            "f1-score": 0.6404682274247492,
            "support": 449.0
        },
        "dog_bark": {
            "precision": 0.824,
            "recall": 0.45879732739420936,
            "f1-score": 0.5894134477825465,
            "support": 449.0
        },
        "drilling": {
            "precision": 0.6774193548387096,
            "recall": 0.2806236080178174,
            "f1-score": 0.3968503937007874,
            "support": 449.0
        },
        "engine_idling": {
            "precision": 0.3900414937759336,
            "recall": 0.41870824053452116,
            "f1-score": 0.4038668098818475,
            "support": 449.0
        },
        "firetruck": {
            "precision": 0.8997668997668997,
            "recall": 0.8596881959910914,
            "f1-score": 0.8792710706150342,
            "support": 449.0
        },
        "gun_shot": {
            "precision": 0.7713884992987378,
            "recall": 0.9963768115942029,
            "f1-score": 0.8695652173913043,
            "support": 552.0
        },
        "jackhammer": {
            "precision": 0.422360248447205,
            "recall": 0.1514476614699332,
            "f1-score": 0.22295081967213115,
            "support": 449.0
        },
        "police": {
            "precision": 0.7992277992277992,
            "recall": 0.9220489977728286,
            "f1-score": 0.8562564632885212,
            "support": 449.0
        },
        "street_music": {
            "precision": 0.375,
            "recall": 0.5812917594654788,
            "f1-score": 0.4558951965065502,
            "support": 449.0
        },
        "traffic": {
            "precision": 0.9774266365688488,
            "recall": 0.9643652561247216,
            "f1-score": 0.9708520179372198,
            "support": 449.0
        },
        "accuracy": 0.6397803329328986,
        "macro avg": {
            "precision": 0.6794780199639765,
            "recall": 0.6263452724126203,
            "f1-score": 0.616362862789127,
            "support": 5827.0
        },
        "weighted avg": {
            "precision": 0.676806991036448,
            "recall": 0.6397803329328986,
            "f1-score": 0.6247148554306526,
            "support": 5827.0
        }
    },
    "paths": {
        "best_model": "output/convnext/fold_6/checkpoint_epoch_1.pth",
        "confusion_matrix": "output/convnext/fold_6/plots/confusion_matrix.png",
        "roc_curves": "output/convnext/fold_6/plots/roc_curves.png",
        "classification_report": "output/convnext/fold_6/classification_report.json",
        "grad_cam_dir": "output/convnext/fold_6/grad_cam"
    }
}