{
    "air_conditioner": {
        "precision": 0.6201923076923077,
        "recall": 0.2873051224944321,
        "f1-score": 0.3926940639269406,
        "support": 449.0
    },
    "ambulance": {
        "precision": 0.9308176100628931,
        "recall": 0.9888641425389755,
        "f1-score": 0.958963282937365,
        "support": 449.0
    },
    "car_horn": {
        "precision": 0.8033333333333333,
        "recall": 0.5367483296213809,
        "f1-score": 0.6435246995994659,
        "support": 449.0
    },
    "children_playing": {
        "precision": 0.6979166666666666,
        "recall": 0.7461024498886414,
        "f1-score": 0.721205597416577,
        "support": 449.0
    },
    "dog_bark": {
        "precision": 0.9066937119675457,
        "recall": 0.9955456570155902,
        "f1-score": 0.9490445859872612,
        "support": 449.0
    },
    "drilling": {
        "precision": 0.7970660146699267,
        "recall": 0.7260579064587973,
        "f1-score": 0.7599067599067599,
        "support": 449.0
    },
    "engine_idling": {
        "precision": 0.369542066027689,
        "recall": 0.7728285077951003,
        "f1-score": 0.5,
        "support": 449.0
    },
    "firetruck": {
        "precision": 0.9643705463182898,
        "recall": 0.9042316258351893,
        "f1-score": 0.9333333333333333,
        "support": 449.0
    },
    "gun_shot": {
        "precision": 0.9781021897810219,
        "recall": 0.9571428571428572,
        "f1-score": 0.9675090252707581,
        "support": 420.0
    },
    "jackhammer": {
        "precision": 0.33035714285714285,
        "recall": 0.08240534521158129,
        "f1-score": 0.1319073083778966,
        "support": 449.0
    },
    "police": {
        "precision": 0.963963963963964,
        "recall": 0.9532293986636972,
        "f1-score": 0.9585666293393057,
        "support": 449.0
    },
    "street_music": {
        "precision": 0.6060606060606061,
        "recall": 0.89086859688196,
        "f1-score": 0.721370604147881,
        "support": 449.0
    },
    "traffic": {
        "precision": 0.9801762114537445,
        "recall": 0.9910913140311804,
        "f1-score": 0.9856035437430787,
        "support": 449.0
    },
    "accuracy": 0.7553374655647382,
    "macro avg": {
        "precision": 0.7652763362196254,
        "recall": 0.7563400964291833,
        "f1-score": 0.7402791872297402,
        "support": 5808.0
    },
    "weighted avg": {
        "precision": 0.7642136726946117,
        "recall": 0.7553374655647382,
        "f1-score": 0.7391446029833233,
        "support": 5808.0
    }
}