{
    "fold": 3,
    "best_epoch": 1,
    "train_loss": 0.05441075822454877,
    "val_loss": 0.8718221994807079,
    "test_loss": 1.3497583738706973,
    "train_accuracy": 98.30848995463383,
    "val_accuracy": 81.14669421487604,
    "test_accuracy": 74.7594501718213,
    "classification_report": {
        "air_conditioner": {
            "precision": 0.6423841059602649,
            "recall": 0.21603563474387527,
            "f1-score": 0.3233333333333333,
            "support": 449.0
        },
        "ambulance": {
            "precision": 0.9863945578231292,
            "recall": 0.9688195991091314,
            "f1-score": 0.9775280898876404,
            "support": 449.0
        },
        "car_horn": {
            "precision": 0.8247232472324724,
            "recall": 0.9955456570155902,
            "f1-score": 0.9021190716448032,
            "support": 449.0
        },
        "children_playing": {
            "precision": 0.8125,
            "recall": 0.7817371937639198,
            "f1-score": 0.7968217934165721,
            "support": 449.0
        },
        "dog_bark": {
            "precision": 0.7591240875912408,
            "recall": 0.9265033407572383,
            "f1-score": 0.8345035105315948,
            "support": 449.0
        },
        "drilling": {
            "precision": 0.4563106796116505,
            "recall": 0.732739420935412,
            "f1-score": 0.5623931623931624,
            "support": 449.0
        },
        "engine_idling": {
            "precision": 0.4095744680851064,
            "recall": 0.3429844097995546,
            "f1-score": 0.37333333333333335,
            "support": 449.0
        },
        "firetruck": {
            "precision": 0.9733924611973392,
            "recall": 0.977728285077951,
            "f1-score": 0.9755555555555555,
            "support": 449.0
        },
        "gun_shot": {
            "precision": 0.9355555555555556,
            "recall": 0.9745370370370371,
            "f1-score": 0.9546485260770975,
            "support": 432.0
        },
        "jackhammer": {
            "precision": 0.42699724517906334,
            "recall": 0.34521158129175944,
            "f1-score": 0.3817733990147783,
            "support": 449.0
        },
        "police": {
            "precision": 0.9682539682539683,
            "recall": 0.9510022271714922,
            "f1-score": 0.9595505617977528,
            "support": 449.0
        },
        "street_music": {
            "precision": 0.5237020316027088,
            "recall": 0.5167037861915368,
            "f1-score": 0.5201793721973094,
            "support": 449.0
        },
        "traffic": {
            "precision": 0.9718004338394793,
            "recall": 0.9977728285077951,
            "f1-score": 0.9846153846153847,
            "support": 449.0
        },
        "accuracy": 0.7475945017182131,
        "macro avg": {
            "precision": 0.7454394493793829,
            "recall": 0.7482554616463303,
            "f1-score": 0.7343350072152552,
            "support": 5820.0
        },
        "weighted avg": {
            "precision": 0.7448841274197618,
            "recall": 0.7475945017182131,
            "f1-score": 0.7336914797546622,
            "support": 5820.0
        }
    },
    "paths": {
        "best_model": "output/resnet18/fold_3/checkpoint_epoch_1.pth",
        "confusion_matrix": "output/resnet18/fold_3/plots/confusion_matrix.png",
        "roc_curves": "output/resnet18/fold_3/plots/roc_curves.png",
        "classification_report": "output/resnet18/fold_3/classification_report.json",
        "grad_cam_dir": "output/resnet18/fold_3/grad_cam"
    }
}