{
    "fold": 3,
    "best_epoch": 4,
    "train_loss": 0.2678892441011595,
    "val_loss": 0.6587630636794739,
    "test_loss": 0.6371912830688345,
    "train_accuracy": 91.8254482609635,
    "val_accuracy": 79.23553719008264,
    "test_accuracy": 78.93470790378007,
    "classification_report": {
        "air_conditioner": {
            "precision": 0.8029556650246306,
            "recall": 0.36302895322939865,
            "f1-score": 0.5,
            "support": 449.0
        },
        "ambulance": {
            "precision": 0.9788235294117648,
            "recall": 0.9265033407572383,
            "f1-score": 0.9519450800915332,
            "support": 449.0
        },
        "car_horn": {
            "precision": 0.8866396761133604,
            "recall": 0.9755011135857461,
            "f1-score": 0.9289501590668081,
            "support": 449.0
        },
        "children_playing": {
            "precision": 0.7745302713987474,
            "recall": 0.8262806236080178,
            "f1-score": 0.7995689655172413,
            "support": 449.0
        },
        "dog_bark": {
            "precision": 0.8343558282208589,
            "recall": 0.9086859688195991,
            "f1-score": 0.8699360341151386,
            "support": 449.0
        },
        "drilling": {
            "precision": 0.5646551724137931,
            "recall": 0.8752783964365256,
            "f1-score": 0.6864628820960699,
            "support": 449.0
        },
        "engine_idling": {
            "precision": 0.4779220779220779,
            "recall": 0.40979955456570155,
            "f1-score": 0.4412470023980815,
            "support": 449.0
        },
        "firetruck": {
            "precision": 0.8930041152263375,
            "recall": 0.9665924276169265,
            "f1-score": 0.9283422459893048,
            "support": 449.0
        },
        "gun_shot": {
            "precision": 0.9327548806941431,
            "recall": 0.9953703703703703,
            "f1-score": 0.9630459126539753,
            "support": 432.0
        },
        "jackhammer": {
            "precision": 0.4034334763948498,
            "recall": 0.41870824053452116,
            "f1-score": 0.41092896174863386,
            "support": 449.0
        },
        "police": {
            "precision": 0.9705215419501134,
            "recall": 0.9532293986636972,
            "f1-score": 0.9617977528089887,
            "support": 449.0
        },
        "street_music": {
            "precision": 0.9102167182662538,
            "recall": 0.6547884187082406,
            "f1-score": 0.7616580310880829,
            "support": 449.0
        },
        "traffic": {
            "precision": 0.9470338983050848,
            "recall": 0.9955456570155902,
            "f1-score": 0.9706840390879479,
            "support": 449.0
        },
        "accuracy": 0.7893470790378007,
        "macro avg": {
            "precision": 0.7982189885647705,
            "recall": 0.7899471126085825,
            "f1-score": 0.7826590051278313,
            "support": 5820.0
        },
        "weighted avg": {
            "precision": 0.7978260143094097,
            "recall": 0.7893470790378007,
            "f1-score": 0.7821321017896965,
            "support": 5820.0
        }
    },
    "paths": {
        "best_model": "output/convnext/fold_3/checkpoint_epoch_4.pth",
        "confusion_matrix": "output/convnext/fold_3/plots/confusion_matrix.png",
        "roc_curves": "output/convnext/fold_3/plots/roc_curves.png",
        "classification_report": "output/convnext/fold_3/classification_report.json",
        "grad_cam_dir": "output/convnext/fold_3/grad_cam"
    }
}