{
    "fold": 3,
    "best_epoch": 4,
    "train_loss": 0.052960485005696584,
    "val_loss": 1.5923702701918783,
    "test_loss": 1.3566894402404446,
    "train_accuracy": 98.33657377403327,
    "val_accuracy": 72.64118457300276,
    "test_accuracy": 72.43986254295532,
    "classification_report": {
        "air_conditioner": {
            "precision": 0.6170212765957447,
            "recall": 0.19376391982182628,
            "f1-score": 0.29491525423728815,
            "support": 449.0
        },
        "ambulance": {
            "precision": 0.9718004338394793,
            "recall": 0.9977728285077951,
            "f1-score": 0.9846153846153847,
            "support": 449.0
        },
        "car_horn": {
            "precision": 0.924892703862661,
            "recall": 0.9599109131403119,
            "f1-score": 0.9420765027322404,
            "support": 449.0
        },
        "children_playing": {
            "precision": 0.6842105263157895,
            "recall": 0.46325167037861914,
            "f1-score": 0.5524568393094289,
            "support": 449.0
        },
        "dog_bark": {
            "precision": 0.558258642765685,
            "recall": 0.9710467706013363,
            "f1-score": 0.7089430894308943,
            "support": 449.0
        },
        "drilling": {
            "precision": 0.5446293494704992,
            "recall": 0.8017817371937639,
            "f1-score": 0.6486486486486487,
            "support": 449.0
        },
        "engine_idling": {
            "precision": 0.32838589981447125,
            "recall": 0.39420935412026725,
            "f1-score": 0.3582995951417004,
            "support": 449.0
        },
        "firetruck": {
            "precision": 0.9562363238512035,
            "recall": 0.9732739420935412,
            "f1-score": 0.9646799116997793,
            "support": 449.0
        },
        "gun_shot": {
            "precision": 0.9953488372093023,
            "recall": 0.9907407407407407,
            "f1-score": 0.9930394431554525,
            "support": 432.0
        },
        "jackhammer": {
            "precision": 0.29411764705882354,
            "recall": 0.17817371937639198,
            "f1-score": 0.22191400832177532,
            "support": 449.0
        },
        "police": {
            "precision": 0.9842696629213483,
            "recall": 0.9755011135857461,
            "f1-score": 0.9798657718120806,
            "support": 449.0
        },
        "street_music": {
            "precision": 0.5755395683453237,
            "recall": 0.534521158129176,
            "f1-score": 0.5542725173210161,
            "support": 449.0
        },
        "traffic": {
            "precision": 1.0,
            "recall": 0.9933184855233853,
            "f1-score": 0.9966480446927374,
            "support": 449.0
        },
        "accuracy": 0.7243986254295532,
        "macro avg": {
            "precision": 0.7257469901577178,
            "recall": 0.7251743348625309,
            "f1-score": 0.7077211547014173,
            "support": 5820.0
        },
        "weighted avg": {
            "precision": 0.7249594933536151,
            "recall": 0.7243986254295532,
            "f1-score": 0.7068877507660705,
            "support": 5820.0
        }
    },
    "paths": {
        "best_model": "output/mobilenet/fold_3/checkpoint_epoch_4.pth",
        "confusion_matrix": "output/mobilenet/fold_3/plots/confusion_matrix.png",
        "roc_curves": "output/mobilenet/fold_3/plots/roc_curves.png",
        "classification_report": "output/mobilenet/fold_3/classification_report.json",
        "grad_cam_dir": "output/mobilenet/fold_3/grad_cam"
    }
}