{
    "fold": 3,
    "best_epoch": 4,
    "train_loss": 0.0056039772275182295,
    "val_loss": 2.7817160847500735,
    "test_loss": 1.6944113724245309,
    "train_accuracy": 99.8401382588032,
    "val_accuracy": 71.93526170798899,
    "test_accuracy": 73.76288659793815,
    "classification_report": {
        "air_conditioner": {
            "precision": 0.31277533039647576,
            "recall": 0.15812917594654788,
            "f1-score": 0.21005917159763313,
            "support": 449.0
        },
        "ambulance": {
            "precision": 0.9443207126948775,
            "recall": 0.9443207126948775,
            "f1-score": 0.9443207126948775,
            "support": 449.0
        },
        "car_horn": {
            "precision": 0.9419953596287703,
            "recall": 0.9042316258351893,
            "f1-score": 0.9227272727272727,
            "support": 449.0
        },
        "children_playing": {
            "precision": 0.5928853754940712,
            "recall": 0.6681514476614699,
            "f1-score": 0.6282722513089005,
            "support": 449.0
        },
        "dog_bark": {
            "precision": 0.6483704974271012,
            "recall": 0.8418708240534521,
            "f1-score": 0.7325581395348837,
            "support": 449.0
        },
        "drilling": {
            "precision": 0.7360406091370558,
            "recall": 0.6458797327394209,
            "f1-score": 0.6880189798339265,
            "support": 449.0
        },
        "engine_idling": {
            "precision": 0.334841628959276,
            "recall": 0.49443207126948774,
            "f1-score": 0.39928057553956836,
            "support": 449.0
        },
        "firetruck": {
            "precision": 0.9795454545454545,
            "recall": 0.9599109131403119,
            "f1-score": 0.96962879640045,
            "support": 449.0
        },
        "gun_shot": {
            "precision": 0.9763593380614657,
            "recall": 0.9560185185185185,
            "f1-score": 0.9660818713450292,
            "support": 432.0
        },
        "jackhammer": {
            "precision": 0.7419354838709677,
            "recall": 0.512249443207127,
            "f1-score": 0.6060606060606061,
            "support": 449.0
        },
        "police": {
            "precision": 0.9288888888888889,
            "recall": 0.9309576837416481,
            "f1-score": 0.9299221357063404,
            "support": 449.0
        },
        "street_music": {
            "precision": 0.5809312638580931,
            "recall": 0.5835189309576837,
            "f1-score": 0.5822222222222222,
            "support": 449.0
        },
        "traffic": {
            "precision": 0.9087221095334685,
            "recall": 0.9977728285077951,
            "f1-score": 0.9511677282377919,
            "support": 449.0
        },
        "accuracy": 0.7376288659793815,
        "macro avg": {
            "precision": 0.7405855424996897,
            "recall": 0.7382649160210407,
            "f1-score": 0.7331015740930387,
            "support": 5820.0
        },
        "weighted avg": {
            "precision": 0.7398968561552652,
            "recall": 0.7376288659793815,
            "f1-score": 0.7324210474515808,
            "support": 5820.0
        }
    },
    "paths": {
        "best_model": "output/vgg16/fold_3/checkpoint_epoch_4.pth",
        "confusion_matrix": "output/vgg16/fold_3/plots/confusion_matrix.png",
        "roc_curves": "output/vgg16/fold_3/plots/roc_curves.png",
        "classification_report": "output/vgg16/fold_3/classification_report.json",
        "grad_cam_dir": "output/vgg16/fold_3/grad_cam"
    }
}