{
    "air_conditioner": {
        "precision": 0.5197044334975369,
        "recall": 0.46993318485523383,
        "f1-score": 0.4935672514619883,
        "support": 449.0
    },
    "ambulance": {
        "precision": 0.907563025210084,
        "recall": 0.9621380846325167,
        "f1-score": 0.9340540540540541,
        "support": 449.0
    },
    "car_horn": {
        "precision": 0.7867036011080333,
        "recall": 0.8452380952380952,
        "f1-score": 0.8149210903873745,
        "support": 336.0
    },
    "children_playing": {
        "precision": 0.6389452332657201,
        "recall": 0.7015590200445434,
        "f1-score": 0.6687898089171974,
        "support": 449.0
    },
    "dog_bark": {
        "precision": 0.9136490250696379,
        "recall": 0.7305122494432071,
        "f1-score": 0.8118811881188119,
        "support": 449.0
    },
    "drilling": {
        "precision": 0.8785714285714286,
        "recall": 0.5478841870824054,
        "f1-score": 0.6748971193415638,
        "support": 449.0
    },
    "engine_idling": {
        "precision": 0.458252427184466,
        "recall": 0.5256124721603563,
        "f1-score": 0.4896265560165975,
        "support": 449.0
    },
    "firetruck": {
        "precision": 0.9544364508393285,
        "recall": 0.8864142538975501,
        "f1-score": 0.9191685912240185,
        "support": 449.0
    },
    "gun_shot": {
        "precision": 0.989247311827957,
        "recall": 1.0,
        "f1-score": 0.9945945945945946,
        "support": 552.0
    },
    "jackhammer": {
        "precision": 0.9375,
        "recall": 0.33407572383073497,
        "f1-score": 0.49261083743842365,
        "support": 449.0
    },
    "police": {
        "precision": 0.9208791208791208,
        "recall": 0.933184855233853,
        "f1-score": 0.9269911504424779,
        "support": 449.0
    },
    "street_music": {
        "precision": 0.415929203539823,
        "recall": 0.8374164810690423,
        "f1-score": 0.5558019216555802,
        "support": 449.0
    },
    "traffic": {
        "precision": 0.9774266365688488,
        "recall": 0.9643652561247216,
        "f1-score": 0.9708520179372198,
        "support": 449.0
    },
    "accuracy": 0.7516732452376866,
    "macro avg": {
        "precision": 0.7922159921201526,
        "recall": 0.7491026048932509,
        "f1-score": 0.7498273985838387,
        "support": 5827.0
    },
    "weighted avg": {
        "precision": 0.795805682546491,
        "recall": 0.7516732452376866,
        "f1-score": 0.7528916570384994,
        "support": 5827.0
    }
}