{
    "air_conditioner": {
        "precision": 0.011904761904761904,
        "recall": 0.0022271714922048997,
        "f1-score": 0.00375234521575985,
        "support": 449.0
    },
    "ambulance": {
        "precision": 0.8252788104089219,
        "recall": 0.9888641425389755,
        "f1-score": 0.8996960486322189,
        "support": 449.0
    },
    "car_horn": {
        "precision": 0.9635854341736695,
        "recall": 0.9555555555555556,
        "f1-score": 0.9595536959553695,
        "support": 360.0
    },
    "children_playing": {
        "precision": 0.7995049504950495,
        "recall": 0.7193763919821826,
        "f1-score": 0.757327080890973,
        "support": 449.0
    },
    "dog_bark": {
        "precision": 0.8042226487523992,
        "recall": 0.933184855233853,
        "f1-score": 0.8639175257731959,
        "support": 449.0
    },
    "drilling": {
        "precision": 0.6926910299003323,
        "recall": 0.9287305122494433,
        "f1-score": 0.7935299714557564,
        "support": 449.0
    },
    "engine_idling": {
        "precision": 0.413012729844413,
        "recall": 0.6503340757238307,
        "f1-score": 0.5051903114186851,
        "support": 449.0
    },
    "firetruck": {
        "precision": 0.9752475247524752,
        "recall": 0.8775055679287305,
        "f1-score": 0.9237983587338804,
        "support": 449.0
    },
    "gun_shot": {
        "precision": 0.8490566037735849,
        "recall": 1.0,
        "f1-score": 0.9183673469387755,
        "support": 360.0
    },
    "jackhammer": {
        "precision": 0.6925566343042071,
        "recall": 0.4766146993318486,
        "f1-score": 0.5646437994722955,
        "support": 449.0
    },
    "police": {
        "precision": 0.9688249400479616,
        "recall": 0.8997772828507795,
        "f1-score": 0.9330254041570438,
        "support": 449.0
    },
    "street_music": {
        "precision": 0.6740576496674058,
        "recall": 0.6770601336302895,
        "f1-score": 0.6755555555555556,
        "support": 449.0
    },
    "traffic": {
        "precision": 1.0,
        "recall": 0.9821826280623608,
        "f1-score": 0.9910112359550561,
        "support": 449.0
    },
    "accuracy": 0.769924014843612,
    "macro avg": {
        "precision": 0.7438418244634756,
        "recall": 0.7762625397369274,
        "f1-score": 0.7530283600118898,
        "support": 5659.0
    },
    "weighted avg": {
        "precision": 0.7387311517964307,
        "recall": 0.769924014843612,
        "f1-score": 0.7471799902053049,
        "support": 5659.0
    }
}