{
    "air_conditioner": {
        "precision": 0.3859375,
        "recall": 0.5501113585746102,
        "f1-score": 0.45362718089990817,
        "support": 449.0
    },
    "ambulance": {
        "precision": 0.7623931623931623,
        "recall": 0.9933184855233853,
        "f1-score": 0.8626692456479691,
        "support": 449.0
    },
    "car_horn": {
        "precision": 0.707936507936508,
        "recall": 0.49665924276169265,
        "f1-score": 0.5837696335078534,
        "support": 449.0
    },
    "children_playing": {
        "precision": 0.5661641541038526,
        "recall": 0.7527839643652561,
        "f1-score": 0.6462715105162524,
        "support": 449.0
    },
    "dog_bark": {
        "precision": 0.8813905930470347,
        "recall": 0.9599109131403119,
        "f1-score": 0.9189765458422174,
        "support": 449.0
    },
    "drilling": {
        "precision": 0.8700906344410876,
        "recall": 0.6414253897550112,
        "f1-score": 0.7384615384615385,
        "support": 449.0
    },
    "engine_idling": {
        "precision": 0.7752808988764045,
        "recall": 0.30734966592427615,
        "f1-score": 0.44019138755980863,
        "support": 449.0
    },
    "firetruck": {
        "precision": 0.9467084639498433,
        "recall": 0.6726057906458798,
        "f1-score": 0.7864583333333334,
        "support": 449.0
    },
    "gun_shot": {
        "precision": 0.9166666666666666,
        "recall": 0.969047619047619,
        "f1-score": 0.9421296296296297,
        "support": 420.0
    },
    "jackhammer": {
        "precision": 0.974910394265233,
        "recall": 0.6057906458797327,
        "f1-score": 0.7472527472527473,
        "support": 449.0
    },
    "police": {
        "precision": 0.8848614072494669,
        "recall": 0.9242761692650334,
        "f1-score": 0.9041394335511983,
        "support": 449.0
    },
    "street_music": {
        "precision": 0.47702702702702704,
        "recall": 0.7861915367483296,
        "f1-score": 0.5937762825904122,
        "support": 449.0
    },
    "traffic": {
        "precision": 0.9976303317535545,
        "recall": 0.9376391982182628,
        "f1-score": 0.9667049368541906,
        "support": 449.0
    },
    "accuracy": 0.7370867768595041,
    "macro avg": {
        "precision": 0.780538287823834,
        "recall": 0.7382392292191847,
        "f1-score": 0.7372637235113122,
        "support": 5808.0
    },
    "weighted avg": {
        "precision": 0.7798585834528902,
        "recall": 0.7370867768595041,
        "f1-score": 0.7362408049029391,
        "support": 5808.0
    }
}