{
    "fold": 7,
    "best_epoch": 0,
    "train_loss": 0.30665848130060985,
    "val_loss": 0.6471038476219806,
    "test_loss": 0.6570263619075337,
    "train_accuracy": 92.69760193922605,
    "val_accuracy": 83.98833018706024,
    "test_accuracy": 83.35315101070155,
    "classification_report": {
        "air_conditioner": {
            "precision": 0.5448460508701473,
            "recall": 0.9064587973273942,
            "f1-score": 0.6806020066889632,
            "support": 449.0
        },
        "ambulance": {
            "precision": 0.892,
            "recall": 0.9933184855233853,
            "f1-score": 0.9399367755532139,
            "support": 449.0
        },
        "car_horn": {
            "precision": 1.0,
            "recall": 0.9851190476190477,
            "f1-score": 0.992503748125937,
            "support": 336.0
        },
        "children_playing": {
            "precision": 0.9819121447028424,
            "recall": 0.8463251670378619,
            "f1-score": 0.9090909090909091,
            "support": 449.0
        },
        "dog_bark": {
            "precision": 0.6473149492017417,
            "recall": 0.9933184855233853,
            "f1-score": 0.7838312829525483,
            "support": 449.0
        },
        "drilling": {
            "precision": 0.693069306930693,
            "recall": 0.9354120267260579,
            "f1-score": 0.7962085308056872,
            "support": 449.0
        },
        "engine_idling": {
            "precision": 0.879154078549849,
            "recall": 0.6481069042316259,
            "f1-score": 0.7461538461538462,
            "support": 449.0
        },
        "firetruck": {
            "precision": 0.9930715935334873,
            "recall": 0.9576837416481069,
            "f1-score": 0.9750566893424036,
            "support": 449.0
        },
        "gun_shot": {
            "precision": 1.0,
            "recall": 0.5882352941176471,
            "f1-score": 0.7407407407407407,
            "support": 612.0
        },
        "jackhammer": {
            "precision": 0.5833333333333334,
            "recall": 0.24944320712694878,
            "f1-score": 0.3494539781591264,
            "support": 449.0
        },
        "police": {
            "precision": 1.0,
            "recall": 0.8930957683741648,
            "f1-score": 0.9435294117647058,
            "support": 449.0
        },
        "street_music": {
            "precision": 0.9623059866962306,
            "recall": 0.9665924276169265,
            "f1-score": 0.9644444444444444,
            "support": 449.0
        },
        "traffic": {
            "precision": 0.9782135076252724,
            "recall": 1.0,
            "f1-score": 0.9889867841409692,
            "support": 449.0
        },
        "accuracy": 0.8335315101070154,
        "macro avg": {
            "precision": 0.8580939193418152,
            "recall": 0.8433161040671193,
            "f1-score": 0.8315799344587305,
            "support": 5887.0
        },
        "weighted avg": {
            "precision": 0.8592991688802744,
            "recall": 0.8335315101070154,
            "f1-score": 0.8259758611581652,
            "support": 5887.0
        }
    },
    "paths": {
        "best_model": "output/inception/fold_7/checkpoint_epoch_0.pth",
        "confusion_matrix": "output/inception/fold_7/plots/confusion_matrix.png",
        "roc_curves": "output/inception/fold_7/plots/roc_curves.png",
        "classification_report": "output/inception/fold_7/classification_report.json",
        "grad_cam_dir": "output/inception/fold_7/grad_cam"
    }
}