{
    "air_conditioner": {
        "precision": 0.04216867469879518,
        "recall": 0.015590200445434299,
        "f1-score": 0.022764227642276424,
        "support": 449.0
    },
    "ambulance": {
        "precision": 0.8488612836438924,
        "recall": 0.9131403118040089,
        "f1-score": 0.8798283261802575,
        "support": 449.0
    },
    "car_horn": {
        "precision": 0.8442622950819673,
        "recall": 0.8583333333333333,
        "f1-score": 0.8512396694214877,
        "support": 360.0
    },
    "children_playing": {
        "precision": 0.669047619047619,
        "recall": 0.6258351893095768,
        "f1-score": 0.6467203682393556,
        "support": 449.0
    },
    "dog_bark": {
        "precision": 0.6254480286738351,
        "recall": 0.77728285077951,
        "f1-score": 0.6931479642502483,
        "support": 449.0
    },
    "drilling": {
        "precision": 0.44075829383886256,
        "recall": 0.621380846325167,
        "f1-score": 0.5157116451016636,
        "support": 449.0
    },
    "engine_idling": {
        "precision": 0.336734693877551,
        "recall": 0.44097995545657015,
        "f1-score": 0.381870781099325,
        "support": 449.0
    },
    "firetruck": {
        "precision": 0.8886509635974305,
        "recall": 0.9242761692650334,
        "f1-score": 0.9061135371179039,
        "support": 449.0
    },
    "gun_shot": {
        "precision": 0.8200455580865603,
        "recall": 1.0,
        "f1-score": 0.9011264080100125,
        "support": 360.0
    },
    "jackhammer": {
        "precision": 0.4713656387665198,
        "recall": 0.2383073496659243,
        "f1-score": 0.3165680473372781,
        "support": 449.0
    },
    "police": {
        "precision": 0.9601873536299765,
        "recall": 0.9131403118040089,
        "f1-score": 0.9360730593607306,
        "support": 449.0
    },
    "street_music": {
        "precision": 0.611904761904762,
        "recall": 0.5723830734966593,
        "f1-score": 0.5914844649021864,
        "support": 449.0
    },
    "traffic": {
        "precision": 0.9548387096774194,
        "recall": 0.9888641425389755,
        "f1-score": 0.9715536105032823,
        "support": 449.0
    },
    "accuracy": 0.6760911821876656,
    "macro avg": {
        "precision": 0.6549441441942455,
        "recall": 0.6838087487864771,
        "f1-score": 0.6626309314743083,
        "support": 5659.0
    },
    "weighted avg": {
        "precision": 0.6493701308941178,
        "recall": 0.6760911821876656,
        "f1-score": 0.655913795038723,
        "support": 5659.0
    }
}