{
    "air_conditioner": {
        "precision": 0.553921568627451,
        "recall": 0.2516703786191537,
        "f1-score": 0.3460949464012251,
        "support": 449.0
    },
    "ambulance": {
        "precision": 0.9345991561181435,
        "recall": 0.9866369710467706,
        "f1-score": 0.9599133261105092,
        "support": 449.0
    },
    "car_horn": {
        "precision": 0.7855670103092783,
        "recall": 0.8485523385300668,
        "f1-score": 0.815845824411135,
        "support": 449.0
    },
    "children_playing": {
        "precision": 0.8528225806451613,
        "recall": 0.9420935412026726,
        "f1-score": 0.8952380952380953,
        "support": 449.0
    },
    "dog_bark": {
        "precision": 0.8476190476190476,
        "recall": 0.9910913140311804,
        "f1-score": 0.9137577002053389,
        "support": 449.0
    },
    "drilling": {
        "precision": 0.8434579439252337,
        "recall": 0.8040089086859689,
        "f1-score": 0.8232611174458381,
        "support": 449.0
    },
    "engine_idling": {
        "precision": 0.3790446841294299,
        "recall": 0.5478841870824054,
        "f1-score": 0.44808743169398907,
        "support": 449.0
    },
    "firetruck": {
        "precision": 0.9813953488372092,
        "recall": 0.9398663697104677,
        "f1-score": 0.9601820250284414,
        "support": 449.0
    },
    "gun_shot": {
        "precision": 0.9645390070921985,
        "recall": 0.9714285714285714,
        "f1-score": 0.9679715302491103,
        "support": 420.0
    },
    "jackhammer": {
        "precision": 0.6912442396313364,
        "recall": 0.33407572383073497,
        "f1-score": 0.45045045045045046,
        "support": 449.0
    },
    "police": {
        "precision": 0.9841269841269841,
        "recall": 0.9665924276169265,
        "f1-score": 0.9752808988764045,
        "support": 449.0
    },
    "street_music": {
        "precision": 0.7444253859348199,
        "recall": 0.9665924276169265,
        "f1-score": 0.8410852713178295,
        "support": 449.0
    },
    "traffic": {
        "precision": 0.9911699779249448,
        "recall": 1.0,
        "f1-score": 0.9955654101995566,
        "support": 449.0
    },
    "accuracy": 0.8107782369146006,
    "macro avg": {
        "precision": 0.8118409949939411,
        "recall": 0.8115763968770652,
        "f1-score": 0.7994410790483019,
        "support": 5808.0
    },
    "weighted avg": {
        "precision": 0.8110785565726518,
        "recall": 0.8107782369146006,
        "f1-score": 0.7985995874703363,
        "support": 5808.0
    }
}