{
    "fold": 7,
    "best_epoch": 2,
    "train_loss": 0.016267185817586148,
    "val_loss": 0.966195603841737,
    "test_loss": 0.9328545432945248,
    "train_accuracy": 99.59527313652498,
    "val_accuracy": 80.09267204393342,
    "test_accuracy": 82.45286223883133,
    "classification_report": {
        "air_conditioner": {
            "precision": 0.40625,
            "recall": 0.6948775055679287,
            "f1-score": 0.5127362366474938,
            "support": 449.0
        },
        "ambulance": {
            "precision": 0.8693957115009746,
            "recall": 0.9933184855233853,
            "f1-score": 0.9272349272349273,
            "support": 449.0
        },
        "car_horn": {
            "precision": 0.974025974025974,
            "recall": 0.8928571428571429,
            "f1-score": 0.9316770186335404,
            "support": 336.0
        },
        "children_playing": {
            "precision": 0.8611764705882353,
            "recall": 0.8151447661469933,
            "f1-score": 0.8375286041189931,
            "support": 449.0
        },
        "dog_bark": {
            "precision": 0.9672131147540983,
            "recall": 0.9198218262806236,
            "f1-score": 0.9429223744292238,
            "support": 449.0
        },
        "drilling": {
            "precision": 0.7145877378435518,
            "recall": 0.7527839643652561,
            "f1-score": 0.7331887201735358,
            "support": 449.0
        },
        "engine_idling": {
            "precision": 0.6727272727272727,
            "recall": 0.7416481069042317,
            "f1-score": 0.7055084745762712,
            "support": 449.0
        },
        "firetruck": {
            "precision": 1.0,
            "recall": 0.9799554565701559,
            "f1-score": 0.9898762654668166,
            "support": 449.0
        },
        "gun_shot": {
            "precision": 1.0,
            "recall": 0.9918300653594772,
            "f1-score": 0.9958982772764561,
            "support": 612.0
        },
        "jackhammer": {
            "precision": 0.5619047619047619,
            "recall": 0.13140311804008908,
            "f1-score": 0.21299638989169675,
            "support": 449.0
        },
        "police": {
            "precision": 0.9905437352245863,
            "recall": 0.933184855233853,
            "f1-score": 0.9610091743119266,
            "support": 449.0
        },
        "street_music": {
            "precision": 0.8197802197802198,
            "recall": 0.8307349665924276,
            "f1-score": 0.8252212389380531,
            "support": 449.0
        },
        "traffic": {
            "precision": 1.0,
            "recall": 0.9977728285077951,
            "f1-score": 0.9988851727982163,
            "support": 449.0
        },
        "accuracy": 0.8245286223883133,
        "macro avg": {
            "precision": 0.8336619229499751,
            "recall": 0.821179468303797,
            "f1-score": 0.8134371441920886,
            "support": 5887.0
        },
        "weighted avg": {
            "precision": 0.8355732476973107,
            "recall": 0.8245286223883133,
            "f1-score": 0.8162195560964316,
            "support": 5887.0
        }
    },
    "paths": {
        "best_model": "output/inception/fold_7/checkpoint_epoch_2.pth",
        "confusion_matrix": "output/inception/fold_7/plots/confusion_matrix.png",
        "roc_curves": "output/inception/fold_7/plots/roc_curves.png",
        "classification_report": "output/inception/fold_7/classification_report.json",
        "grad_cam_dir": "output/inception/fold_7/grad_cam"
    }
}