{
    "air_conditioner": {
        "precision": 0.2764423076923077,
        "recall": 0.512249443207127,
        "f1-score": 0.3590944574551132,
        "support": 449.0
    },
    "ambulance": {
        "precision": 0.6871165644171779,
        "recall": 0.9977728285077951,
        "f1-score": 0.8138056312443234,
        "support": 449.0
    },
    "car_horn": {
        "precision": 0.8421052631578947,
        "recall": 0.47619047619047616,
        "f1-score": 0.6083650190114068,
        "support": 336.0
    },
    "children_playing": {
        "precision": 0.7411273486430062,
        "recall": 0.7906458797327395,
        "f1-score": 0.7650862068965517,
        "support": 449.0
    },
    "dog_bark": {
        "precision": 0.956,
        "recall": 0.532293986636971,
        "f1-score": 0.6838340486409156,
        "support": 449.0
    },
    "drilling": {
        "precision": 0.9352226720647774,
        "recall": 0.5144766146993318,
        "f1-score": 0.6637931034482759,
        "support": 449.0
    },
    "engine_idling": {
        "precision": 0.35522388059701493,
        "recall": 0.5300668151447662,
        "f1-score": 0.4253798033958892,
        "support": 449.0
    },
    "firetruck": {
        "precision": 0.9627507163323782,
        "recall": 0.7483296213808464,
        "f1-score": 0.8421052631578947,
        "support": 449.0
    },
    "gun_shot": {
        "precision": 0.7666666666666667,
        "recall": 1.0,
        "f1-score": 0.8679245283018868,
        "support": 552.0
    },
    "jackhammer": {
        "precision": 0.7865168539325843,
        "recall": 0.155902004454343,
        "f1-score": 0.26022304832713755,
        "support": 449.0
    },
    "police": {
        "precision": 0.967391304347826,
        "recall": 0.7928730512249443,
        "f1-score": 0.8714810281517748,
        "support": 449.0
    },
    "street_music": {
        "precision": 0.6502732240437158,
        "recall": 0.7951002227171492,
        "f1-score": 0.7154308617234469,
        "support": 449.0
    },
    "traffic": {
        "precision": 0.9976851851851852,
        "recall": 0.9599109131403119,
        "f1-score": 0.978433598183882,
        "support": 449.0
    },
    "accuracy": 0.6869744293804703,
    "macro avg": {
        "precision": 0.7634247682369641,
        "recall": 0.6773701428489847,
        "f1-score": 0.6811505075337306,
        "support": 5827.0
    },
    "weighted avg": {
        "precision": 0.7619562629361565,
        "recall": 0.6869744293804703,
        "f1-score": 0.6858634789327598,
        "support": 5827.0
    }
}