{
    "air_conditioner": {
        "precision": 0.335149863760218,
        "recall": 0.2739420935412027,
        "f1-score": 0.3014705882352941,
        "support": 449.0
    },
    "ambulance": {
        "precision": 0.9840546697038725,
        "recall": 0.9621380846325167,
        "f1-score": 0.972972972972973,
        "support": 449.0
    },
    "car_horn": {
        "precision": 0.8919491525423728,
        "recall": 0.9745370370370371,
        "f1-score": 0.9314159292035398,
        "support": 432.0
    },
    "children_playing": {
        "precision": 0.6027667984189723,
        "recall": 0.6792873051224945,
        "f1-score": 0.6387434554973822,
        "support": 449.0
    },
    "dog_bark": {
        "precision": 0.7934362934362934,
        "recall": 0.9153674832962138,
        "f1-score": 0.8500517063081696,
        "support": 449.0
    },
    "drilling": {
        "precision": 0.8666666666666667,
        "recall": 0.579064587973274,
        "f1-score": 0.6942590120160214,
        "support": 449.0
    },
    "engine_idling": {
        "precision": 0.6835820895522388,
        "recall": 0.5100222717149221,
        "f1-score": 0.5841836734693877,
        "support": 449.0
    },
    "firetruck": {
        "precision": 0.9795918367346939,
        "recall": 0.9621380846325167,
        "f1-score": 0.9707865168539326,
        "support": 449.0
    },
    "gun_shot": {
        "precision": 0.8670886075949367,
        "recall": 0.9785714285714285,
        "f1-score": 0.9194630872483222,
        "support": 420.0
    },
    "jackhammer": {
        "precision": 0.7526315789473684,
        "recall": 0.3184855233853007,
        "f1-score": 0.4475743348982786,
        "support": 449.0
    },
    "police": {
        "precision": 0.9618834080717489,
        "recall": 0.955456570155902,
        "f1-score": 0.958659217877095,
        "support": 449.0
    },
    "street_music": {
        "precision": 0.42208588957055215,
        "recall": 0.7661469933184856,
        "f1-score": 0.5443037974683544,
        "support": 449.0
    },
    "traffic": {
        "precision": 0.9200819672131147,
        "recall": 1.0,
        "f1-score": 0.9583778014941302,
        "support": 449.0
    },
    "accuracy": 0.7579001899499223,
    "macro avg": {
        "precision": 0.7739206786317728,
        "recall": 0.7596274971831765,
        "f1-score": 0.7517124687340677,
        "support": 5791.0
    },
    "weighted avg": {
        "precision": 0.7731076318356389,
        "recall": 0.7579001899499223,
        "f1-score": 0.7503448764762723,
        "support": 5791.0
    }
}