{
    "air_conditioner": {
        "precision": 0.24481327800829875,
        "recall": 0.26280623608017817,
        "f1-score": 0.2534908700322234,
        "support": 449.0
    },
    "ambulance": {
        "precision": 0.8703241895261845,
        "recall": 0.77728285077951,
        "f1-score": 0.8211764705882353,
        "support": 449.0
    },
    "car_horn": {
        "precision": 0.7481751824817519,
        "recall": 0.6101190476190477,
        "f1-score": 0.6721311475409836,
        "support": 336.0
    },
    "children_playing": {
        "precision": 0.7170212765957447,
        "recall": 0.7505567928730512,
        "f1-score": 0.7334058759521219,
        "support": 449.0
    },
    "dog_bark": {
        "precision": 0.7667493796526055,
        "recall": 0.688195991091314,
        "f1-score": 0.7253521126760564,
        "support": 449.0
    },
    "drilling": {
        "precision": 0.7197640117994101,
        "recall": 0.5434298440979956,
        "f1-score": 0.6192893401015228,
        "support": 449.0
    },
    "engine_idling": {
        "precision": 0.35286783042394015,
        "recall": 0.6302895322939867,
        "f1-score": 0.4524380495603517,
        "support": 449.0
    },
    "firetruck": {
        "precision": 0.8084112149532711,
        "recall": 0.7706013363028953,
        "f1-score": 0.7890535917901939,
        "support": 449.0
    },
    "gun_shot": {
        "precision": 0.9334470989761092,
        "recall": 0.9909420289855072,
        "f1-score": 0.961335676625659,
        "support": 552.0
    },
    "jackhammer": {
        "precision": 0.5903614457831325,
        "recall": 0.2182628062360802,
        "f1-score": 0.31869918699186994,
        "support": 449.0
    },
    "police": {
        "precision": 0.7069271758436945,
        "recall": 0.8864142538975501,
        "f1-score": 0.7865612648221344,
        "support": 449.0
    },
    "street_music": {
        "precision": 0.6583333333333333,
        "recall": 0.7037861915367484,
        "f1-score": 0.6803013993541442,
        "support": 449.0
    },
    "traffic": {
        "precision": 0.9399538106235565,
        "recall": 0.9064587973273942,
        "f1-score": 0.9229024943310657,
        "support": 449.0
    },
    "accuracy": 0.6790801441565127,
    "macro avg": {
        "precision": 0.6967037867693103,
        "recall": 0.6722419776247122,
        "f1-score": 0.6720105754128125,
        "support": 5827.0
    },
    "weighted avg": {
        "precision": 0.6998903825204333,
        "recall": 0.6790801441565127,
        "f1-score": 0.6771224444319374,
        "support": 5827.0
    }
}