{
    "fold": 6,
    "best_epoch": 4,
    "train_loss": 0.0005613453316640325,
    "val_loss": 1.1576731138808105,
    "test_loss": 1.2155653452181983,
    "train_accuracy": 99.98269259892261,
    "val_accuracy": 79.89093387866394,
    "test_accuracy": 80.14415651278532,
    "classification_report": {
        "air_conditioner": {
            "precision": 0.45454545454545453,
            "recall": 0.48997772828507796,
            "f1-score": 0.4715969989281886,
            "support": 449.0
        },
        "ambulance": {
            "precision": 0.9180327868852459,
            "recall": 0.9977728285077951,
            "f1-score": 0.9562433297758804,
            "support": 449.0
        },
        "car_horn": {
            "precision": 0.9915254237288136,
            "recall": 0.6964285714285714,
            "f1-score": 0.8181818181818182,
            "support": 336.0
        },
        "children_playing": {
            "precision": 0.7485148514851485,
            "recall": 0.8418708240534521,
            "f1-score": 0.7924528301886793,
            "support": 449.0
        },
        "dog_bark": {
            "precision": 0.9023354564755839,
            "recall": 0.9465478841870824,
            "f1-score": 0.9239130434782609,
            "support": 449.0
        },
        "drilling": {
            "precision": 0.8525469168900804,
            "recall": 0.7082405345211581,
            "f1-score": 0.7737226277372263,
            "support": 449.0
        },
        "engine_idling": {
            "precision": 0.40052015604681407,
            "recall": 0.6859688195991092,
            "f1-score": 0.5057471264367817,
            "support": 449.0
        },
        "firetruck": {
            "precision": 0.9822616407982262,
            "recall": 0.9866369710467706,
            "f1-score": 0.9844444444444445,
            "support": 449.0
        },
        "gun_shot": {
            "precision": 0.9574468085106383,
            "recall": 0.9782608695652174,
            "f1-score": 0.967741935483871,
            "support": 552.0
        },
        "jackhammer": {
            "precision": 0.7272727272727273,
            "recall": 0.35634743875278396,
            "f1-score": 0.47832585949177875,
            "support": 449.0
        },
        "police": {
            "precision": 0.9928571428571429,
            "recall": 0.9287305122494433,
            "f1-score": 0.9597238204833142,
            "support": 449.0
        },
        "street_music": {
            "precision": 0.8369829683698297,
            "recall": 0.7661469933184856,
            "f1-score": 0.8,
            "support": 449.0
        },
        "traffic": {
            "precision": 1.0,
            "recall": 0.9688195991091314,
            "f1-score": 0.9841628959276018,
            "support": 449.0
        },
        "accuracy": 0.8014415651278531,
        "macro avg": {
            "precision": 0.8280647949127466,
            "recall": 0.7962884288172369,
            "f1-score": 0.8012505177352189,
            "support": 5827.0
        },
        "weighted avg": {
            "precision": 0.8271818871290443,
            "recall": 0.8014415651278531,
            "f1-score": 0.8038651357337852,
            "support": 5827.0
        }
    },
    "paths": {
        "best_model": "output/convnext/fold_6/checkpoint_epoch_4.pth",
        "confusion_matrix": "output/convnext/fold_6/plots/confusion_matrix.png",
        "roc_curves": "output/convnext/fold_6/plots/roc_curves.png",
        "classification_report": "output/convnext/fold_6/classification_report.json",
        "grad_cam_dir": "output/convnext/fold_6/grad_cam"
    }
}