{
    "fold": 6,
    "best_epoch": 4,
    "train_loss": 0.03174199638897901,
    "val_loss": 1.7831778715559778,
    "test_loss": 1.3107096296983964,
    "train_accuracy": 98.93775825887545,
    "val_accuracy": 76.44853442399454,
    "test_accuracy": 75.68216921228763,
    "classification_report": {
        "air_conditioner": {
            "precision": 0.4879032258064516,
            "recall": 0.8084632516703786,
            "f1-score": 0.6085498742665549,
            "support": 449.0
        },
        "ambulance": {
            "precision": 0.8963414634146342,
            "recall": 0.9821826280623608,
            "f1-score": 0.9373007438894793,
            "support": 449.0
        },
        "car_horn": {
            "precision": 0.8084291187739464,
            "recall": 0.6279761904761905,
            "f1-score": 0.7068676716917923,
            "support": 336.0
        },
        "children_playing": {
            "precision": 0.7359855334538878,
            "recall": 0.9064587973273942,
            "f1-score": 0.812375249500998,
            "support": 449.0
        },
        "dog_bark": {
            "precision": 0.7775377969762419,
            "recall": 0.8017817371937639,
            "f1-score": 0.7894736842105263,
            "support": 449.0
        },
        "drilling": {
            "precision": 0.6096385542168675,
            "recall": 0.5634743875278396,
            "f1-score": 0.5856481481481481,
            "support": 449.0
        },
        "engine_idling": {
            "precision": 0.39466666666666667,
            "recall": 0.32962138084632514,
            "f1-score": 0.3592233009708738,
            "support": 449.0
        },
        "firetruck": {
            "precision": 0.924892703862661,
            "recall": 0.9599109131403119,
            "f1-score": 0.9420765027322404,
            "support": 449.0
        },
        "gun_shot": {
            "precision": 0.965034965034965,
            "recall": 1.0,
            "f1-score": 0.9822064056939501,
            "support": 552.0
        },
        "jackhammer": {
            "precision": 0.2920962199312715,
            "recall": 0.18930957683741648,
            "f1-score": 0.22972972972972974,
            "support": 449.0
        },
        "police": {
            "precision": 0.9927184466019418,
            "recall": 0.910913140311804,
            "f1-score": 0.9500580720092915,
            "support": 449.0
        },
        "street_music": {
            "precision": 0.9631901840490797,
            "recall": 0.6993318485523385,
            "f1-score": 0.8103225806451613,
            "support": 449.0
        },
        "traffic": {
            "precision": 0.9540481400437637,
            "recall": 0.9710467706013363,
            "f1-score": 0.9624724061810155,
            "support": 449.0
        },
        "accuracy": 0.7568216921228763,
        "macro avg": {
            "precision": 0.7540371552947983,
            "recall": 0.7500362017344201,
            "f1-score": 0.7443311053592124,
            "support": 5827.0
        },
        "weighted avg": {
            "precision": 0.7567120278759024,
            "recall": 0.7568216921228763,
            "f1-score": 0.7492623777015665,
            "support": 5827.0
        }
    },
    "paths": {
        "best_model": "output/resnet18/fold_6/checkpoint_epoch_4.pth",
        "confusion_matrix": "output/resnet18/fold_6/plots/confusion_matrix.png",
        "roc_curves": "output/resnet18/fold_6/plots/roc_curves.png",
        "classification_report": "output/resnet18/fold_6/classification_report.json",
        "grad_cam_dir": "output/resnet18/fold_6/grad_cam"
    }
}