{
    "air_conditioner": {
        "precision": 0.8974358974358975,
        "recall": 0.46770601336302897,
        "f1-score": 0.6149341142020498,
        "support": 449.0
    },
    "ambulance": {
        "precision": 0.9419354838709677,
        "recall": 0.9755011135857461,
        "f1-score": 0.9584245076586433,
        "support": 449.0
    },
    "car_horn": {
        "precision": 0.948936170212766,
        "recall": 0.9933184855233853,
        "f1-score": 0.970620239390642,
        "support": 449.0
    },
    "children_playing": {
        "precision": 0.7463768115942029,
        "recall": 0.45879732739420936,
        "f1-score": 0.5682758620689655,
        "support": 449.0
    },
    "dog_bark": {
        "precision": 0.5984962406015037,
        "recall": 0.8864142538975501,
        "f1-score": 0.7145421903052065,
        "support": 449.0
    },
    "drilling": {
        "precision": 0.6807228915662651,
        "recall": 0.755011135857461,
        "f1-score": 0.7159450897571278,
        "support": 449.0
    },
    "engine_idling": {
        "precision": 0.7676056338028169,
        "recall": 0.9710467706013363,
        "f1-score": 0.8574237954768928,
        "support": 449.0
    },
    "firetruck": {
        "precision": 0.9751693002257337,
        "recall": 0.9621380846325167,
        "f1-score": 0.968609865470852,
        "support": 449.0
    },
    "gun_shot": {
        "precision": 0.9869281045751634,
        "recall": 0.993421052631579,
        "f1-score": 0.9901639344262295,
        "support": 456.0
    },
    "jackhammer": {
        "precision": 0.9907692307692307,
        "recall": 0.7171492204899778,
        "f1-score": 0.8320413436692506,
        "support": 449.0
    },
    "police": {
        "precision": 0.9953488372093023,
        "recall": 0.9532293986636972,
        "f1-score": 0.9738339021615472,
        "support": 449.0
    },
    "street_music": {
        "precision": 0.6836363636363636,
        "recall": 0.8374164810690423,
        "f1-score": 0.7527527527527528,
        "support": 449.0
    },
    "traffic": {
        "precision": 0.9718004338394793,
        "recall": 0.9977728285077951,
        "f1-score": 0.9846153846153847,
        "support": 449.0
    },
    "accuracy": 0.8439425051334702,
    "macro avg": {
        "precision": 0.8603970307184381,
        "recall": 0.8437632435551788,
        "f1-score": 0.8386294601504266,
        "support": 5844.0
    },
    "weighted avg": {
        "precision": 0.860548590868506,
        "recall": 0.8439425051334702,
        "f1-score": 0.8388109696165337,
        "support": 5844.0
    }
}