{
    "fold": 7,
    "best_epoch": 0,
    "train_loss": 0.9190633086038759,
    "val_loss": 0.6801519098959904,
    "test_loss": 1.0258222602525442,
    "train_accuracy": 66.54185784780539,
    "val_accuracy": 76.31714432812768,
    "test_accuracy": 68.03125530830644,
    "classification_report": {
        "air_conditioner": {
            "precision": 0.367595818815331,
            "recall": 0.46993318485523383,
            "f1-score": 0.4125122189638319,
            "support": 449.0
        },
        "ambulance": {
            "precision": 0.8723404255319149,
            "recall": 0.9131403118040089,
            "f1-score": 0.8922742110990207,
            "support": 449.0
        },
        "car_horn": {
            "precision": 0.6743119266055045,
            "recall": 0.875,
            "f1-score": 0.7616580310880829,
            "support": 336.0
        },
        "children_playing": {
            "precision": 0.8372093023255814,
            "recall": 0.40089086859688194,
            "f1-score": 0.5421686746987951,
            "support": 449.0
        },
        "dog_bark": {
            "precision": 0.6164817749603804,
            "recall": 0.8663697104677061,
            "f1-score": 0.7203703703703703,
            "support": 449.0
        },
        "drilling": {
            "precision": 0.5742574257425742,
            "recall": 0.6458797327394209,
            "f1-score": 0.6079664570230608,
            "support": 449.0
        },
        "engine_idling": {
            "precision": 0.43034825870646765,
            "recall": 0.38530066815144765,
            "f1-score": 0.40658049353701525,
            "support": 449.0
        },
        "firetruck": {
            "precision": 0.9319727891156463,
            "recall": 0.9153674832962138,
            "f1-score": 0.9235955056179775,
            "support": 449.0
        },
        "gun_shot": {
            "precision": 1.0,
            "recall": 0.5049019607843137,
            "f1-score": 0.6710097719869706,
            "support": 612.0
        },
        "jackhammer": {
            "precision": 0.34278959810874704,
            "recall": 0.32293986636971045,
            "f1-score": 0.33256880733944955,
            "support": 449.0
        },
        "police": {
            "precision": 0.9660194174757282,
            "recall": 0.8864142538975501,
            "f1-score": 0.924506387921022,
            "support": 449.0
        },
        "street_music": {
            "precision": 0.5752066115702479,
            "recall": 0.7750556792873051,
            "f1-score": 0.6603415559772297,
            "support": 449.0
        },
        "traffic": {
            "precision": 0.9633620689655172,
            "recall": 0.9955456570155902,
            "f1-score": 0.9791894852135816,
            "support": 449.0
        },
        "accuracy": 0.6803125530830644,
        "macro avg": {
            "precision": 0.7039919552248954,
            "recall": 0.6889799520973371,
            "f1-score": 0.6795955362181852,
            "support": 5887.0
        },
        "weighted avg": {
            "precision": 0.7127575666623565,
            "recall": 0.6803125530830644,
            "f1-score": 0.6777826363557788,
            "support": 5887.0
        }
    },
    "paths": {
        "best_model": "output/alexnet/fold_7/checkpoint_epoch_0.pth",
        "confusion_matrix": "output/alexnet/fold_7/plots/confusion_matrix.png",
        "roc_curves": "output/alexnet/fold_7/plots/roc_curves.png",
        "classification_report": "output/alexnet/fold_7/classification_report.json",
        "grad_cam_dir": "output/alexnet/fold_7/grad_cam"
    }
}