{
    "air_conditioner": {
        "precision": 0.8558758314855875,
        "recall": 0.8596881959910914,
        "f1-score": 0.8577777777777778,
        "support": 449.0
    },
    "ambulance": {
        "precision": 0.9311064718162839,
        "recall": 0.9933184855233853,
        "f1-score": 0.9612068965517241,
        "support": 449.0
    },
    "car_horn": {
        "precision": 0.9243243243243243,
        "recall": 0.4318181818181818,
        "f1-score": 0.5886402753872634,
        "support": 396.0
    },
    "children_playing": {
        "precision": 0.6442141623488774,
        "recall": 0.8307349665924276,
        "f1-score": 0.72568093385214,
        "support": 449.0
    },
    "dog_bark": {
        "precision": 0.9036827195467422,
        "recall": 0.7104677060133631,
        "f1-score": 0.7955112219451371,
        "support": 449.0
    },
    "drilling": {
        "precision": 0.847926267281106,
        "recall": 0.8195991091314031,
        "f1-score": 0.8335220838052095,
        "support": 449.0
    },
    "engine_idling": {
        "precision": 0.8722826086956522,
        "recall": 0.7149220489977728,
        "f1-score": 0.7858017135862914,
        "support": 449.0
    },
    "firetruck": {
        "precision": 0.8825910931174089,
        "recall": 0.9710467706013363,
        "f1-score": 0.9247083775185578,
        "support": 449.0
    },
    "gun_shot": {
        "precision": 1.0,
        "recall": 0.9869791666666666,
        "f1-score": 0.9934469200524246,
        "support": 384.0
    },
    "jackhammer": {
        "precision": 0.8660508083140878,
        "recall": 0.8351893095768375,
        "f1-score": 0.8503401360544217,
        "support": 449.0
    },
    "police": {
        "precision": 0.9951338199513382,
        "recall": 0.910913140311804,
        "f1-score": 0.9511627906976744,
        "support": 449.0
    },
    "street_music": {
        "precision": 0.5170454545454546,
        "recall": 0.8106904231625836,
        "f1-score": 0.6313963573287077,
        "support": 449.0
    },
    "traffic": {
        "precision": 0.9866369710467706,
        "recall": 0.9866369710467706,
        "f1-score": 0.9866369710467706,
        "support": 449.0
    },
    "accuracy": 0.8375590138136038,
    "macro avg": {
        "precision": 0.8636054255748948,
        "recall": 0.8355388058025864,
        "f1-score": 0.8373717273541617,
        "support": 5719.0
    },
    "weighted avg": {
        "precision": 0.8614925126580648,
        "recall": 0.8375590138136038,
        "f1-score": 0.837902918021911,
        "support": 5719.0
    }
}