{
    "air_conditioner": {
        "precision": 0.7002141327623126,
        "recall": 0.7282850779510023,
        "f1-score": 0.7139737991266376,
        "support": 449.0
    },
    "ambulance": {
        "precision": 0.9775280898876404,
        "recall": 0.9688195991091314,
        "f1-score": 0.9731543624161074,
        "support": 449.0
    },
    "car_horn": {
        "precision": 0.918200408997955,
        "recall": 1.0,
        "f1-score": 0.9573560767590619,
        "support": 449.0
    },
    "children_playing": {
        "precision": 0.9464788732394366,
        "recall": 0.7483296213808464,
        "f1-score": 0.835820895522388,
        "support": 449.0
    },
    "dog_bark": {
        "precision": 0.8126195028680688,
        "recall": 0.9465478841870824,
        "f1-score": 0.8744855967078189,
        "support": 449.0
    },
    "drilling": {
        "precision": 0.5924170616113744,
        "recall": 0.8351893095768375,
        "f1-score": 0.6931608133086876,
        "support": 449.0
    },
    "engine_idling": {
        "precision": 0.851063829787234,
        "recall": 0.7126948775055679,
        "f1-score": 0.7757575757575758,
        "support": 449.0
    },
    "firetruck": {
        "precision": 0.997624703087886,
        "recall": 0.9354120267260579,
        "f1-score": 0.9655172413793104,
        "support": 449.0
    },
    "gun_shot": {
        "precision": 0.9318181818181818,
        "recall": 0.9890350877192983,
        "f1-score": 0.9595744680851064,
        "support": 456.0
    },
    "jackhammer": {
        "precision": 0.9004329004329005,
        "recall": 0.46325167037861914,
        "f1-score": 0.611764705882353,
        "support": 449.0
    },
    "police": {
        "precision": 0.9530916844349681,
        "recall": 0.9955456570155902,
        "f1-score": 0.9738562091503268,
        "support": 449.0
    },
    "street_music": {
        "precision": 0.9159663865546218,
        "recall": 0.9710467706013363,
        "f1-score": 0.9427027027027027,
        "support": 449.0
    },
    "traffic": {
        "precision": 0.9347368421052632,
        "recall": 0.9888641425389755,
        "f1-score": 0.961038961038961,
        "support": 449.0
    },
    "accuracy": 0.8680698151950719,
    "macro avg": {
        "precision": 0.8793994305836802,
        "recall": 0.8679247480531036,
        "f1-score": 0.8644741082951567,
        "support": 5844.0
    },
    "weighted avg": {
        "precision": 0.8794622182733862,
        "recall": 0.8680698151950719,
        "f1-score": 0.8645880204304288,
        "support": 5844.0
    }
}