{
    "air_conditioner": {
        "precision": 0.7661870503597122,
        "recall": 0.47438752783964366,
        "f1-score": 0.5859697386519945,
        "support": 449.0
    },
    "ambulance": {
        "precision": 0.8959660297239915,
        "recall": 0.9398663697104677,
        "f1-score": 0.9173913043478261,
        "support": 449.0
    },
    "car_horn": {
        "precision": 0.8111455108359134,
        "recall": 0.6616161616161617,
        "f1-score": 0.7287899860917941,
        "support": 396.0
    },
    "children_playing": {
        "precision": 0.49093904448105435,
        "recall": 0.6636971046770601,
        "f1-score": 0.5643939393939394,
        "support": 449.0
    },
    "dog_bark": {
        "precision": 0.7070707070707071,
        "recall": 0.623608017817372,
        "f1-score": 0.6627218934911243,
        "support": 449.0
    },
    "drilling": {
        "precision": 0.4041916167664671,
        "recall": 0.6013363028953229,
        "f1-score": 0.4834377797672337,
        "support": 449.0
    },
    "engine_idling": {
        "precision": 0.478584729981378,
        "recall": 0.5723830734966593,
        "f1-score": 0.5212981744421906,
        "support": 449.0
    },
    "firetruck": {
        "precision": 0.9523809523809523,
        "recall": 0.9354120267260579,
        "f1-score": 0.9438202247191011,
        "support": 449.0
    },
    "gun_shot": {
        "precision": 0.9888579387186629,
        "recall": 0.9244791666666666,
        "f1-score": 0.955585464333782,
        "support": 384.0
    },
    "jackhammer": {
        "precision": 0.16030534351145037,
        "recall": 0.0467706013363029,
        "f1-score": 0.07241379310344828,
        "support": 449.0
    },
    "police": {
        "precision": 0.9449760765550239,
        "recall": 0.8797327394209354,
        "f1-score": 0.9111880046136102,
        "support": 449.0
    },
    "street_music": {
        "precision": 0.5218150087260035,
        "recall": 0.6659242761692651,
        "f1-score": 0.5851272015655578,
        "support": 449.0
    },
    "traffic": {
        "precision": 0.8684719535783365,
        "recall": 1.0,
        "f1-score": 0.9296066252587992,
        "support": 449.0
    },
    "accuracy": 0.6891064871481029,
    "macro avg": {
        "precision": 0.6916070740530503,
        "recall": 0.6914779514132243,
        "f1-score": 0.6816726253677232,
        "support": 5719.0
    },
    "weighted avg": {
        "precision": 0.6871208276196253,
        "recall": 0.6891064871481029,
        "f1-score": 0.6781227819246091,
        "support": 5719.0
    }
}