{
    "air_conditioner": {
        "precision": 0.9337748344370861,
        "recall": 0.31403118040089084,
        "f1-score": 0.47,
        "support": 449.0
    },
    "ambulance": {
        "precision": 0.9458874458874459,
        "recall": 0.9732739420935412,
        "f1-score": 0.9593852908891328,
        "support": 449.0
    },
    "car_horn": {
        "precision": 0.9692307692307692,
        "recall": 0.5833333333333334,
        "f1-score": 0.7283236994219653,
        "support": 432.0
    },
    "children_playing": {
        "precision": 0.9522673031026253,
        "recall": 0.888641425389755,
        "f1-score": 0.9193548387096774,
        "support": 449.0
    },
    "dog_bark": {
        "precision": 0.6178343949044586,
        "recall": 0.8641425389755011,
        "f1-score": 0.7205199628597957,
        "support": 449.0
    },
    "drilling": {
        "precision": 0.6603053435114504,
        "recall": 0.7706013363028953,
        "f1-score": 0.71120246659815,
        "support": 449.0
    },
    "engine_idling": {
        "precision": 0.8082595870206489,
        "recall": 0.6102449888641426,
        "f1-score": 0.6954314720812182,
        "support": 449.0
    },
    "firetruck": {
        "precision": 0.9814814814814815,
        "recall": 0.9443207126948775,
        "f1-score": 0.9625425652667423,
        "support": 449.0
    },
    "gun_shot": {
        "precision": 0.8154158215010142,
        "recall": 0.9571428571428572,
        "f1-score": 0.8806133625410734,
        "support": 420.0
    },
    "jackhammer": {
        "precision": 0.6060606060606061,
        "recall": 0.8463251670378619,
        "f1-score": 0.7063197026022305,
        "support": 449.0
    },
    "police": {
        "precision": 0.9841986455981941,
        "recall": 0.9710467706013363,
        "f1-score": 0.9775784753363229,
        "support": 449.0
    },
    "street_music": {
        "precision": 0.7140221402214022,
        "recall": 0.8619153674832962,
        "f1-score": 0.781029263370333,
        "support": 449.0
    },
    "traffic": {
        "precision": 0.940552016985138,
        "recall": 0.9866369710467706,
        "f1-score": 0.9630434782608696,
        "support": 449.0
    },
    "accuracy": 0.8131583491624935,
    "macro avg": {
        "precision": 0.8407146453801785,
        "recall": 0.8132043531820815,
        "f1-score": 0.8057957367644241,
        "support": 5791.0
    },
    "weighted avg": {
        "precision": 0.8404640654780954,
        "recall": 0.8131583491624935,
        "f1-score": 0.8056484933673075,
        "support": 5791.0
    }
}