{
    "air_conditioner": {
        "precision": 0.7066326530612245,
        "recall": 0.6169265033407573,
        "f1-score": 0.6587395957193817,
        "support": 449.0
    },
    "ambulance": {
        "precision": 0.9642058165548099,
        "recall": 0.9599109131403119,
        "f1-score": 0.9620535714285714,
        "support": 449.0
    },
    "car_horn": {
        "precision": 0.8685015290519877,
        "recall": 0.7171717171717171,
        "f1-score": 0.7856154910096819,
        "support": 396.0
    },
    "children_playing": {
        "precision": 0.574468085106383,
        "recall": 0.5412026726057907,
        "f1-score": 0.5573394495412844,
        "support": 449.0
    },
    "dog_bark": {
        "precision": 0.7351694915254238,
        "recall": 0.7728285077951003,
        "f1-score": 0.753528773072747,
        "support": 449.0
    },
    "drilling": {
        "precision": 0.6407982261640798,
        "recall": 0.643652561247216,
        "f1-score": 0.6422222222222222,
        "support": 449.0
    },
    "engine_idling": {
        "precision": 0.603448275862069,
        "recall": 0.5456570155902004,
        "f1-score": 0.5730994152046783,
        "support": 449.0
    },
    "firetruck": {
        "precision": 0.8638211382113821,
        "recall": 0.9465478841870824,
        "f1-score": 0.9032943676939427,
        "support": 449.0
    },
    "gun_shot": {
        "precision": 0.9172749391727494,
        "recall": 0.9817708333333334,
        "f1-score": 0.9484276729559749,
        "support": 384.0
    },
    "jackhammer": {
        "precision": 0.7,
        "recall": 0.5924276169265034,
        "f1-score": 0.6417370325693607,
        "support": 449.0
    },
    "police": {
        "precision": 0.9235668789808917,
        "recall": 0.9688195991091314,
        "f1-score": 0.9456521739130435,
        "support": 449.0
    },
    "street_music": {
        "precision": 0.5215146299483648,
        "recall": 0.6748329621380846,
        "f1-score": 0.5883495145631068,
        "support": 449.0
    },
    "traffic": {
        "precision": 0.9420600858369099,
        "recall": 0.977728285077951,
        "f1-score": 0.9595628415300547,
        "support": 449.0
    },
    "accuracy": 0.762545899632803,
    "macro avg": {
        "precision": 0.766266288421252,
        "recall": 0.7645751593587062,
        "f1-score": 0.7630478554941575,
        "support": 5719.0
    },
    "weighted avg": {
        "precision": 0.7636025307621724,
        "recall": 0.762545899632803,
        "f1-score": 0.7607317560331783,
        "support": 5719.0
    }
}