{
    "air_conditioner": {
        "precision": 0.6891891891891891,
        "recall": 0.11358574610244988,
        "f1-score": 0.1950286806883365,
        "support": 449.0
    },
    "ambulance": {
        "precision": 0.9755555555555555,
        "recall": 0.977728285077951,
        "f1-score": 0.9766407119021134,
        "support": 449.0
    },
    "car_horn": {
        "precision": 0.7594254937163375,
        "recall": 0.9420935412026726,
        "f1-score": 0.8409542743538767,
        "support": 449.0
    },
    "children_playing": {
        "precision": 0.8225419664268585,
        "recall": 0.7639198218262806,
        "f1-score": 0.792147806004619,
        "support": 449.0
    },
    "dog_bark": {
        "precision": 0.6117274167987322,
        "recall": 0.8596881959910914,
        "f1-score": 0.7148148148148148,
        "support": 449.0
    },
    "drilling": {
        "precision": 0.6184012066365008,
        "recall": 0.9131403118040089,
        "f1-score": 0.737410071942446,
        "support": 449.0
    },
    "engine_idling": {
        "precision": 0.5757978723404256,
        "recall": 0.9643652561247216,
        "f1-score": 0.7210657785179018,
        "support": 449.0
    },
    "firetruck": {
        "precision": 0.9661399548532731,
        "recall": 0.9532293986636972,
        "f1-score": 0.9596412556053812,
        "support": 449.0
    },
    "gun_shot": {
        "precision": 0.9977678571428571,
        "recall": 0.9802631578947368,
        "f1-score": 0.9889380530973452,
        "support": 456.0
    },
    "jackhammer": {
        "precision": 0.8756476683937824,
        "recall": 0.37639198218262804,
        "f1-score": 0.5264797507788161,
        "support": 449.0
    },
    "police": {
        "precision": 0.9692307692307692,
        "recall": 0.9821826280623608,
        "f1-score": 0.9756637168141593,
        "support": 449.0
    },
    "street_music": {
        "precision": 0.9281609195402298,
        "recall": 0.7193763919821826,
        "f1-score": 0.8105395232120451,
        "support": 449.0
    },
    "traffic": {
        "precision": 0.9733656174334141,
        "recall": 0.8953229398663697,
        "f1-score": 0.9327146171693735,
        "support": 449.0
    },
    "accuracy": 0.803388090349076,
    "macro avg": {
        "precision": 0.8279193451736865,
        "recall": 0.8031759735985501,
        "f1-score": 0.7824645426847099,
        "support": 5844.0
    },
    "weighted avg": {
        "precision": 0.8281227913721437,
        "recall": 0.803388090349076,
        "f1-score": 0.7827118586622747,
        "support": 5844.0
    }
}