{
    "fold": 5,
    "best_epoch": 0,
    "train_loss": 0.18618238831088565,
    "val_loss": 0.6223011017182611,
    "test_loss": 0.5866638542725211,
    "train_accuracy": 94.2821278621824,
    "val_accuracy": 83.36755646817248,
    "test_accuracy": 83.86162235855487,
    "classification_report": {
        "air_conditioner": {
            "precision": 0.842,
            "recall": 0.9376391982182628,
            "f1-score": 0.8872497365648051,
            "support": 449.0
        },
        "ambulance": {
            "precision": 0.9225941422594143,
            "recall": 0.9821826280623608,
            "f1-score": 0.9514563106796117,
            "support": 449.0
        },
        "car_horn": {
            "precision": 0.8154761904761905,
            "recall": 0.3051224944320713,
            "f1-score": 0.44408427876823336,
            "support": 449.0
        },
        "children_playing": {
            "precision": 0.7954110898661568,
            "recall": 0.9265033407572383,
            "f1-score": 0.8559670781893004,
            "support": 449.0
        },
        "dog_bark": {
            "precision": 0.9323308270676691,
            "recall": 0.8285077951002228,
            "f1-score": 0.8773584905660378,
            "support": 449.0
        },
        "drilling": {
            "precision": 0.955607476635514,
            "recall": 0.910913140311804,
            "f1-score": 0.9327251995438997,
            "support": 449.0
        },
        "engine_idling": {
            "precision": 0.864321608040201,
            "recall": 0.3830734966592428,
            "f1-score": 0.5308641975308642,
            "support": 449.0
        },
        "firetruck": {
            "precision": 0.9708520179372198,
            "recall": 0.9643652561247216,
            "f1-score": 0.9675977653631285,
            "support": 449.0
        },
        "gun_shot": {
            "precision": 0.96579476861167,
            "recall": 1.0,
            "f1-score": 0.9825997952917093,
            "support": 480.0
        },
        "jackhammer": {
            "precision": 0.6681887366818874,
            "recall": 0.977728285077951,
            "f1-score": 0.7938517179023508,
            "support": 449.0
        },
        "police": {
            "precision": 1.0,
            "recall": 0.9198218262806236,
            "f1-score": 0.9582366589327146,
            "support": 449.0
        },
        "street_music": {
            "precision": 0.49926578560939794,
            "recall": 0.7572383073496659,
            "f1-score": 0.6017699115044248,
            "support": 449.0
        },
        "traffic": {
            "precision": 0.9352818371607515,
            "recall": 0.9977728285077951,
            "f1-score": 0.9655172413793104,
            "support": 449.0
        },
        "accuracy": 0.8386162235855488,
        "macro avg": {
            "precision": 0.8590095754112362,
            "recall": 0.8377591228370739,
            "f1-score": 0.8268675678627991,
            "support": 5868.0
        },
        "weighted avg": {
            "precision": 0.8595737098674758,
            "recall": 0.8386162235855488,
            "f1-score": 0.8276902841290393,
            "support": 5868.0
        }
    },
    "paths": {
        "best_model": "output/mobilenet/fold_5/checkpoint_epoch_0.pth",
        "confusion_matrix": "output/mobilenet/fold_5/plots/confusion_matrix.png",
        "roc_curves": "output/mobilenet/fold_5/plots/roc_curves.png",
        "classification_report": "output/mobilenet/fold_5/classification_report.json",
        "grad_cam_dir": "output/mobilenet/fold_5/grad_cam"
    }
}