{
    "air_conditioner": {
        "precision": 0.40040650406504064,
        "recall": 0.43875278396436523,
        "f1-score": 0.41870350690754515,
        "support": 449.0
    },
    "ambulance": {
        "precision": 0.8601532567049809,
        "recall": 1.0,
        "f1-score": 0.9248197734294542,
        "support": 449.0
    },
    "car_horn": {
        "precision": 0.9109311740890689,
        "recall": 0.6696428571428571,
        "f1-score": 0.7718696397941681,
        "support": 336.0
    },
    "children_playing": {
        "precision": 0.7771535580524345,
        "recall": 0.9242761692650334,
        "f1-score": 0.844354018311292,
        "support": 449.0
    },
    "dog_bark": {
        "precision": 0.9211136890951276,
        "recall": 0.8841870824053452,
        "f1-score": 0.9022727272727272,
        "support": 449.0
    },
    "drilling": {
        "precision": 0.9465648854961832,
        "recall": 0.8285077951002228,
        "f1-score": 0.8836104513064132,
        "support": 449.0
    },
    "engine_idling": {
        "precision": 0.43137254901960786,
        "recall": 0.6859688195991092,
        "f1-score": 0.529664660361135,
        "support": 449.0
    },
    "firetruck": {
        "precision": 0.9545454545454546,
        "recall": 0.9354120267260579,
        "f1-score": 0.9448818897637795,
        "support": 449.0
    },
    "gun_shot": {
        "precision": 0.9583333333333334,
        "recall": 1.0,
        "f1-score": 0.9787234042553191,
        "support": 552.0
    },
    "jackhammer": {
        "precision": 0.8802395209580839,
        "recall": 0.3273942093541203,
        "f1-score": 0.4772727272727273,
        "support": 449.0
    },
    "police": {
        "precision": 0.9718969555035128,
        "recall": 0.9242761692650334,
        "f1-score": 0.9474885844748858,
        "support": 449.0
    },
    "street_music": {
        "precision": 0.8008948545861297,
        "recall": 0.7973273942093542,
        "f1-score": 0.7991071428571429,
        "support": 449.0
    },
    "traffic": {
        "precision": 1.0,
        "recall": 0.9732739420935412,
        "f1-score": 0.9864559819413092,
        "support": 449.0
    },
    "accuracy": 0.8052170928436588,
    "macro avg": {
        "precision": 0.8318158258037658,
        "recall": 0.7991553268557724,
        "f1-score": 0.8007095775344537,
        "support": 5827.0
    },
    "weighted avg": {
        "precision": 0.8325179484945685,
        "recall": 0.8052170928436588,
        "f1-score": 0.8044154874566951,
        "support": 5827.0
    }
}