{
    "fold": 10,
    "best_epoch": 2,
    "train_loss": 0.016639562781824584,
    "val_loss": 0.5102880880123153,
    "test_loss": 0.7212303205695612,
    "train_accuracy": 99.5204713573026,
    "val_accuracy": 88.270412642669,
    "test_accuracy": 87.09564609197412,
    "classification_report": {
        "air_conditioner": {
            "precision": 0.9300699300699301,
            "recall": 0.888641425389755,
            "f1-score": 0.908883826879271,
            "support": 449.0
        },
        "ambulance": {
            "precision": 0.9471458773784355,
            "recall": 0.9977728285077951,
            "f1-score": 0.9718004338394793,
            "support": 449.0
        },
        "car_horn": {
            "precision": 0.9347826086956522,
            "recall": 0.5429292929292929,
            "f1-score": 0.6869009584664537,
            "support": 396.0
        },
        "children_playing": {
            "precision": 0.7044025157232704,
            "recall": 0.7483296213808464,
            "f1-score": 0.7257019438444925,
            "support": 449.0
        },
        "dog_bark": {
            "precision": 0.804932735426009,
            "recall": 0.799554565701559,
            "f1-score": 0.8022346368715084,
            "support": 449.0
        },
        "drilling": {
            "precision": 0.924812030075188,
            "recall": 0.821826280623608,
            "f1-score": 0.8702830188679245,
            "support": 449.0
        },
        "engine_idling": {
            "precision": 0.8608490566037735,
            "recall": 0.8129175946547884,
            "f1-score": 0.8361970217640321,
            "support": 449.0
        },
        "firetruck": {
            "precision": 0.9908675799086758,
            "recall": 0.9665924276169265,
            "f1-score": 0.9785794813979707,
            "support": 449.0
        },
        "gun_shot": {
            "precision": 1.0,
            "recall": 1.0,
            "f1-score": 1.0,
            "support": 384.0
        },
        "jackhammer": {
            "precision": 0.843956043956044,
            "recall": 0.8552338530066815,
            "f1-score": 0.8495575221238938,
            "support": 449.0
        },
        "police": {
            "precision": 1.0,
            "recall": 0.9755011135857461,
            "f1-score": 0.9875986471251409,
            "support": 449.0
        },
        "street_music": {
            "precision": 0.5967261904761905,
            "recall": 0.8930957683741648,
            "f1-score": 0.7154326494201606,
            "support": 449.0
        },
        "traffic": {
            "precision": 0.9889867841409692,
            "recall": 1.0,
            "f1-score": 0.9944629014396457,
            "support": 449.0
        },
        "accuracy": 0.8709564609197412,
        "macro avg": {
            "precision": 0.8867331809580107,
            "recall": 0.8694149824439357,
            "f1-score": 0.8713563878492286,
            "support": 5719.0
        },
        "weighted avg": {
            "precision": 0.8850005418763837,
            "recall": 0.8709564609197412,
            "f1-score": 0.8716036868468658,
            "support": 5719.0
        }
    },
    "paths": {
        "best_model": "output/efficientnet/fold_10/checkpoint_epoch_2.pth",
        "confusion_matrix": "output/efficientnet/fold_10/plots/confusion_matrix.png",
        "roc_curves": "output/efficientnet/fold_10/plots/roc_curves.png",
        "classification_report": "output/efficientnet/fold_10/classification_report.json",
        "grad_cam_dir": "output/efficientnet/fold_10/grad_cam"
    }
}