{
    "air_conditioner": {
        "precision": 0.5037783375314862,
        "recall": 0.44543429844098,
        "f1-score": 0.4728132387706856,
        "support": 449.0
    },
    "ambulance": {
        "precision": 0.8896247240618101,
        "recall": 0.8975501113585747,
        "f1-score": 0.893569844789357,
        "support": 449.0
    },
    "car_horn": {
        "precision": 0.8260869565217391,
        "recall": 0.42316258351893093,
        "f1-score": 0.5596465390279823,
        "support": 449.0
    },
    "children_playing": {
        "precision": 0.6371490280777538,
        "recall": 0.6570155902004454,
        "f1-score": 0.6469298245614035,
        "support": 449.0
    },
    "dog_bark": {
        "precision": 0.6468531468531469,
        "recall": 0.8240534521158129,
        "f1-score": 0.7247796278158668,
        "support": 449.0
    },
    "drilling": {
        "precision": 0.7570281124497992,
        "recall": 0.8396436525612472,
        "f1-score": 0.7961985216473073,
        "support": 449.0
    },
    "engine_idling": {
        "precision": 0.5662878787878788,
        "recall": 0.6659242761692651,
        "f1-score": 0.6120777891504606,
        "support": 449.0
    },
    "firetruck": {
        "precision": 0.7650375939849624,
        "recall": 0.9064587973273942,
        "f1-score": 0.8297655453618756,
        "support": 449.0
    },
    "gun_shot": {
        "precision": 0.9511111111111111,
        "recall": 0.9385964912280702,
        "f1-score": 0.9448123620309051,
        "support": 456.0
    },
    "jackhammer": {
        "precision": 0.5639412997903563,
        "recall": 0.5991091314031181,
        "f1-score": 0.5809935205183585,
        "support": 449.0
    },
    "police": {
        "precision": 0.9237875288683602,
        "recall": 0.89086859688196,
        "f1-score": 0.9070294784580499,
        "support": 449.0
    },
    "street_music": {
        "precision": 0.8363095238095238,
        "recall": 0.6258351893095768,
        "f1-score": 0.7159235668789808,
        "support": 449.0
    },
    "traffic": {
        "precision": 0.8589473684210527,
        "recall": 0.9086859688195991,
        "f1-score": 0.8831168831168831,
        "support": 449.0
    },
    "accuracy": 0.7404175222450377,
    "macro avg": {
        "precision": 0.7481494315591524,
        "recall": 0.7401798568719211,
        "f1-score": 0.7359735955483167,
        "support": 5844.0
    },
    "weighted avg": {
        "precision": 0.7483925410315795,
        "recall": 0.7404175222450377,
        "f1-score": 0.7362237446525908,
        "support": 5844.0
    }
}