{
    "fold": 1,
    "best_epoch": 0,
    "train_loss": 0.1768081216763746,
    "val_loss": 0.5701519480095474,
    "test_loss": 1.0748717013087186,
    "train_accuracy": 94.55050853301155,
    "val_accuracy": 89.31631404091624,
    "test_accuracy": 80.98773959592471,
    "classification_report": {
        "air_conditioner": {
            "precision": 0.8552631578947368,
            "recall": 0.1447661469933185,
            "f1-score": 0.24761904761904763,
            "support": 449.0
        },
        "ambulance": {
            "precision": 0.9630434782608696,
            "recall": 0.9866369710467706,
            "f1-score": 0.9746974697469747,
            "support": 449.0
        },
        "car_horn": {
            "precision": 0.9575892857142857,
            "recall": 0.9930555555555556,
            "f1-score": 0.975,
            "support": 432.0
        },
        "children_playing": {
            "precision": 0.7726396917148363,
            "recall": 0.8930957683741648,
            "f1-score": 0.8285123966942148,
            "support": 449.0
        },
        "dog_bark": {
            "precision": 0.6753670473083198,
            "recall": 0.9220489977728286,
            "f1-score": 0.7796610169491526,
            "support": 449.0
        },
        "drilling": {
            "precision": 0.6048109965635738,
            "recall": 0.7839643652561247,
            "f1-score": 0.6828322017458778,
            "support": 449.0
        },
        "engine_idling": {
            "precision": 0.42510699001426533,
            "recall": 0.6636971046770601,
            "f1-score": 0.5182608695652174,
            "support": 449.0
        },
        "firetruck": {
            "precision": 0.9578713968957872,
            "recall": 0.9621380846325167,
            "f1-score": 0.96,
            "support": 449.0
        },
        "gun_shot": {
            "precision": 0.9511627906976744,
            "recall": 0.9738095238095238,
            "f1-score": 0.9623529411764706,
            "support": 420.0
        },
        "jackhammer": {
            "precision": 0.9541984732824428,
            "recall": 0.27839643652561247,
            "f1-score": 0.43103448275862066,
            "support": 449.0
        },
        "police": {
            "precision": 1.0,
            "recall": 0.9977728285077951,
            "f1-score": 0.9988851727982163,
            "support": 449.0
        },
        "street_music": {
            "precision": 0.8898128898128899,
            "recall": 0.9532293986636972,
            "f1-score": 0.9204301075268817,
            "support": 449.0
        },
        "traffic": {
            "precision": 0.9889135254988913,
            "recall": 0.9933184855233853,
            "f1-score": 0.9911111111111112,
            "support": 449.0
        },
        "accuracy": 0.8098773959592471,
        "macro avg": {
            "precision": 0.8458292095121979,
            "recall": 0.8112253590260274,
            "f1-score": 0.7900305244378297,
            "support": 5791.0
        },
        "weighted avg": {
            "precision": 0.8449736413633783,
            "recall": 0.8098773959592471,
            "f1-score": 0.788624578803228,
            "support": 5791.0
        }
    },
    "paths": {
        "best_model": "output/efficientnet/fold_1/checkpoint_epoch_0.pth",
        "confusion_matrix": "output/efficientnet/fold_1/plots/confusion_matrix.png",
        "roc_curves": "output/efficientnet/fold_1/plots/roc_curves.png",
        "classification_report": "output/efficientnet/fold_1/classification_report.json",
        "grad_cam_dir": "output/efficientnet/fold_1/grad_cam"
    }
}