{
    "air_conditioner": {
        "precision": 0.4154228855721393,
        "recall": 0.37193763919821826,
        "f1-score": 0.39247943595769685,
        "support": 449.0
    },
    "ambulance": {
        "precision": 0.875,
        "recall": 0.9977728285077951,
        "f1-score": 0.9323621227887617,
        "support": 449.0
    },
    "car_horn": {
        "precision": 1.0,
        "recall": 0.9910714285714286,
        "f1-score": 0.9955156950672646,
        "support": 336.0
    },
    "children_playing": {
        "precision": 0.7509505703422054,
        "recall": 0.8797327394209354,
        "f1-score": 0.8102564102564103,
        "support": 449.0
    },
    "dog_bark": {
        "precision": 0.9235955056179775,
        "recall": 0.9153674832962138,
        "f1-score": 0.9194630872483222,
        "support": 449.0
    },
    "drilling": {
        "precision": 0.7823529411764706,
        "recall": 0.888641425389755,
        "f1-score": 0.8321167883211679,
        "support": 449.0
    },
    "engine_idling": {
        "precision": 0.6920415224913494,
        "recall": 0.89086859688196,
        "f1-score": 0.7789678675754625,
        "support": 449.0
    },
    "firetruck": {
        "precision": 0.997716894977169,
        "recall": 0.9732739420935412,
        "f1-score": 0.9853438556933484,
        "support": 449.0
    },
    "gun_shot": {
        "precision": 0.9967320261437909,
        "recall": 0.9967320261437909,
        "f1-score": 0.9967320261437909,
        "support": 612.0
    },
    "jackhammer": {
        "precision": 0.382089552238806,
        "recall": 0.28507795100222716,
        "f1-score": 0.32653061224489793,
        "support": 449.0
    },
    "police": {
        "precision": 1.0,
        "recall": 0.9220489977728286,
        "f1-score": 0.9594438006952491,
        "support": 449.0
    },
    "street_music": {
        "precision": 0.953416149068323,
        "recall": 0.6837416481069042,
        "f1-score": 0.7963683527885862,
        "support": 449.0
    },
    "traffic": {
        "precision": 0.9739130434782609,
        "recall": 0.9977728285077951,
        "f1-score": 0.9856985698569857,
        "support": 449.0
    },
    "accuracy": 0.831832852046883,
    "macro avg": {
        "precision": 0.8264023916235762,
        "recall": 0.830310733453338,
        "f1-score": 0.8239445095875342,
        "support": 5887.0
    },
    "weighted avg": {
        "precision": 0.8277863224338802,
        "recall": 0.831832852046883,
        "f1-score": 0.8254353914016092,
        "support": 5887.0
    }
}