{
    "fold": 8,
    "best_epoch": 4,
    "train_loss": 0.01127810851404257,
    "val_loss": 1.7767432030613528,
    "test_loss": 1.8902233808097626,
    "train_accuracy": 99.64633830759941,
    "val_accuracy": 78.24019024970274,
    "test_accuracy": 73.81162749602403,
    "classification_report": {
        "air_conditioner": {
            "precision": 0.1694915254237288,
            "recall": 0.022271714922048998,
            "f1-score": 0.03937007874015748,
            "support": 449.0
        },
        "ambulance": {
            "precision": 0.8954918032786885,
            "recall": 0.9732739420935412,
            "f1-score": 0.9327641408751334,
            "support": 449.0
        },
        "car_horn": {
            "precision": 0.9279778393351801,
            "recall": 0.9305555555555556,
            "f1-score": 0.9292649098474342,
            "support": 360.0
        },
        "children_playing": {
            "precision": 0.8746736292428199,
            "recall": 0.7461024498886414,
            "f1-score": 0.8052884615384616,
            "support": 449.0
        },
        "dog_bark": {
            "precision": 0.775,
            "recall": 0.8285077951002228,
            "f1-score": 0.8008611410118407,
            "support": 449.0
        },
        "drilling": {
            "precision": 0.5850340136054422,
            "recall": 0.7661469933184856,
            "f1-score": 0.6634522661523626,
            "support": 449.0
        },
        "engine_idling": {
            "precision": 0.3945371775417299,
            "recall": 0.579064587973274,
            "f1-score": 0.4693140794223827,
            "support": 449.0
        },
        "firetruck": {
            "precision": 0.8683651804670913,
            "recall": 0.910913140311804,
            "f1-score": 0.8891304347826087,
            "support": 449.0
        },
        "gun_shot": {
            "precision": 0.8181818181818182,
            "recall": 1.0,
            "f1-score": 0.9,
            "support": 360.0
        },
        "jackhammer": {
            "precision": 0.5364806866952789,
            "recall": 0.27839643652561247,
            "f1-score": 0.36656891495601174,
            "support": 449.0
        },
        "police": {
            "precision": 0.9471264367816092,
            "recall": 0.9175946547884187,
            "f1-score": 0.9321266968325792,
            "support": 449.0
        },
        "street_music": {
            "precision": 0.5445544554455446,
            "recall": 0.734966592427617,
            "f1-score": 0.6255924170616114,
            "support": 449.0
        },
        "traffic": {
            "precision": 0.9824561403508771,
            "recall": 0.9977728285077951,
            "f1-score": 0.9900552486187846,
            "support": 449.0
        },
        "accuracy": 0.7381162749602403,
        "macro avg": {
            "precision": 0.716874669719216,
            "recall": 0.7450435916471552,
            "f1-score": 0.7187529838337976,
            "support": 5659.0
        },
        "weighted avg": {
            "precision": 0.7119613425750222,
            "recall": 0.7381162749602403,
            "f1-score": 0.7125917281607095,
            "support": 5659.0
        }
    },
    "paths": {
        "best_model": "output/alexnet/fold_8/checkpoint_epoch_4.pth",
        "confusion_matrix": "output/alexnet/fold_8/plots/confusion_matrix.png",
        "roc_curves": "output/alexnet/fold_8/plots/roc_curves.png",
        "classification_report": "output/alexnet/fold_8/classification_report.json",
        "grad_cam_dir": "output/alexnet/fold_8/grad_cam"
    }
}