{
    "air_conditioner": {
        "precision": 0.7241379310344828,
        "recall": 0.7951002227171492,
        "f1-score": 0.7579617834394905,
        "support": 449.0
    },
    "ambulance": {
        "precision": 0.9691629955947136,
        "recall": 0.9799554565701559,
        "f1-score": 0.9745293466223699,
        "support": 449.0
    },
    "car_horn": {
        "precision": 0.8818565400843882,
        "recall": 0.9675925925925926,
        "f1-score": 0.9227373068432672,
        "support": 432.0
    },
    "children_playing": {
        "precision": 0.7436332767402377,
        "recall": 0.9755011135857461,
        "f1-score": 0.8439306358381503,
        "support": 449.0
    },
    "dog_bark": {
        "precision": 0.9655963302752294,
        "recall": 0.9376391982182628,
        "f1-score": 0.9514124293785311,
        "support": 449.0
    },
    "drilling": {
        "precision": 0.6584158415841584,
        "recall": 0.5924276169265034,
        "f1-score": 0.6236811254396248,
        "support": 449.0
    },
    "engine_idling": {
        "precision": 0.6162528216704289,
        "recall": 0.6080178173719376,
        "f1-score": 0.6121076233183856,
        "support": 449.0
    },
    "firetruck": {
        "precision": 0.967816091954023,
        "recall": 0.9376391982182628,
        "f1-score": 0.9524886877828054,
        "support": 449.0
    },
    "gun_shot": {
        "precision": 0.9553990610328639,
        "recall": 0.969047619047619,
        "f1-score": 0.9621749408983451,
        "support": 420.0
    },
    "jackhammer": {
        "precision": 0.8712121212121212,
        "recall": 0.7683741648106904,
        "f1-score": 0.8165680473372781,
        "support": 449.0
    },
    "police": {
        "precision": 0.917864476386037,
        "recall": 0.9955456570155902,
        "f1-score": 0.9551282051282052,
        "support": 449.0
    },
    "street_music": {
        "precision": 0.9017543859649123,
        "recall": 0.5723830734966593,
        "f1-score": 0.7002724795640327,
        "support": 449.0
    },
    "traffic": {
        "precision": 0.9573560767590619,
        "recall": 1.0,
        "f1-score": 0.9782135076252724,
        "support": 449.0
    },
    "accuracy": 0.8528751510965291,
    "macro avg": {
        "precision": 0.8561890730994351,
        "recall": 0.8537864408131669,
        "f1-score": 0.850092778401212,
        "support": 5791.0
    },
    "weighted avg": {
        "precision": 0.8556169030789184,
        "recall": 0.8528751510965291,
        "f1-score": 0.8493182421042115,
        "support": 5791.0
    }
}