{
    "air_conditioner": {
        "precision": 0.43462897526501765,
        "recall": 0.2739420935412027,
        "f1-score": 0.3360655737704918,
        "support": 449.0
    },
    "ambulance": {
        "precision": 0.9977477477477478,
        "recall": 0.9866369710467706,
        "f1-score": 0.9921612541993281,
        "support": 449.0
    },
    "car_horn": {
        "precision": 0.9561752988047809,
        "recall": 0.534521158129176,
        "f1-score": 0.6857142857142857,
        "support": 449.0
    },
    "children_playing": {
        "precision": 0.4973190348525469,
        "recall": 0.8262806236080178,
        "f1-score": 0.6209205020920502,
        "support": 449.0
    },
    "dog_bark": {
        "precision": 0.728744939271255,
        "recall": 0.8017817371937639,
        "f1-score": 0.7635206786850477,
        "support": 449.0
    },
    "drilling": {
        "precision": 0.36237373737373735,
        "recall": 0.6391982182628062,
        "f1-score": 0.46253021756647866,
        "support": 449.0
    },
    "engine_idling": {
        "precision": 0.569937369519833,
        "recall": 0.6080178173719376,
        "f1-score": 0.5883620689655172,
        "support": 449.0
    },
    "firetruck": {
        "precision": 0.9509594882729211,
        "recall": 0.9933184855233853,
        "f1-score": 0.971677559912854,
        "support": 449.0
    },
    "gun_shot": {
        "precision": 0.9925,
        "recall": 0.9189814814814815,
        "f1-score": 0.9543269230769231,
        "support": 432.0
    },
    "jackhammer": {
        "precision": 0.6509433962264151,
        "recall": 0.15367483296213807,
        "f1-score": 0.24864864864864866,
        "support": 449.0
    },
    "police": {
        "precision": 0.9824561403508771,
        "recall": 0.9977728285077951,
        "f1-score": 0.9900552486187846,
        "support": 449.0
    },
    "street_music": {
        "precision": 0.5951327433628318,
        "recall": 0.5991091314031181,
        "f1-score": 0.5971143174250833,
        "support": 449.0
    },
    "traffic": {
        "precision": 1.0,
        "recall": 0.9977728285077951,
        "f1-score": 0.9988851727982163,
        "support": 449.0
    },
    "accuracy": 0.7171821305841924,
    "macro avg": {
        "precision": 0.7476091439267664,
        "recall": 0.7177698621184145,
        "f1-score": 0.7084601885749008,
        "support": 5820.0
    },
    "weighted avg": {
        "precision": 0.7468938269932192,
        "recall": 0.7171821305841924,
        "f1-score": 0.707742021137352,
        "support": 5820.0
    }
}